signs,sentence
bonjour,Bonjour !
bonjour,Bonne journée !
au revoir,Au revoir !
au revoir,À bientôt !
au revoir bientot,"Au revoir, à bientôt !"
au revoir merci,"Au revoir, merci !"
au revoir ami,"Au revoir, mon ami !"
au revoir ami bientot,"Au revoir mon ami, à bientôt !"
merci,Merci !
merci,Merci beaucoup !
merci bien,Merci beaucoup !
merci aide,Merci pour l'aide !
merci ami,"Merci, mon ami."
oui merci,"Oui, merci !"
non merci,Non merci.
bonjour ami,"Bonjour, mon ami !"
bonjour comment tu,"Bonjour, comment vas-tu ?"
bonjour comment tu aujourd hui,"Bonjour, comment vas-tu aujourd'hui ?"
bonjour moi bien,"Bonjour, je vais bien."
bonjour tu bien,"Bonjour, tu vas bien ?"
bonjour nous bien,"Bonjour, nous allons bien."
bonjour moi vouloir aide,"Bonjour, j'ai besoin d'aide."
comment tu,Comment vas-tu ?
comment tu aujourd hui,Comment vas-tu aujourd'hui ?
bientot,À bientôt !
moi bien,Je vais bien.
moi bien,Je suis bien.
moi non bien,Je ne vais pas bien.
moi bon,Je suis en forme.
tu bien,Tu vas bien ?
tu non bien,Tu ne vas pas bien ?
nous bien,Nous allons bien.
nous non bien,Nous n'allons pas bien.
aujourd hui moi bien,"Aujourd'hui, je vais bien."
aujourd hui tu bien,Tu vas bien aujourd'hui ?
aujourd hui nous bien,"Aujourd'hui, nous allons bien."
moi bien merci,"Je vais bien, merci."
nous bien merci,"Nous allons bien, merci."
oui,Oui.
oui,"Oui, bien sûr."
non,Non.
non,"Non, pas du tout."
oui moi comprendre,"Oui, je comprends."
non moi non comprendre,"Non, je ne comprends pas."
oui moi vouloir,"Oui, je veux bien."
non moi non vouloir,"Non, je ne veux pas."
oui moi aller,"Oui, je pars."
non moi non aller,"Non, je ne pars pas."
oui moi bien,"Oui, je vais bien."
non moi non bien,"Non, je ne vais pas bien."
oui moi aimer,"Oui, j'aime."
non moi non aimer,"Non, je n'aime pas."
oui moi manger,"Oui, je mange."
non moi non manger,"Non, je ne mange pas."
oui tu vouloir,Tu veux bien ?
non tu non vouloir,"Non, tu ne veux pas."
oui bientot,"Oui, à bientôt !"
moi manger,Je mange.
moi manger,Je suis en train de manger.
tu manger,Tu manges ?
nous manger,Nous mangeons.
moi non manger,Je ne mange pas.
tu non manger,Tu ne manges pas ?
nous non manger,Nous ne mangeons pas.
moi manger aujourd hui,Je mange aujourd'hui.
aujourd hui moi manger,"Aujourd'hui, je mange."
moi manger bientot,Je vais manger bientôt.
moi manger ici,Je mange ici.
nous manger ici,Nous mangeons ici.
moi manger bien,Je mange bien.
nous manger bien,Nous mangeons bien.
moi vouloir manger,Je veux manger.
moi vouloir manger,Je voudrais manger.
tu vouloir manger,Tu veux manger ?
nous vouloir manger,Nous voulons manger.
moi non vouloir manger,Je ne veux pas manger.
tu non vouloir manger,Tu ne veux pas manger ?
moi vouloir manger bientot,Je veux manger bientôt.
moi vouloir manger ici,Je veux manger ici.
moi aimer manger,J'aime manger.
tu aimer manger,Tu aimes manger ?
nous aimer manger,Nous aimons manger.
moi manger avec ami,Je mange avec mon ami.
tu manger avec nous,Tu manges avec nous ?
nous manger avec ami,Nous mangeons avec notre ami.
moi vouloir manger avec ami,Je veux manger avec mon ami.
tu vouloir manger avec nous,Tu veux manger avec nous ?
aujourd hui moi manger avec ami,"Aujourd'hui, je mange avec mon ami."
moi manger avec ami bientot,Je mange bientôt avec mon ami.
oui moi vouloir manger,"Oui, je veux manger."
non moi non vouloir manger,"Non, je ne veux pas manger."
moi boire,Je bois.
tu boire,Tu bois ?
nous boire,Nous buvons.
moi non boire,Je ne bois pas.
tu non boire,Tu ne bois pas ?
nous non boire,Nous ne buvons pas.
moi boire aujourd hui,Je bois aujourd'hui.
aujourd hui moi boire,"Aujourd'hui, je bois."
moi boire bientot,Je vais boire bientôt.
moi boire ici,Je bois ici.
moi boire bien,Je bois bien.
moi vouloir boire,Je veux boire.
tu vouloir boire,Tu veux boire ?
nous vouloir boire,Nous voulons boire.
moi non vouloir boire,Je ne veux pas boire.
moi aimer boire,J'aime boire.
moi boire avec ami,Je bois avec mon ami.
nous boire avec ami,Nous buvons avec notre ami.
moi vouloir boire avec ami,Je veux boire avec mon ami.
moi manger boire,Je mange et je bois.
nous manger boire,Nous mangeons et buvons.
moi manger boire bien,Je mange et je bois bien.
oui moi vouloir boire,"Oui, je veux boire."
non moi non vouloir boire,"Non, je ne veux pas boire."
moi aller,Je pars.
moi aller,Je m'en vais.
tu aller,Tu pars ?
nous aller,Nous partons.
moi non aller,Je ne pars pas.
tu non aller,Tu ne pars pas ?
moi aller ici,Je viens ici.
tu aller ici,Tu viens ici ?
nous aller ici,Nous venons ici.
moi aller bientot,Je pars bientôt.
nous aller bientot,Nous partons bientôt.
moi aller aujourd hui,Je pars aujourd'hui.
aujourd hui moi aller,"Aujourd'hui, je pars."
moi vouloir aller,Je veux partir.
tu vouloir aller,Tu veux partir ?
nous vouloir aller,Nous voulons partir.
moi non vouloir aller,Je ne veux pas partir.
moi vouloir aller ici,Je veux venir ici.
moi vouloir aller bientot,Je veux partir bientôt.
moi aller avec ami,Je pars avec mon ami.
tu aller avec nous,Tu viens avec nous ?
nous aller avec ami,Nous partons avec notre ami.
moi vouloir aller avec ami,Je veux partir avec mon ami.
tu vouloir aller avec nous,Tu veux venir avec nous ?
moi vouloir aller avec tu,Je veux aller avec toi.
aujourd hui moi aller avec ami,"Aujourd'hui, je pars avec mon ami."
moi aller avec ami bientot,Je pars avec mon ami bientôt.
oui moi aller,"Oui, je pars."
non moi non aller,"Non, je ne pars pas."
moi aimer,J'aime.
tu aimer,Tu aimes ?
nous aimer,Nous aimons.
moi non aimer,Je n'aime pas.
tu non aimer,Tu n'aimes pas ?
moi aimer ami,J'aime mon ami.
tu aimer ami,Tu aimes ton ami ?
nous aimer ami,Nous aimons nos amis.
moi non aimer ami,Je n'aime pas mon ami.
moi aimer amour,J'aime l'amour.
moi aimer bebe,J'aime les bébés.
tu aimer bebe,Tu aimes les bébés ?
nous aimer bebe,Nous aimons les bébés.
moi aimer chat,J'aime les chats.
moi aimer chat,J'aime mon chat.
tu aimer chat,Tu aimes les chats ?
nous aimer chat,Nous aimons les chats.
moi non aimer chat,Je n'aime pas les chats.
moi aimer aide,J'apprécie l'aide.
moi aimer aller,J'aime partir.
moi aimer aller ici,J'aime venir ici.
moi aimer apprendre,J'aime apprendre.
moi aimer comprendre,J'aime comprendre.
moi aimer changer,J'aime changer.
tu aimer apprendre,Tu aimes apprendre ?
nous aimer apprendre,Nous aimons apprendre.
moi aimer manger avec ami,J'aime manger avec mon ami.
moi aimer boire avec ami,J'aime boire avec mon ami.
moi aimer aller avec ami,J'aime partir avec mon ami.
aujourd hui moi aimer ami,"Aujourd'hui, j'aime mon ami."
moi aimer ami bien,J'aime vraiment mon ami.
moi aimer bebe bien,J'aime vraiment les bébés.
moi aimer chat bien,J'aime beaucoup les chats.
oui moi aimer ami,"Oui, j'aime mon ami."
non moi non aimer chat,"Non, je n'aime pas les chats."
moi vouloir,Je veux.
tu vouloir,Tu veux ?
nous vouloir,Nous voulons.
moi non vouloir,Je ne veux pas.
tu non vouloir,Tu ne veux pas ?
nous non vouloir,Nous ne voulons pas.
moi vouloir aide,Je veux de l'aide.
moi vouloir aide,J'ai besoin d'aide.
tu vouloir aide,Tu veux de l'aide ?
nous vouloir aide,Nous voulons de l'aide.
moi non vouloir aide,Je ne veux pas d'aide.
moi vouloir ami,Je veux un ami.
moi vouloir amour,Je veux de l'amour.
tu vouloir amour,Tu veux de l'amour ?
moi vouloir bebe,Je veux un bébé.
moi vouloir chat,Je veux un chat.
tu vouloir chat,Tu veux un chat ?
nous vouloir chat,Nous voulons un chat.
oui moi vouloir aide,"Oui, je veux de l'aide."
non moi non vouloir aide,"Non, je ne veux pas d'aide."
moi vouloir aide aujourd hui,Je veux de l'aide aujourd'hui.
aujourd hui moi vouloir aide,"Aujourd'hui, j'ai besoin d'aide."
moi vouloir aide bientot,Je vais avoir besoin d'aide bientôt.
moi vouloir aide ici,Je veux de l'aide ici.
moi vouloir chat bientot,Je veux un chat bientôt.
moi vouloir ami bientot,Je veux un ami bientôt.
moi comprendre,Je comprends.
tu comprendre,Tu comprends ?
nous comprendre,Nous comprenons.
moi non comprendre,Je ne comprends pas.
tu non comprendre,Tu ne comprends pas ?
nous non comprendre,Nous ne comprenons pas.
moi comprendre bien,Je comprends bien.
tu comprendre bien,Tu comprends bien ?
moi non comprendre bien,Je ne comprends pas bien.
moi comprendre aujourd hui,Je comprends aujourd'hui.
aujourd hui moi comprendre,"Aujourd'hui, je comprends."
moi comprendre bientot,Je vais comprendre bientôt.
moi vouloir comprendre,Je veux comprendre.
tu vouloir comprendre,Tu veux comprendre ?
nous vouloir comprendre,Nous voulons comprendre.
moi non vouloir comprendre,Je ne veux pas comprendre.
moi aimer comprendre,J'aime comprendre.
moi comprendre avec ami,Je comprends avec l'aide de mon ami.
moi non comprendre aide,"Je ne comprends pas, j'ai besoin d'aide."
moi non comprendre aide,"Je ne comprends pas, aide-moi."
tu aide moi comprendre,Tu m'aides à comprendre ?
oui moi comprendre,"Oui, je comprends."
oui moi comprendre maintenant,"Oui, je comprends maintenant."
non moi non comprendre,"Non, je ne comprends pas."
aujourd hui moi comprendre bien,"Aujourd'hui, je comprends bien."
moi apprendre comprendre,J'apprends à comprendre.
moi apprendre,J'apprends.
tu apprendre,Tu apprends ?
nous apprendre,Nous apprenons.
moi non apprendre,Je n'apprends pas.
tu non apprendre,Tu n'apprends pas ?
moi apprendre aujourd hui,J'apprends aujourd'hui.
aujourd hui moi apprendre,"Aujourd'hui, j'apprends."
moi apprendre bientot,Je vais apprendre bientôt.
moi apprendre ici,J'apprends ici.
moi apprendre bien,J'apprends bien.
tu apprendre bien,Tu apprends bien ?
nous apprendre bien,Nous apprenons bien.
moi vouloir apprendre,Je veux apprendre.
tu vouloir apprendre,Tu veux apprendre ?
nous vouloir apprendre,Nous voulons apprendre.
moi non vouloir apprendre,Je ne veux pas apprendre.
moi aimer apprendre,J'aime apprendre.
tu aimer apprendre,Tu aimes apprendre ?
nous aimer apprendre,Nous aimons apprendre.
moi apprendre avec ami,J'apprends avec mon ami.
tu apprendre avec nous,Tu apprends avec nous ?
nous apprendre avec ami,Nous apprenons avec notre ami.
moi apprendre avec tu,J'apprends avec toi.
moi vouloir apprendre avec ami,Je veux apprendre avec mon ami.
moi vouloir apprendre avec tu,Je veux apprendre avec toi.
aujourd hui moi apprendre avec ami,"Aujourd'hui, j'apprends avec mon ami."
moi apprendre avec ami bientot,Je vais apprendre avec mon ami bientôt.
moi apprendre ici avec ami,J'apprends ici avec mon ami.
oui moi apprendre,"Oui, j'apprends."
non moi non apprendre,"Non, je n'apprends pas."
moi attendre,J'attends.
tu attendre,Tu attends ?
nous attendre,Nous attendons.
moi non attendre,Je n'attends pas.
moi attendre ami,J'attends mon ami.
tu attendre ami,Tu attends ton ami ?
nous attendre ami,Nous attendons notre ami.
moi attendre tu,Je t'attends.
tu attendre moi,Tu m'attends ?
moi attendre ici,J'attends ici.
tu attendre ici,Tu attends ici ?
nous attendre ici,Nous attendons ici.
moi attendre ami ici,J'attends mon ami ici.
moi attendre bientot,J'attends bientôt.
moi attendre ami bientot,J'attends mon ami bientôt.
nous attendre ami ici,Nous attendons notre ami ici.
moi vouloir attendre,Je veux attendre.
moi non vouloir attendre,Je ne veux pas attendre.
moi attendre aujourd hui,J'attends aujourd'hui.
aujourd hui moi attendre ami,"Aujourd'hui, j'attends mon ami."
oui moi attendre,"Oui, j'attends."
non moi non attendre,"Non, je n'attends pas."
moi donner,Je donne.
tu donner,Tu donnes ?
nous donner,Nous donnons.
moi non donner,Je ne donne pas.
moi donner aide,Je donne de l'aide.
tu donner aide,Tu donnes de l'aide ?
nous donner aide,Nous donnons de l'aide.
moi donner amour,Je donne de l'amour.
tu donner amour,Tu donnes de l'amour ?
nous donner amour,Nous donnons de l'amour.
moi donner aide ami,Je donne de l'aide à mon ami.
tu donner aide moi,Tu me donnes de l'aide ?
moi donner amour ami,Je donne de l'amour à mon ami.
nous donner aide ami,Nous donnons de l'aide à notre ami.
moi donner aide bebe,Je donne de l'aide au bébé.
moi vouloir donner aide,Je veux donner de l'aide.
tu vouloir donner aide,Tu veux donner de l'aide ?
moi vouloir donner aide ami,Je veux donner de l'aide à mon ami.
moi donner aide aujourd hui,"Aujourd'hui, je donne de l'aide."
aujourd hui moi donner aide ami,"Aujourd'hui, je donne de l'aide à mon ami."
oui moi donner aide,"Oui, je donne de l'aide."
non moi non donner aide,"Non, je ne donne pas d'aide."
moi changer,Je change.
tu changer,Tu changes ?
nous changer,Nous changeons.
moi non changer,Je ne change pas.
tu non changer,Tu ne changes pas ?
moi changer aujourd hui,Je change aujourd'hui.
aujourd hui moi changer,"Aujourd'hui, je change."
moi changer bientot,Je vais changer bientôt.
nous changer bientot,Nous allons changer bientôt.
moi vouloir changer,Je veux changer.
tu vouloir changer,Tu veux changer ?
nous vouloir changer,Nous voulons changer.
moi non vouloir changer,Je ne veux pas changer.
moi aimer changer,J'aime changer.
moi changer bien,Je change en bien.
oui moi changer,"Oui, je change."
non moi non changer,"Non, je ne change pas."
ami,Mon ami.
ami ici,Mon ami est ici.
ami bien,Mon ami va bien.
ami non bien,Mon ami ne va pas bien.
ami aller,Mon ami part.
ami aller bientot,Mon ami part bientôt.
ami aller ici,Mon ami vient ici.
ami manger,Mon ami mange.
ami manger ici,Mon ami mange ici.
ami boire,Mon ami boit.
ami comprendre,Mon ami comprend.
ami non comprendre,Mon ami ne comprend pas.
ami apprendre,Mon ami apprend.
ami apprendre ici,Mon ami apprend ici.
ami vouloir aide,Mon ami veut de l'aide.
ami vouloir manger,Mon ami veut manger.
ami vouloir boire,Mon ami veut boire.
ami vouloir aller,Mon ami veut partir.
ami non vouloir aller,Mon ami ne veut pas partir.
ami attendre moi,Mon ami m'attend.
ami attendre ici,Mon ami attend ici.
ami aimer moi,Mon ami m'aime.
ami aimer chat,Mon ami aime les chats.
ami aimer bebe,Mon ami aime les bébés.
ami non ici,Mon ami n'est pas là.
ami bientot,Mon ami arrive bientôt.
ami aujourd hui ici,Mon ami est ici aujourd'hui.
oui ami ici,"Oui, mon ami est ici."
non ami non ici,"Non, mon ami n'est pas là."
moi ami,J'ai un ami.
moi ami bien,"Mon ami et moi, nous allons bien."
nous ami,Nous sommes amis.
tu ami,Tu es mon ami.
bebe,C'est un bébé.
bebe bien,Le bébé va bien.
bebe non bien,Le bébé ne va pas bien.
bebe manger,Le bébé mange.
bebe non manger,Le bébé ne mange pas.
bebe boire,Le bébé boit.
bebe aller,Le bébé part.
bebe ici,Le bébé est ici.
bebe bientot,Le bébé arrive bientôt.
moi aimer bebe,J'aime les bébés.
tu aimer bebe,Tu aimes les bébés ?
nous aimer bebe,Nous aimons les bébés.
moi vouloir bebe,Je veux un bébé.
chat,C'est un chat.
chat ici,Le chat est ici.
chat bien,Le chat va bien.
chat manger,Le chat mange.
chat boire,Le chat boit.
chat aller,Le chat part.
moi aimer chat,J'aime les chats.
moi aimer chat,J'aime mon chat.
tu aimer chat,Tu aimes les chats ?
nous aimer chat,Nous aimons les chats.
moi non aimer chat,Je n'aime pas les chats.
moi vouloir chat,Je veux un chat.
tu vouloir chat,Tu veux un chat ?
amour,C'est l'amour.
moi amour,J'aime.
moi aimer amour,J'aime l'amour.
nous amour,Nous nous aimons.
moi donner amour,Je donne mon amour.
moi donner amour ami,Je donne mon amour à mon ami.
moi vouloir amour,Je veux de l'amour.
tu vouloir amour,Tu veux de l'amour ?
moi ici,Je suis ici.
moi ici,Me voici.
tu ici,Tu es ici ?
nous ici,Nous sommes ici.
moi non ici,Je ne suis pas là.
ami ici,Mon ami est ici.
chat ici,Le chat est ici.
bebe ici,Le bébé est ici.
moi attendre ici,J'attends ici.
moi manger ici,Je mange ici.
moi boire ici,Je bois ici.
moi apprendre ici,J'apprends ici.
nous apprendre ici,Nous apprenons ici.
moi vouloir manger ici,Je veux manger ici.
moi vouloir aller ici,Je veux venir ici.
aujourd hui moi ici,"Aujourd'hui, je suis ici."
bien,Très bien.
bien,C'est bien.
bon,C'est bon.
bon,Très bien.
moi bien,Je vais bien.
tu bien,Tu vas bien ?
nous bien,Nous allons bien.
moi comprendre bien,Je comprends bien.
moi apprendre bien,J'apprends bien.
moi manger bien,Je mange bien.
moi boire bien,Je bois bien.
moi aller bien,Je vais bien.
ami bien,Mon ami va bien.
bebe bien,Le bébé va bien.
chat bien,Le chat va bien.
aujourd hui bien,"Aujourd'hui, tout va bien."
moi vouloir bien manger,Je veux bien manger.
moi comprendre bien merci,"Je comprends bien, merci."
nous bien merci,"Nous allons bien, merci."
moi aller avec tu,Je vais avec toi.
moi aller avec ami,Je pars avec mon ami.
tu aller avec moi,Tu viens avec moi ?
nous aller avec ami,Nous partons avec notre ami.
moi manger avec tu,Je mange avec toi.
moi manger avec ami,Je mange avec mon ami.
tu manger avec nous,Tu manges avec nous ?
moi boire avec ami,Je bois avec mon ami.
moi apprendre avec ami,J'apprends avec mon ami.
moi apprendre avec tu,J'apprends avec toi.
moi vouloir aller avec ami,Je veux partir avec mon ami.
moi vouloir aller avec tu,Je veux aller avec toi.
tu vouloir aller avec nous,Tu veux venir avec nous ?
moi vouloir manger avec tu,Je veux manger avec toi.
moi vouloir apprendre avec ami,Je veux apprendre avec mon ami.
nous apprendre avec ami,Nous apprenons avec notre ami.
aujourd hui,Aujourd'hui.
aujourd hui moi aller,"Aujourd'hui, je pars."
aujourd hui moi apprendre,"Aujourd'hui, j'apprends."
aujourd hui moi changer,"Aujourd'hui, je change."
aujourd hui moi comprendre,"Aujourd'hui, je comprends."
aujourd hui moi donner aide ami,"Aujourd'hui, je donne de l'aide à mon ami."
aujourd hui moi attendre ami,"Aujourd'hui, j'attends mon ami."
aujourd hui moi vouloir boire,"Aujourd'hui, je veux boire."
aujourd hui tu aller,Tu pars aujourd'hui ?
aujourd hui tu apprendre,Tu apprends aujourd'hui ?
aujourd hui nous aller,"Aujourd'hui, nous partons."
aujourd hui nous apprendre,"Aujourd'hui, nous apprenons."
aujourd hui bebe bien,"Aujourd'hui, le bébé va bien."
aujourd hui moi non bien,"Aujourd'hui, je ne vais pas bien."
moi aller bientot,Je pars bientôt.
moi manger bientot,Je mange bientôt.
moi comprendre bientot,Je vais comprendre bientôt.
moi apprendre bientot,Je vais apprendre bientôt.
moi vouloir aller bientot,Je veux partir bientôt.
ami aller bientot,Mon ami part bientôt.
nous apprendre bientot,Nous allons apprendre bientôt.
moi attendre bientot,J'attends bientôt.
au revoir moi aller bientot,"Au revoir, je pars bientôt."
nous aller bientot,Nous partons bientôt.
moi changer bientot,Je vais changer bientôt.
moi vouloir apprendre avec ami aujourd hui,"Aujourd'hui, je veux apprendre avec mon ami."
tu vouloir manger avec moi aujourd hui,Tu veux manger avec moi aujourd'hui ?
nous aller ici avec ami bientot,Nous venons ici avec notre ami bientôt.
moi non comprendre vouloir aide,"Je ne comprends pas, j'ai besoin d'aide."
aujourd hui moi apprendre bien,"Aujourd'hui, j'apprends bien."
moi aimer aller avec ami,J'aime partir avec mon ami.
tu vouloir aller avec moi bientot,Tu veux venir avec moi bientôt ?
moi vouloir donner aide ami,Je veux donner de l'aide à mon ami.
nous vouloir manger ici aujourd hui,"Aujourd'hui, nous voulons manger ici."
moi non comprendre aide moi,"Je ne comprends pas, aide-moi."
aujourd hui moi manger boire avec ami,"Aujourd'hui, je mange et bois avec mon ami."
moi apprendre comprendre bientot,Je vais bientôt apprendre à comprendre.
tu aller avec ami aujourd hui,Tu pars avec ton ami aujourd'hui ?
moi vouloir aller ici avec tu,Je veux venir ici avec toi.
nous apprendre ici aujourd hui bien,"Aujourd'hui, nous apprenons bien ici."
bonjour comment tu aujourd hui bien,"Bonjour, tu vas bien aujourd'hui ?"
moi attendre ami ici bientot,"J'attends mon ami ici, à bientôt."
tu vouloir apprendre avec nous,Tu veux apprendre avec nous ?
moi donner aide ami aujourd hui,"Aujourd'hui, je donne de l'aide à mon ami."
nous non comprendre aide nous,"Nous ne comprenons pas, aide-nous."
moi aimer boire avec ami bien,"J'aime boire avec mon ami, c'est bien."
moi changer aujourd hui bien,"Je change aujourd'hui, c'est bien."
tu aimer aller ici avec nous,Tu aimes venir ici avec nous ?
moi vouloir changer bientot,Je veux changer bientôt.
aujourd hui moi donner aide ami,"Aujourd'hui, j'aide mon ami."
moi aimer apprendre ici avec ami,J'aime apprendre ici avec mon ami.
nous vouloir aller avec ami aujourd hui,"Aujourd'hui, nous voulons partir avec notre ami."
moi attendre tu ici bientot,"Je t'attends ici, à bientôt."
moi non vouloir aller bientot,Je ne veux pas partir tout de suite.
bonjour moi vouloir aide,"Bonjour, j'ai besoin d'aide."
moi donner amour ami bien,Je donne beaucoup d'amour à mon ami.
nous apprendre ici avec amour,Nous apprenons ici avec amour.
moi vouloir manger ici avec ami bientot,Je veux manger ici avec mon ami bientôt.
tu non vouloir aller avec nous,Tu ne veux pas partir avec nous ?
moi comprendre avec aide ami bien,Je comprends bien grâce à l'aide de mon ami.
aujourd hui moi non bien aide moi,"Aujourd'hui, je ne vais pas bien, aide-moi."
nous manger ici avec ami bien,Nous mangeons bien ici avec notre ami.
moi vouloir aller avec ami bientot,Je veux partir avec mon ami bientôt.
tu aller avec moi ici,Tu viens avec moi ici ?
nous aimer apprendre ensemble,Nous aimons apprendre ensemble.
bonjour ami comment tu aujourd hui,"Bonjour mon ami, comment vas-tu aujourd'hui ?"
moi bien apprendre avec ami aujourd hui,"Aujourd'hui, j'apprends bien avec mon ami."
au revoir ami bientot,"Au revoir mon ami, à bientôt !"
oui moi vouloir aller avec tu bientot,"Oui, je veux bien venir avec toi bientôt."
moi aimer bebe chat bien,J'aime beaucoup les bébés et les chats.
tu comprendre moi bien,Tu me comprends bien ?
nous donner amour ami bientot,Nous allons bientôt donner de l'amour à notre ami.
moi non comprendre aimer,Je ne comprends pas l'amour.
tu aimer apprendre avec nous,Tu aimes apprendre avec nous ?
nous vouloir apprendre avec ami aujourd hui,"Aujourd'hui, nous voulons apprendre avec notre ami."
tu aller avec moi,Tu viens avec moi ?
tu manger avec moi,Tu manges avec moi ?
tu apprendre avec moi,Tu apprends avec moi ?
tu boire avec moi,Tu bois avec moi ?
tu vouloir aller avec moi,Tu veux venir avec moi ?
tu vouloir manger avec moi,Tu veux manger avec moi ?
tu vouloir apprendre avec moi,Tu veux apprendre avec moi ?
moi aller avec tu bientot,Je vais avec toi bientôt.
moi manger avec tu aujourd hui,"Aujourd'hui, je mange avec toi."
moi apprendre avec tu bientot,Je vais apprendre avec toi bientôt.
moi vouloir aller avec tu aujourd hui,"Aujourd'hui, je veux aller avec toi."
aide,Aide-moi !
aide,J'ai besoin d'aide.
moi vouloir aide,Je veux de l'aide.
moi vouloir aide bientot,J'aurai besoin d'aide bientôt.
tu aide moi,Tu peux m'aider ?
moi aide tu,Je t'aide.
nous aide ami,Nous aidons notre ami.
moi non comprendre aide,"Je ne comprends pas, aide-moi."
tu aide nous,Tu nous aides ?
moi donner aide tu,Je te donne de l'aide.
tu vouloir aide moi,Tu veux m'aider ?
moi aide bientot,Je vais t'aider bientôt.
bonjour moi vouloir aide,"Bonjour, j'ai besoin d'aide."
oui moi vouloir aide,"Oui, j'ai besoin d'aide."
merci aide,Merci pour l'aide !
merci moi comprendre,"Merci, je comprends maintenant."
comment tu,Comment vas-tu ?
comment tu bien,Tu vas bien ?
comment tu aujourd hui,Comment vas-tu aujourd'hui ?
comment nous aller,Comment allons-nous ?
comment tu apprendre,Comment apprends-tu ?
comment tu comprendre,Comment comprends-tu ?
comment moi aller,Comment je fais pour partir ?
bonjour comment tu,"Bonjour, comment vas-tu ?"
bonjour comment tu aujourd hui,"Bonjour, comment vas-tu aujourd'hui ?"
bonjour ami comment tu,"Bonjour mon ami, comment vas-tu ?"
moi bien merci,"Je vais bien, merci."
moi non bien aide,"Je ne vais pas bien, j'ai besoin d'aide."
moi comprendre merci,"Je comprends, merci."
moi non comprendre encore,Je ne comprends pas encore.
moi attendre,J'attends.
moi ici attendre tu,Je suis ici et je t'attends.
moi vouloir aller bientot,Je veux partir bientôt.
nous aller ici aujourd hui,"Aujourd'hui, nous venons ici."
moi aimer ici,J'aime être ici.
moi aimer avec tu,J'aime être avec toi.
moi aimer avec ami,J'aime être avec mon ami.
moi aimer aujourd hui,J'aime aujourd'hui.
nous aimer manger ici,Nous aimons manger ici.
tu aimer manger ici,Tu aimes manger ici ?
merci,Merci !
merci bien,Merci beaucoup !
merci aide,Merci pour l'aide !
merci ami,"Merci, mon ami."
merci moi comprendre,"Merci, je comprends."
merci nous apprendre,"Merci, nous apprenons."
merci tu aide,Merci de m'avoir aidé.
oui merci,"Oui, merci !"
non merci,Non merci.
merci aujourd hui,Merci pour aujourd'hui.
merci bientot,"Merci, à bientôt."
bonjour merci,"Bonjour, merci !"
au revoir merci,"Au revoir, merci !"
moi aimer,J'aime.
tu aimer,Tu aimes ?
nous aimer,Nous aimons.
moi aller,Je vais.
tu aller,Tu vas ?
nous aller,Nous allons.
moi apprendre,J'apprends.
tu apprendre,Tu apprends ?
nous apprendre,Nous apprenons.
moi attendre,J'attends.
tu attendre,Tu attends ?
nous attendre,Nous attendons.
moi boire,Je bois.
tu boire,Tu bois ?
nous boire,Nous buvons.
moi changer,Je change.
tu changer,Tu changes ?
nous changer,Nous changeons.
moi comprendre,Je comprends.
tu comprendre,Tu comprends ?
nous comprendre,Nous comprenons.
moi donner,Je donne.
tu donner,Tu donnes ?
nous donner,Nous donnons.
moi manger,Je mange.
tu manger,Tu manges ?
nous manger,Nous mangeons.
moi vouloir,Je veux.
tu vouloir,Tu veux ?
nous vouloir,Nous voulons.
moi non aimer,Je n'aime pas.
tu non aimer,Tu ne aimes pas.
nous non aimer,Nous n'aimons pas.
moi non aller,Je ne vais pas.
tu non aller,Tu ne vas pas.
nous non aller,Nous n'allons pas.
moi non apprendre,Je n'apprends pas.
tu non apprendre,Tu ne apprends pas.
nous non apprendre,Nous n'apprenons pas.
moi non attendre,Je n'attends pas.
tu non attendre,Tu ne attends pas.
nous non attendre,Nous n'attendons pas.
moi non boire,Je ne bois pas.
tu non boire,Tu ne bois pas.
nous non boire,Nous ne buvons pas.
moi non changer,Je ne change pas.
tu non changer,Tu ne changes pas.
nous non changer,Nous ne changeons pas.
moi non comprendre,Je ne comprends pas.
tu non comprendre,Tu ne comprends pas.
nous non comprendre,Nous ne comprenons pas.
moi non donner,Je ne donne pas.
tu non donner,Tu ne donnes pas.
nous non donner,Nous ne donnons pas.
moi non manger,Je ne mange pas.
tu non manger,Tu ne manges pas.
nous non manger,Nous ne mangeons pas.
moi non vouloir,Je ne veux pas.
tu non vouloir,Tu ne veux pas.
nous non vouloir,Nous ne voulons pas.
oui moi aimer,"Oui, j'aime."
non moi non aimer,"Non, je n'aime pas."
oui tu aimer,"Oui, tu aimes."
non tu non aimer,"Non, tu n aimes pas."
oui moi aller,"Oui, je vais."
non moi non aller,"Non, je ne vais pas."
oui tu aller,"Oui, tu vas."
non tu non aller,"Non, tu ne vas pas."
oui moi apprendre,"Oui, j'apprends."
non moi non apprendre,"Non, je n'apprends pas."
oui tu apprendre,"Oui, tu apprends."
non tu non apprendre,"Non, tu n apprends pas."
oui moi attendre,"Oui, j'attends."
non moi non attendre,"Non, je n'attends pas."
oui tu attendre,"Oui, tu attends."
non tu non attendre,"Non, tu n attends pas."
oui moi boire,"Oui, je bois."
non moi non boire,"Non, je ne bois pas."
oui tu boire,"Oui, tu bois."
non tu non boire,"Non, tu ne bois pas."
oui moi changer,"Oui, je change."
non moi non changer,"Non, je ne change pas."
oui tu changer,"Oui, tu changes."
non tu non changer,"Non, tu ne changes pas."
oui moi comprendre,"Oui, je comprends."
non moi non comprendre,"Non, je ne comprends pas."
oui tu comprendre,"Oui, tu comprends."
non tu non comprendre,"Non, tu ne comprends pas."
oui moi donner,"Oui, je donne."
non moi non donner,"Non, je ne donne pas."
oui tu donner,"Oui, tu donnes."
non tu non donner,"Non, tu ne donnes pas."
oui moi manger,"Oui, je mange."
non moi non manger,"Non, je ne mange pas."
oui tu manger,"Oui, tu manges."
non tu non manger,"Non, tu ne manges pas."
oui moi vouloir,"Oui, je veux."
non moi non vouloir,"Non, je ne veux pas."
oui tu vouloir,"Oui, tu veux."
non tu non vouloir,"Non, tu ne veux pas."
aujourd hui moi aimer,"Aujourd'hui, j'aime."
aujourd hui tu aimer,"Aujourd'hui, tu aimes ?"
aujourd hui nous aimer,"Aujourd'hui, nous aimons."
moi aimer aujourd hui,J'aime aujourd'hui.
nous aimer aujourd hui,Nous aimons aujourd'hui.
aujourd hui moi aller,"Aujourd'hui, je vais."
aujourd hui tu aller,"Aujourd'hui, tu vas ?"
aujourd hui nous aller,"Aujourd'hui, nous allons."
moi aller aujourd hui,Je vais aujourd'hui.
nous aller aujourd hui,Nous allons aujourd'hui.
aujourd hui moi apprendre,"Aujourd'hui, j'apprends."
aujourd hui tu apprendre,"Aujourd'hui, tu apprends ?"
aujourd hui nous apprendre,"Aujourd'hui, nous apprenons."
moi apprendre aujourd hui,J'apprends aujourd'hui.
nous apprendre aujourd hui,Nous apprenons aujourd'hui.
aujourd hui moi attendre,"Aujourd'hui, j'attends."
aujourd hui tu attendre,"Aujourd'hui, tu attends ?"
aujourd hui nous attendre,"Aujourd'hui, nous attendons."
moi attendre aujourd hui,J'attends aujourd'hui.
nous attendre aujourd hui,Nous attendons aujourd'hui.
aujourd hui moi boire,"Aujourd'hui, je bois."
aujourd hui tu boire,"Aujourd'hui, tu bois ?"
aujourd hui nous boire,"Aujourd'hui, nous buvons."
moi boire aujourd hui,Je bois aujourd'hui.
nous boire aujourd hui,Nous buvons aujourd'hui.
aujourd hui moi changer,"Aujourd'hui, je change."
aujourd hui tu changer,"Aujourd'hui, tu changes ?"
aujourd hui nous changer,"Aujourd'hui, nous changeons."
moi changer aujourd hui,Je change aujourd'hui.
nous changer aujourd hui,Nous changeons aujourd'hui.
aujourd hui moi comprendre,"Aujourd'hui, je comprends."
aujourd hui tu comprendre,"Aujourd'hui, tu comprends ?"
aujourd hui nous comprendre,"Aujourd'hui, nous comprenons."
moi comprendre aujourd hui,Je comprends aujourd'hui.
nous comprendre aujourd hui,Nous comprenons aujourd'hui.
aujourd hui moi donner,"Aujourd'hui, je donne."
aujourd hui tu donner,"Aujourd'hui, tu donnes ?"
aujourd hui nous donner,"Aujourd'hui, nous donnons."
moi donner aujourd hui,Je donne aujourd'hui.
nous donner aujourd hui,Nous donnons aujourd'hui.
aujourd hui moi manger,"Aujourd'hui, je mange."
aujourd hui tu manger,"Aujourd'hui, tu manges ?"
aujourd hui nous manger,"Aujourd'hui, nous mangeons."
moi manger aujourd hui,Je mange aujourd'hui.
nous manger aujourd hui,Nous mangeons aujourd'hui.
aujourd hui moi vouloir,"Aujourd'hui, je veux."
aujourd hui tu vouloir,"Aujourd'hui, tu veux ?"
aujourd hui nous vouloir,"Aujourd'hui, nous voulons."
moi vouloir aujourd hui,Je veux aujourd'hui.
nous vouloir aujourd hui,Nous voulons aujourd'hui.
moi aimer bientot,J'aime bientôt.
nous aimer bientot,Nous aimons bientôt.
bientot moi aimer,"Bientôt, j'aime."
moi aller bientot,Je vais bientôt.
nous aller bientot,Nous allons bientôt.
bientot moi aller,"Bientôt, je vais."
moi apprendre bientot,J'apprends bientôt.
nous apprendre bientot,Nous apprenons bientôt.
bientot moi apprendre,"Bientôt, j'apprends."
moi attendre bientot,J'attends bientôt.
nous attendre bientot,Nous attendons bientôt.
bientot moi attendre,"Bientôt, j'attends."
moi boire bientot,Je bois bientôt.
nous boire bientot,Nous buvons bientôt.
bientot moi boire,"Bientôt, je bois."
moi changer bientot,Je change bientôt.
nous changer bientot,Nous changeons bientôt.
bientot moi changer,"Bientôt, je change."
moi comprendre bientot,Je comprends bientôt.
nous comprendre bientot,Nous comprenons bientôt.
bientot moi comprendre,"Bientôt, je comprends."
moi donner bientot,Je donne bientôt.
nous donner bientot,Nous donnons bientôt.
bientot moi donner,"Bientôt, je donne."
moi manger bientot,Je mange bientôt.
nous manger bientot,Nous mangeons bientôt.
bientot moi manger,"Bientôt, je mange."
moi vouloir bientot,Je veux bientôt.
nous vouloir bientot,Nous voulons bientôt.
bientot moi vouloir,"Bientôt, je veux."
moi aimer bien,J'aime bien.
nous aimer bien,Nous aimons bien.
moi aller bien,Je vais bien.
nous aller bien,Nous allons bien.
moi apprendre bien,J'apprends bien.
nous apprendre bien,Nous apprenons bien.
moi attendre bien,J'attends bien.
nous attendre bien,Nous attendons bien.
moi boire bien,Je bois bien.
nous boire bien,Nous buvons bien.
moi changer bien,Je change bien.
nous changer bien,Nous changeons bien.
moi comprendre bien,Je comprends bien.
nous comprendre bien,Nous comprenons bien.
moi donner bien,Je donne bien.
nous donner bien,Nous donnons bien.
moi manger bien,Je mange bien.
nous manger bien,Nous mangeons bien.
moi vouloir bien,Je veux bien.
nous vouloir bien,Nous voulons bien.
moi vouloir aimer,Je veux aimer.
tu vouloir aimer,Tu veux aimer ?
nous vouloir aimer,Nous voulons aimer.
moi non vouloir aimer,Je ne veux pas aimer.
tu non vouloir aimer,Tu ne veux pas aimer ?
oui moi vouloir aimer,"Oui, je veux aimer."
non moi non vouloir aimer,"Non, je ne veux pas aimer."
aujourd hui moi vouloir aimer,"Aujourd'hui, je veux aimer."
moi vouloir aimer bientot,Je veux aimer bientôt.
moi vouloir aimer ici,Je veux aimer ici.
moi vouloir aller,Je veux aller.
tu vouloir aller,Tu veux aller ?
nous vouloir aller,Nous voulons aller.
moi non vouloir aller,Je ne veux pas aller.
tu non vouloir aller,Tu ne veux pas aller ?
oui moi vouloir aller,"Oui, je veux aller."
non moi non vouloir aller,"Non, je ne veux pas aller."
aujourd hui moi vouloir aller,"Aujourd'hui, je veux aller."
moi vouloir aller bientot,Je veux aller bientôt.
moi vouloir aller ici,Je veux aller ici.
moi vouloir apprendre,Je veux apprendre.
tu vouloir apprendre,Tu veux apprendre ?
nous vouloir apprendre,Nous voulons apprendre.
moi non vouloir apprendre,Je ne veux pas apprendre.
tu non vouloir apprendre,Tu ne veux pas apprendre ?
oui moi vouloir apprendre,"Oui, je veux apprendre."
non moi non vouloir apprendre,"Non, je ne veux pas apprendre."
aujourd hui moi vouloir apprendre,"Aujourd'hui, je veux apprendre."
moi vouloir apprendre bientot,Je veux apprendre bientôt.
moi vouloir apprendre ici,Je veux apprendre ici.
moi vouloir attendre,Je veux attendre.
tu vouloir attendre,Tu veux attendre ?
nous vouloir attendre,Nous voulons attendre.
moi non vouloir attendre,Je ne veux pas attendre.
tu non vouloir attendre,Tu ne veux pas attendre ?
oui moi vouloir attendre,"Oui, je veux attendre."
non moi non vouloir attendre,"Non, je ne veux pas attendre."
aujourd hui moi vouloir attendre,"Aujourd'hui, je veux attendre."
moi vouloir attendre bientot,Je veux attendre bientôt.
moi vouloir attendre ici,Je veux attendre ici.
moi vouloir boire,Je veux boire.
tu vouloir boire,Tu veux boire ?
nous vouloir boire,Nous voulons boire.
moi non vouloir boire,Je ne veux pas boire.
tu non vouloir boire,Tu ne veux pas boire ?
oui moi vouloir boire,"Oui, je veux boire."
non moi non vouloir boire,"Non, je ne veux pas boire."
aujourd hui moi vouloir boire,"Aujourd'hui, je veux boire."
moi vouloir boire bientot,Je veux boire bientôt.
moi vouloir boire ici,Je veux boire ici.
moi vouloir changer,Je veux changer.
tu vouloir changer,Tu veux changer ?
nous vouloir changer,Nous voulons changer.
moi non vouloir changer,Je ne veux pas changer.
tu non vouloir changer,Tu ne veux pas changer ?
oui moi vouloir changer,"Oui, je veux changer."
non moi non vouloir changer,"Non, je ne veux pas changer."
aujourd hui moi vouloir changer,"Aujourd'hui, je veux changer."
moi vouloir changer bientot,Je veux changer bientôt.
moi vouloir changer ici,Je veux changer ici.
moi vouloir comprendre,Je veux comprendre.
tu vouloir comprendre,Tu veux comprendre ?
nous vouloir comprendre,Nous voulons comprendre.
moi non vouloir comprendre,Je ne veux pas comprendre.
tu non vouloir comprendre,Tu ne veux pas comprendre ?
oui moi vouloir comprendre,"Oui, je veux comprendre."
non moi non vouloir comprendre,"Non, je ne veux pas comprendre."
aujourd hui moi vouloir comprendre,"Aujourd'hui, je veux comprendre."
moi vouloir comprendre bientot,Je veux comprendre bientôt.
moi vouloir comprendre ici,Je veux comprendre ici.
moi vouloir donner,Je veux donner.
tu vouloir donner,Tu veux donner ?
nous vouloir donner,Nous voulons donner.
moi non vouloir donner,Je ne veux pas donner.
tu non vouloir donner,Tu ne veux pas donner ?
oui moi vouloir donner,"Oui, je veux donner."
non moi non vouloir donner,"Non, je ne veux pas donner."
aujourd hui moi vouloir donner,"Aujourd'hui, je veux donner."
moi vouloir donner bientot,Je veux donner bientôt.
moi vouloir donner ici,Je veux donner ici.
moi vouloir manger,Je veux manger.
tu vouloir manger,Tu veux manger ?
nous vouloir manger,Nous voulons manger.
moi non vouloir manger,Je ne veux pas manger.
tu non vouloir manger,Tu ne veux pas manger ?
oui moi vouloir manger,"Oui, je veux manger."
non moi non vouloir manger,"Non, je ne veux pas manger."
aujourd hui moi vouloir manger,"Aujourd'hui, je veux manger."
moi vouloir manger bientot,Je veux manger bientôt.
moi vouloir manger ici,Je veux manger ici.
moi aimer aller,J'aime aller.
tu aimer aller,Tu aimes aller ?
nous aimer aller,Nous aimons aller.
moi aimer aller bientot,J'aime aller bientôt.
aujourd hui moi aimer aller,"Aujourd'hui, j'aime aller."
moi aimer apprendre,J'aime apprendre.
tu aimer apprendre,Tu aimes apprendre ?
nous aimer apprendre,Nous aimons apprendre.
moi aimer apprendre bientot,J'aime apprendre bientôt.
aujourd hui moi aimer apprendre,"Aujourd'hui, j'aime apprendre."
moi aimer attendre,J'aime attendre.
tu aimer attendre,Tu aimes attendre ?
nous aimer attendre,Nous aimons attendre.
moi aimer attendre bientot,J'aime attendre bientôt.
aujourd hui moi aimer attendre,"Aujourd'hui, j'aime attendre."
moi aimer boire,J'aime boire.
tu aimer boire,Tu aimes boire ?
nous aimer boire,Nous aimons boire.
moi aimer boire bientot,J'aime boire bientôt.
aujourd hui moi aimer boire,"Aujourd'hui, j'aime boire."
moi aimer changer,J'aime changer.
tu aimer changer,Tu aimes changer ?
nous aimer changer,Nous aimons changer.
moi aimer changer bientot,J'aime changer bientôt.
aujourd hui moi aimer changer,"Aujourd'hui, j'aime changer."
moi aimer comprendre,J'aime comprendre.
tu aimer comprendre,Tu aimes comprendre ?
nous aimer comprendre,Nous aimons comprendre.
moi aimer comprendre bientot,J'aime comprendre bientôt.
aujourd hui moi aimer comprendre,"Aujourd'hui, j'aime comprendre."
moi aimer donner,J'aime donner.
tu aimer donner,Tu aimes donner ?
nous aimer donner,Nous aimons donner.
moi aimer donner bientot,J'aime donner bientôt.
aujourd hui moi aimer donner,"Aujourd'hui, j'aime donner."
moi aimer manger,J'aime manger.
tu aimer manger,Tu aimes manger ?
nous aimer manger,Nous aimons manger.
moi aimer manger bientot,J'aime manger bientôt.
aujourd hui moi aimer manger,"Aujourd'hui, j'aime manger."
moi aimer vouloir,J'aime vouloir.
tu aimer vouloir,Tu aimes vouloir ?
nous aimer vouloir,Nous aimons vouloir.
moi aimer vouloir bientot,J'aime vouloir bientôt.
aujourd hui moi aimer vouloir,"Aujourd'hui, j'aime vouloir."
moi aimer avec ami,J'aime avec mon ami.
moi aimer avec tu,J'aime avec toi.
tu aimer avec nous,Tu aimes avec nous ?
nous aimer avec ami,Nous aimons avec notre ami.
moi vouloir aimer avec ami,Je veux aimer avec mon ami.
moi vouloir aimer avec tu,Je veux aimer avec toi.
aujourd hui moi aimer avec ami,"Aujourd'hui, j'aime avec mon ami."
moi aller avec ami,Je vais avec mon ami.
moi aller avec tu,Je vais avec toi.
tu aller avec nous,Tu vas avec nous ?
nous aller avec ami,Nous allons avec notre ami.
moi vouloir aller avec ami,Je veux aller avec mon ami.
moi vouloir aller avec tu,Je veux aller avec toi.
aujourd hui moi aller avec ami,"Aujourd'hui, je vais avec mon ami."
moi apprendre avec ami,J'apprends avec mon ami.
moi apprendre avec tu,J'apprends avec toi.
tu apprendre avec nous,Tu apprends avec nous ?
nous apprendre avec ami,Nous apprenons avec notre ami.
moi vouloir apprendre avec ami,Je veux apprendre avec mon ami.
moi vouloir apprendre avec tu,Je veux apprendre avec toi.
aujourd hui moi apprendre avec ami,"Aujourd'hui, j'apprends avec mon ami."
moi attendre avec ami,J'attends avec mon ami.
moi attendre avec tu,J'attends avec toi.
tu attendre avec nous,Tu attends avec nous ?
nous attendre avec ami,Nous attendons avec notre ami.
moi vouloir attendre avec ami,Je veux attendre avec mon ami.
moi vouloir attendre avec tu,Je veux attendre avec toi.
aujourd hui moi attendre avec ami,"Aujourd'hui, j'attends avec mon ami."
moi boire avec ami,Je bois avec mon ami.
moi boire avec tu,Je bois avec toi.
tu boire avec nous,Tu bois avec nous ?
nous boire avec ami,Nous buvons avec notre ami.
moi vouloir boire avec ami,Je veux boire avec mon ami.
moi vouloir boire avec tu,Je veux boire avec toi.
aujourd hui moi boire avec ami,"Aujourd'hui, je bois avec mon ami."
moi changer avec ami,Je change avec mon ami.
moi changer avec tu,Je change avec toi.
tu changer avec nous,Tu changes avec nous ?
nous changer avec ami,Nous changeons avec notre ami.
moi vouloir changer avec ami,Je veux changer avec mon ami.
moi vouloir changer avec tu,Je veux changer avec toi.
aujourd hui moi changer avec ami,"Aujourd'hui, je change avec mon ami."
moi comprendre avec ami,Je comprends avec mon ami.
moi comprendre avec tu,Je comprends avec toi.
tu comprendre avec nous,Tu comprends avec nous ?
nous comprendre avec ami,Nous comprenons avec notre ami.
moi vouloir comprendre avec ami,Je veux comprendre avec mon ami.
moi vouloir comprendre avec tu,Je veux comprendre avec toi.
aujourd hui moi comprendre avec ami,"Aujourd'hui, je comprends avec mon ami."
moi donner avec ami,Je donne avec mon ami.
moi donner avec tu,Je donne avec toi.
tu donner avec nous,Tu donnes avec nous ?
nous donner avec ami,Nous donnons avec notre ami.
moi vouloir donner avec ami,Je veux donner avec mon ami.
moi vouloir donner avec tu,Je veux donner avec toi.
aujourd hui moi donner avec ami,"Aujourd'hui, je donne avec mon ami."
moi manger avec ami,Je mange avec mon ami.
moi manger avec tu,Je mange avec toi.
tu manger avec nous,Tu manges avec nous ?
nous manger avec ami,Nous mangeons avec notre ami.
moi vouloir manger avec ami,Je veux manger avec mon ami.
moi vouloir manger avec tu,Je veux manger avec toi.
aujourd hui moi manger avec ami,"Aujourd'hui, je mange avec mon ami."
moi vouloir avec ami,Je veux avec mon ami.
moi vouloir avec tu,Je veux avec toi.
tu vouloir avec nous,Tu veux avec nous ?
nous vouloir avec ami,Nous voulons avec notre ami.
moi vouloir vouloir avec ami,Je veux vouloir avec mon ami.
moi vouloir vouloir avec tu,Je veux vouloir avec toi.
aujourd hui moi vouloir avec ami,"Aujourd'hui, je veux avec mon ami."
moi aimer ici,J'aime ici.
nous aimer ici,Nous aimons ici.
ici moi aimer,"Ici, j'aime."
moi aller ici,Je vais ici.
nous aller ici,Nous allons ici.
ici moi aller,"Ici, je vais."
moi apprendre ici,J'apprends ici.
nous apprendre ici,Nous apprenons ici.
ici moi apprendre,"Ici, j'apprends."
moi attendre ici,J'attends ici.
nous attendre ici,Nous attendons ici.
ici moi attendre,"Ici, j'attends."
moi boire ici,Je bois ici.
nous boire ici,Nous buvons ici.
ici moi boire,"Ici, je bois."
moi changer ici,Je change ici.
nous changer ici,Nous changeons ici.
ici moi changer,"Ici, je change."
moi comprendre ici,Je comprends ici.
nous comprendre ici,Nous comprenons ici.
ici moi comprendre,"Ici, je comprends."
moi donner ici,Je donne ici.
nous donner ici,Nous donnons ici.
ici moi donner,"Ici, je donne."
moi manger ici,Je mange ici.
nous manger ici,Nous mangeons ici.
ici moi manger,"Ici, je mange."
moi vouloir ici,Je veux ici.
nous vouloir ici,Nous voulons ici.
ici moi vouloir,"Ici, je veux."
bonjour moi aimer,Bonjour ! J'aime.
bonjour tu aimer,Bonjour ! Tu aimes ?
bonjour moi aller,Bonjour ! Je vais.
bonjour tu aller,Bonjour ! Tu vas ?
bonjour moi apprendre,Bonjour ! J'apprends.
bonjour tu apprendre,Bonjour ! Tu apprends ?
bonjour moi attendre,Bonjour ! J'attends.
bonjour tu attendre,Bonjour ! Tu attends ?
bonjour moi boire,Bonjour ! Je bois.
bonjour tu boire,Bonjour ! Tu bois ?
bonjour moi changer,Bonjour ! Je change.
bonjour tu changer,Bonjour ! Tu changes ?
bonjour moi comprendre,Bonjour ! Je comprends.
bonjour tu comprendre,Bonjour ! Tu comprends ?
bonjour moi donner,Bonjour ! Je donne.
bonjour tu donner,Bonjour ! Tu donnes ?
bonjour moi manger,Bonjour ! Je mange.
bonjour tu manger,Bonjour ! Tu manges ?
bonjour moi vouloir,Bonjour ! Je veux.
bonjour tu vouloir,Bonjour ! Tu veux ?
au revoir moi aimer,Au revoir ! J'aime.
au revoir tu aimer,Au revoir ! Tu aimes ?
au revoir moi aimer bientot,Au revoir ! J'aime bientôt.
au revoir moi aller,Au revoir ! Je vais.
au revoir tu aller,Au revoir ! Tu vas ?
au revoir moi aller bientot,Au revoir ! Je vais bientôt.
au revoir moi apprendre,Au revoir ! J'apprends.
au revoir tu apprendre,Au revoir ! Tu apprends ?
au revoir moi apprendre bientot,Au revoir ! J'apprends bientôt.
au revoir moi attendre,Au revoir ! J'attends.
au revoir tu attendre,Au revoir ! Tu attends ?
au revoir moi attendre bientot,Au revoir ! J'attends bientôt.
au revoir moi boire,Au revoir ! Je bois.
au revoir tu boire,Au revoir ! Tu bois ?
au revoir moi boire bientot,Au revoir ! Je bois bientôt.
au revoir moi changer,Au revoir ! Je change.
au revoir tu changer,Au revoir ! Tu changes ?
au revoir moi changer bientot,Au revoir ! Je change bientôt.
au revoir moi comprendre,Au revoir ! Je comprends.
au revoir tu comprendre,Au revoir ! Tu comprends ?
au revoir moi comprendre bientot,Au revoir ! Je comprends bientôt.
au revoir moi donner,Au revoir ! Je donne.
au revoir tu donner,Au revoir ! Tu donnes ?
au revoir moi donner bientot,Au revoir ! Je donne bientôt.
au revoir moi manger,Au revoir ! Je mange.
au revoir tu manger,Au revoir ! Tu manges ?
au revoir moi manger bientot,Au revoir ! Je mange bientôt.
au revoir moi vouloir,Au revoir ! Je veux.
au revoir tu vouloir,Au revoir ! Tu veux ?
au revoir moi vouloir bientot,Au revoir ! Je veux bientôt.
merci moi aimer,"Merci, j'aime."
merci tu aimer,"Merci, tu aimes."
merci nous aimer,"Merci, nous aimons."
merci moi aller,"Merci, je vais."
merci tu aller,"Merci, tu vas."
merci nous aller,"Merci, nous allons."
merci moi apprendre,"Merci, j'apprends."
merci tu apprendre,"Merci, tu apprends."
merci nous apprendre,"Merci, nous apprenons."
merci moi attendre,"Merci, j'attends."
merci tu attendre,"Merci, tu attends."
merci nous attendre,"Merci, nous attendons."
merci moi boire,"Merci, je bois."
merci tu boire,"Merci, tu bois."
merci nous boire,"Merci, nous buvons."
merci moi changer,"Merci, je change."
merci tu changer,"Merci, tu changes."
merci nous changer,"Merci, nous changeons."
merci moi comprendre,"Merci, je comprends."
merci tu comprendre,"Merci, tu comprends."
merci nous comprendre,"Merci, nous comprenons."
merci moi donner,"Merci, je donne."
merci tu donner,"Merci, tu donnes."
merci nous donner,"Merci, nous donnons."
merci moi manger,"Merci, je mange."
merci tu manger,"Merci, tu manges."
merci nous manger,"Merci, nous mangeons."
merci moi vouloir,"Merci, je veux."
merci tu vouloir,"Merci, tu veux."
merci nous vouloir,"Merci, nous voulons."
moi aimer ami,J'aime mon ami.
tu aimer ami,Tu aimes mon ami ?
nous aimer ami,Nous aimons mon ami.
moi non aimer ami,Je n'aime pas mon ami.
tu non aimer ami,Tu n'aimes pas mon ami ?
oui moi aimer ami,"Oui, j'aime mon ami."
non moi non aimer ami,"Non, je n'aime pas mon ami."
aujourd hui moi aimer ami,"Aujourd'hui, j'aime mon ami."
moi aimer ami aujourd hui,J'aime mon ami aujourd'hui.
moi aimer ami bientot,J'aime mon ami bientôt.
bientot moi aimer ami,"Bientôt, j'aime mon ami."
moi aimer ami ici,J'aime mon ami ici.
moi aimer ami bien,J'aime vraiment mon ami.
moi aimer ami avec ami,J'aime mon ami avec mon ami.
moi aimer ami avec tu,J'aime mon ami avec toi.
moi vouloir aimer ami,Je veux aimer mon ami.
tu vouloir aimer ami,Tu veux aimer mon ami ?
nous vouloir aimer ami,Nous voulons aimer mon ami.
moi non vouloir aimer ami,Je ne veux pas aimer mon ami.
aujourd hui moi vouloir aimer ami,"Aujourd'hui, je veux aimer mon ami."
moi vouloir aimer ami bientot,Je veux aimer mon ami bientôt.
moi vouloir aimer ami avec ami,Je veux aimer mon ami avec mon ami.
moi aimer aimer ami,J'aime aimer mon ami.
tu aimer aimer ami,Tu aimes aimer mon ami ?
bonjour moi aimer ami,Bonjour ! J'aime mon ami.
merci moi aimer ami,"Merci, j'aime mon ami."
au revoir moi aimer ami,Au revoir ! J'aime mon ami.
moi aimer amour,J'aime l'amour.
tu aimer amour,Tu aimes l'amour ?
nous aimer amour,Nous aimons l'amour.
moi non aimer amour,Je n'aime pas l'amour.
tu non aimer amour,Tu n'aimes pas l'amour ?
oui moi aimer amour,"Oui, j'aime l'amour."
non moi non aimer amour,"Non, je n'aime pas l'amour."
aujourd hui moi aimer amour,"Aujourd'hui, j'aime l'amour."
moi aimer amour aujourd hui,J'aime l'amour aujourd'hui.
moi aimer amour bientot,J'aime l'amour bientôt.
bientot moi aimer amour,"Bientôt, j'aime l'amour."
moi aimer amour ici,J'aime l'amour ici.
moi aimer amour bien,J'aime vraiment l'amour.
moi aimer amour avec ami,J'aime l'amour avec mon ami.
moi aimer amour avec tu,J'aime l'amour avec toi.
moi vouloir aimer amour,Je veux aimer l'amour.
tu vouloir aimer amour,Tu veux aimer l'amour ?
nous vouloir aimer amour,Nous voulons aimer l'amour.
moi non vouloir aimer amour,Je ne veux pas aimer l'amour.
aujourd hui moi vouloir aimer amour,"Aujourd'hui, je veux aimer l'amour."
moi vouloir aimer amour bientot,Je veux aimer l'amour bientôt.
moi vouloir aimer amour avec ami,Je veux aimer l'amour avec mon ami.
moi aimer aimer amour,J'aime aimer l'amour.
tu aimer aimer amour,Tu aimes aimer l'amour ?
bonjour moi aimer amour,Bonjour ! J'aime l'amour.
merci moi aimer amour,"Merci, j'aime l'amour."
au revoir moi aimer amour,Au revoir ! J'aime l'amour.
moi aimer bebe,J'aime les bébés.
tu aimer bebe,Tu aimes les bébés ?
nous aimer bebe,Nous aimons les bébés.
moi non aimer bebe,Je n'aime pas les bébés.
tu non aimer bebe,Tu n'aimes pas les bébés ?
oui moi aimer bebe,"Oui, j'aime les bébés."
non moi non aimer bebe,"Non, je n'aime pas les bébés."
aujourd hui moi aimer bebe,"Aujourd'hui, j'aime les bébés."
moi aimer bebe aujourd hui,J'aime les bébés aujourd'hui.
moi aimer bebe bientot,J'aime les bébés bientôt.
bientot moi aimer bebe,"Bientôt, j'aime les bébés."
moi aimer bebe ici,J'aime les bébés ici.
moi aimer bebe bien,J'aime vraiment les bébés.
moi aimer bebe avec ami,J'aime les bébés avec mon ami.
moi aimer bebe avec tu,J'aime les bébés avec toi.
moi vouloir aimer bebe,Je veux aimer les bébés.
tu vouloir aimer bebe,Tu veux aimer les bébés ?
nous vouloir aimer bebe,Nous voulons aimer les bébés.
moi non vouloir aimer bebe,Je ne veux pas aimer les bébés.
aujourd hui moi vouloir aimer bebe,"Aujourd'hui, je veux aimer les bébés."
moi vouloir aimer bebe bientot,Je veux aimer les bébés bientôt.
moi vouloir aimer bebe avec ami,Je veux aimer les bébés avec mon ami.
moi aimer aimer bebe,J'aime aimer les bébés.
tu aimer aimer bebe,Tu aimes aimer les bébés ?
bonjour moi aimer bebe,Bonjour ! J'aime les bébés.
merci moi aimer bebe,"Merci, j'aime les bébés."
au revoir moi aimer bebe,Au revoir ! J'aime les bébés.
moi aimer chat,J'aime les chats.
tu aimer chat,Tu aimes les chats ?
nous aimer chat,Nous aimons les chats.
moi non aimer chat,Je n'aime pas les chats.
tu non aimer chat,Tu n'aimes pas les chats ?
oui moi aimer chat,"Oui, j'aime les chats."
non moi non aimer chat,"Non, je n'aime pas les chats."
aujourd hui moi aimer chat,"Aujourd'hui, j'aime les chats."
moi aimer chat aujourd hui,J'aime les chats aujourd'hui.
moi aimer chat bientot,J'aime les chats bientôt.
bientot moi aimer chat,"Bientôt, j'aime les chats."
moi aimer chat ici,J'aime les chats ici.
moi aimer chat bien,J'aime vraiment les chats.
moi aimer chat avec ami,J'aime les chats avec mon ami.
moi aimer chat avec tu,J'aime les chats avec toi.
moi vouloir aimer chat,Je veux aimer les chats.
tu vouloir aimer chat,Tu veux aimer les chats ?
nous vouloir aimer chat,Nous voulons aimer les chats.
moi non vouloir aimer chat,Je ne veux pas aimer les chats.
aujourd hui moi vouloir aimer chat,"Aujourd'hui, je veux aimer les chats."
moi vouloir aimer chat bientot,Je veux aimer les chats bientôt.
moi vouloir aimer chat avec ami,Je veux aimer les chats avec mon ami.
moi aimer aimer chat,J'aime aimer les chats.
tu aimer aimer chat,Tu aimes aimer les chats ?
bonjour moi aimer chat,Bonjour ! J'aime les chats.
merci moi aimer chat,"Merci, j'aime les chats."
au revoir moi aimer chat,Au revoir ! J'aime les chats.
moi aimer aide,J'aime l'aide.
tu aimer aide,Tu aimes l'aide ?
nous aimer aide,Nous aimons l'aide.
moi non aimer aide,Je n'aime pas l'aide.
tu non aimer aide,Tu n'aimes pas l'aide ?
oui moi aimer aide,"Oui, j'aime l'aide."
non moi non aimer aide,"Non, je n'aime pas l'aide."
aujourd hui moi aimer aide,"Aujourd'hui, j'aime l'aide."
moi aimer aide aujourd hui,J'aime l'aide aujourd'hui.
moi aimer aide bientot,J'aime l'aide bientôt.
bientot moi aimer aide,"Bientôt, j'aime l'aide."
moi aimer aide ici,J'aime l'aide ici.
moi aimer aide bien,J'aime vraiment l'aide.
moi aimer aide avec ami,J'aime l'aide avec mon ami.
moi aimer aide avec tu,J'aime l'aide avec toi.
moi vouloir aimer aide,Je veux aimer l'aide.
tu vouloir aimer aide,Tu veux aimer l'aide ?
nous vouloir aimer aide,Nous voulons aimer l'aide.
moi non vouloir aimer aide,Je ne veux pas aimer l'aide.
aujourd hui moi vouloir aimer aide,"Aujourd'hui, je veux aimer l'aide."
moi vouloir aimer aide bientot,Je veux aimer l'aide bientôt.
moi vouloir aimer aide avec ami,Je veux aimer l'aide avec mon ami.
moi aimer aimer aide,J'aime aimer l'aide.
tu aimer aimer aide,Tu aimes aimer l'aide ?
bonjour moi aimer aide,Bonjour ! J'aime l'aide.
merci moi aimer aide,"Merci, j'aime l'aide."
au revoir moi aimer aide,Au revoir ! J'aime l'aide.
moi vouloir aide,Je veux de l'aide.
tu vouloir aide,Tu veux de l'aide ?
nous vouloir aide,Nous voulons de l'aide.
moi non vouloir aide,Je ne veux pas de l'aide.
tu non vouloir aide,Tu ne veux pas de l'aide ?
oui moi vouloir aide,"Oui, je veux de l'aide."
non moi non vouloir aide,"Non, je ne veux pas de l'aide."
aujourd hui moi vouloir aide,"Aujourd'hui, je veux de l'aide."
moi vouloir aide aujourd hui,Je veux de l'aide aujourd'hui.
moi vouloir aide bientot,Je veux de l'aide bientôt.
bientot moi vouloir aide,"Bientôt, je veux de l'aide."
moi vouloir aide ici,Je veux de l'aide ici.
moi vouloir aide bien,Je veux vraiment de l'aide.
moi vouloir aide avec ami,Je veux de l'aide avec mon ami.
moi vouloir aide avec tu,Je veux de l'aide avec toi.
moi vouloir vouloir aide,Je veux vouloir de l'aide.
tu vouloir vouloir aide,Tu veux vouloir de l'aide ?
nous vouloir vouloir aide,Nous voulons vouloir de l'aide.
moi non vouloir vouloir aide,Je ne veux pas vouloir de l'aide.
aujourd hui moi vouloir vouloir aide,"Aujourd'hui, je veux vouloir de l'aide."
moi vouloir vouloir aide bientot,Je veux vouloir de l'aide bientôt.
moi vouloir vouloir aide avec ami,Je veux vouloir de l'aide avec mon ami.
moi aimer vouloir aide,J'aime vouloir de l'aide.
tu aimer vouloir aide,Tu aimes vouloir de l'aide ?
bonjour moi vouloir aide,Bonjour ! Je veux de l'aide.
merci moi vouloir aide,"Merci, je veux de l'aide."
au revoir moi vouloir aide,Au revoir ! Je veux de l'aide.
moi vouloir ami,Je veux un ami.
tu vouloir ami,Tu veux un ami ?
nous vouloir ami,Nous voulons un ami.
moi non vouloir ami,Je ne veux pas un ami.
tu non vouloir ami,Tu ne veux pas un ami ?
oui moi vouloir ami,"Oui, je veux un ami."
non moi non vouloir ami,"Non, je ne veux pas un ami."
aujourd hui moi vouloir ami,"Aujourd'hui, je veux un ami."
moi vouloir ami aujourd hui,Je veux un ami aujourd'hui.
moi vouloir ami bientot,Je veux un ami bientôt.
bientot moi vouloir ami,"Bientôt, je veux un ami."
moi vouloir ami ici,Je veux un ami ici.
moi vouloir ami bien,Je veux vraiment un ami.
moi vouloir ami avec ami,Je veux un ami avec mon ami.
moi vouloir ami avec tu,Je veux un ami avec toi.
moi vouloir vouloir ami,Je veux vouloir un ami.
tu vouloir vouloir ami,Tu veux vouloir un ami ?
nous vouloir vouloir ami,Nous voulons vouloir un ami.
moi non vouloir vouloir ami,Je ne veux pas vouloir un ami.
aujourd hui moi vouloir vouloir ami,"Aujourd'hui, je veux vouloir un ami."
moi vouloir vouloir ami bientot,Je veux vouloir un ami bientôt.
moi vouloir vouloir ami avec ami,Je veux vouloir un ami avec mon ami.
moi aimer vouloir ami,J'aime vouloir un ami.
tu aimer vouloir ami,Tu aimes vouloir un ami ?
bonjour moi vouloir ami,Bonjour ! Je veux un ami.
merci moi vouloir ami,"Merci, je veux un ami."
au revoir moi vouloir ami,Au revoir ! Je veux un ami.
moi vouloir amour,Je veux de l'amour.
tu vouloir amour,Tu veux de l'amour ?
nous vouloir amour,Nous voulons de l'amour.
moi non vouloir amour,Je ne veux pas de l'amour.
tu non vouloir amour,Tu ne veux pas de l'amour ?
oui moi vouloir amour,"Oui, je veux de l'amour."
non moi non vouloir amour,"Non, je ne veux pas de l'amour."
aujourd hui moi vouloir amour,"Aujourd'hui, je veux de l'amour."
moi vouloir amour aujourd hui,Je veux de l'amour aujourd'hui.
moi vouloir amour bientot,Je veux de l'amour bientôt.
bientot moi vouloir amour,"Bientôt, je veux de l'amour."
moi vouloir amour ici,Je veux de l'amour ici.
moi vouloir amour bien,Je veux vraiment de l'amour.
moi vouloir amour avec ami,Je veux de l'amour avec mon ami.
moi vouloir amour avec tu,Je veux de l'amour avec toi.
moi vouloir vouloir amour,Je veux vouloir de l'amour.
tu vouloir vouloir amour,Tu veux vouloir de l'amour ?
nous vouloir vouloir amour,Nous voulons vouloir de l'amour.
moi non vouloir vouloir amour,Je ne veux pas vouloir de l'amour.
aujourd hui moi vouloir vouloir amour,"Aujourd'hui, je veux vouloir de l'amour."
moi vouloir vouloir amour bientot,Je veux vouloir de l'amour bientôt.
moi vouloir vouloir amour avec ami,Je veux vouloir de l'amour avec mon ami.
moi aimer vouloir amour,J'aime vouloir de l'amour.
tu aimer vouloir amour,Tu aimes vouloir de l'amour ?
bonjour moi vouloir amour,Bonjour ! Je veux de l'amour.
merci moi vouloir amour,"Merci, je veux de l'amour."
au revoir moi vouloir amour,Au revoir ! Je veux de l'amour.
moi vouloir bebe,Je veux un bébé.
tu vouloir bebe,Tu veux un bébé ?
nous vouloir bebe,Nous voulons un bébé.
moi non vouloir bebe,Je ne veux pas un bébé.
tu non vouloir bebe,Tu ne veux pas un bébé ?
oui moi vouloir bebe,"Oui, je veux un bébé."
non moi non vouloir bebe,"Non, je ne veux pas un bébé."
aujourd hui moi vouloir bebe,"Aujourd'hui, je veux un bébé."
moi vouloir bebe aujourd hui,Je veux un bébé aujourd'hui.
moi vouloir bebe bientot,Je veux un bébé bientôt.
bientot moi vouloir bebe,"Bientôt, je veux un bébé."
moi vouloir bebe ici,Je veux un bébé ici.
moi vouloir bebe bien,Je veux vraiment un bébé.
moi vouloir bebe avec ami,Je veux un bébé avec mon ami.
moi vouloir bebe avec tu,Je veux un bébé avec toi.
moi vouloir vouloir bebe,Je veux vouloir un bébé.
tu vouloir vouloir bebe,Tu veux vouloir un bébé ?
nous vouloir vouloir bebe,Nous voulons vouloir un bébé.
moi non vouloir vouloir bebe,Je ne veux pas vouloir un bébé.
aujourd hui moi vouloir vouloir bebe,"Aujourd'hui, je veux vouloir un bébé."
moi vouloir vouloir bebe bientot,Je veux vouloir un bébé bientôt.
moi vouloir vouloir bebe avec ami,Je veux vouloir un bébé avec mon ami.
moi aimer vouloir bebe,J'aime vouloir un bébé.
tu aimer vouloir bebe,Tu aimes vouloir un bébé ?
bonjour moi vouloir bebe,Bonjour ! Je veux un bébé.
merci moi vouloir bebe,"Merci, je veux un bébé."
au revoir moi vouloir bebe,Au revoir ! Je veux un bébé.
moi vouloir chat,Je veux un chat.
tu vouloir chat,Tu veux un chat ?
nous vouloir chat,Nous voulons un chat.
moi non vouloir chat,Je ne veux pas un chat.
tu non vouloir chat,Tu ne veux pas un chat ?
oui moi vouloir chat,"Oui, je veux un chat."
non moi non vouloir chat,"Non, je ne veux pas un chat."
aujourd hui moi vouloir chat,"Aujourd'hui, je veux un chat."
moi vouloir chat aujourd hui,Je veux un chat aujourd'hui.
moi vouloir chat bientot,Je veux un chat bientôt.
bientot moi vouloir chat,"Bientôt, je veux un chat."
moi vouloir chat ici,Je veux un chat ici.
moi vouloir chat bien,Je veux vraiment un chat.
moi vouloir chat avec ami,Je veux un chat avec mon ami.
moi vouloir chat avec tu,Je veux un chat avec toi.
moi vouloir vouloir chat,Je veux vouloir un chat.
tu vouloir vouloir chat,Tu veux vouloir un chat ?
nous vouloir vouloir chat,Nous voulons vouloir un chat.
moi non vouloir vouloir chat,Je ne veux pas vouloir un chat.
aujourd hui moi vouloir vouloir chat,"Aujourd'hui, je veux vouloir un chat."
moi vouloir vouloir chat bientot,Je veux vouloir un chat bientôt.
moi vouloir vouloir chat avec ami,Je veux vouloir un chat avec mon ami.
moi aimer vouloir chat,J'aime vouloir un chat.
tu aimer vouloir chat,Tu aimes vouloir un chat ?
bonjour moi vouloir chat,Bonjour ! Je veux un chat.
merci moi vouloir chat,"Merci, je veux un chat."
au revoir moi vouloir chat,Au revoir ! Je veux un chat.
moi donner aide,Je donne de l'aide.
tu donner aide,Tu donnes de l'aide ?
nous donner aide,Nous donnons de l'aide.
moi non donner aide,Je ne donne pas de l'aide.
tu non donner aide,Tu ne donnes pas de l'aide ?
oui moi donner aide,"Oui, je donne de l'aide."
non moi non donner aide,"Non, je ne donne pas de l'aide."
aujourd hui moi donner aide,"Aujourd'hui, je donne de l'aide."
moi donner aide aujourd hui,Je donne de l'aide aujourd'hui.
moi donner aide bientot,Je donne de l'aide bientôt.
bientot moi donner aide,"Bientôt, je donne de l'aide."
moi donner aide ici,Je donne de l'aide ici.
moi donner aide bien,Je donne vraiment de l'aide.
moi donner aide avec ami,Je donne de l'aide avec mon ami.
moi donner aide avec tu,Je donne de l'aide avec toi.
moi vouloir donner aide,Je veux donner de l'aide.
tu vouloir donner aide,Tu veux donner de l'aide ?
nous vouloir donner aide,Nous voulons donner de l'aide.
moi non vouloir donner aide,Je ne veux pas donner de l'aide.
aujourd hui moi vouloir donner aide,"Aujourd'hui, je veux donner de l'aide."
moi vouloir donner aide bientot,Je veux donner de l'aide bientôt.
moi vouloir donner aide avec ami,Je veux donner de l'aide avec mon ami.
moi aimer donner aide,J'aime donner de l'aide.
tu aimer donner aide,Tu aimes donner de l'aide ?
bonjour moi donner aide,Bonjour ! Je donne de l'aide.
merci moi donner aide,"Merci, je donne de l'aide."
au revoir moi donner aide,Au revoir ! Je donne de l'aide.
moi donner amour,Je donne de l'amour.
tu donner amour,Tu donnes de l'amour ?
nous donner amour,Nous donnons de l'amour.
moi non donner amour,Je ne donne pas de l'amour.
tu non donner amour,Tu ne donnes pas de l'amour ?
oui moi donner amour,"Oui, je donne de l'amour."
non moi non donner amour,"Non, je ne donne pas de l'amour."
aujourd hui moi donner amour,"Aujourd'hui, je donne de l'amour."
moi donner amour aujourd hui,Je donne de l'amour aujourd'hui.
moi donner amour bientot,Je donne de l'amour bientôt.
bientot moi donner amour,"Bientôt, je donne de l'amour."
moi donner amour ici,Je donne de l'amour ici.
moi donner amour bien,Je donne vraiment de l'amour.
moi donner amour avec ami,Je donne de l'amour avec mon ami.
moi donner amour avec tu,Je donne de l'amour avec toi.
moi vouloir donner amour,Je veux donner de l'amour.
tu vouloir donner amour,Tu veux donner de l'amour ?
nous vouloir donner amour,Nous voulons donner de l'amour.
moi non vouloir donner amour,Je ne veux pas donner de l'amour.
aujourd hui moi vouloir donner amour,"Aujourd'hui, je veux donner de l'amour."
moi vouloir donner amour bientot,Je veux donner de l'amour bientôt.
moi vouloir donner amour avec ami,Je veux donner de l'amour avec mon ami.
moi aimer donner amour,J'aime donner de l'amour.
tu aimer donner amour,Tu aimes donner de l'amour ?
bonjour moi donner amour,Bonjour ! Je donne de l'amour.
merci moi donner amour,"Merci, je donne de l'amour."
au revoir moi donner amour,Au revoir ! Je donne de l'amour.
moi attendre ami,J'attends mon ami.
tu attendre ami,Tu attends mon ami ?
nous attendre ami,Nous attendons mon ami.
moi non attendre ami,Je n'attends pas mon ami.
tu non attendre ami,Tu n'attends pas mon ami ?
oui moi attendre ami,"Oui, j'attends mon ami."
non moi non attendre ami,"Non, je n'attends pas mon ami."
aujourd hui moi attendre ami,"Aujourd'hui, j'attends mon ami."
moi attendre ami aujourd hui,J'attends mon ami aujourd'hui.
moi attendre ami bientot,J'attends mon ami bientôt.
bientot moi attendre ami,"Bientôt, j'attends mon ami."
moi attendre ami ici,J'attends mon ami ici.
moi attendre ami bien,J'attends vraiment mon ami.
moi attendre ami avec ami,J'attends mon ami avec mon ami.
moi attendre ami avec tu,J'attends mon ami avec toi.
moi vouloir attendre ami,Je veux attendre mon ami.
tu vouloir attendre ami,Tu veux attendre mon ami ?
nous vouloir attendre ami,Nous voulons attendre mon ami.
moi non vouloir attendre ami,Je ne veux pas attendre mon ami.
aujourd hui moi vouloir attendre ami,"Aujourd'hui, je veux attendre mon ami."
moi vouloir attendre ami bientot,Je veux attendre mon ami bientôt.
moi vouloir attendre ami avec ami,Je veux attendre mon ami avec mon ami.
moi aimer attendre ami,J'aime attendre mon ami.
tu aimer attendre ami,Tu aimes attendre mon ami ?
bonjour moi attendre ami,Bonjour ! J'attends mon ami.
merci moi attendre ami,"Merci, j'attends mon ami."
au revoir moi attendre ami,Au revoir ! J'attends mon ami.
moi donner aide ami,Je donne de l'aide à mon ami.
tu donner aide ami,Tu donnes de l'aide à mon ami ?
nous donner aide ami,Nous donnons de l'aide à mon ami.
moi vouloir donner aide ami,Je veux donner de l'aide à mon ami.
aujourd hui moi donner aide ami,"Aujourd'hui, je donne de l'aide à mon ami."
moi donner aide ami bientot,Je vais donner de l'aide à mon ami bientôt.
moi donner aide bebe,Je donne de l'aide au bébé.
tu donner aide bebe,Tu donnes de l'aide au bébé ?
nous donner aide bebe,Nous donnons de l'aide au bébé.
moi vouloir donner aide bebe,Je veux donner de l'aide au bébé.
aujourd hui moi donner aide bebe,"Aujourd'hui, je donne de l'aide au bébé."
moi donner aide bebe bientot,Je vais donner de l'aide au bébé bientôt.
moi donner amour ami,Je donne de l'amour à mon ami.
tu donner amour ami,Tu donnes de l'amour à mon ami ?
nous donner amour ami,Nous donnons de l'amour à mon ami.
moi vouloir donner amour ami,Je veux donner de l'amour à mon ami.
aujourd hui moi donner amour ami,"Aujourd'hui, je donne de l'amour à mon ami."
moi donner amour ami bientot,Je vais donner de l'amour à mon ami bientôt.
moi donner amour bebe,Je donne de l'amour au bébé.
tu donner amour bebe,Tu donnes de l'amour au bébé ?
nous donner amour bebe,Nous donnons de l'amour au bébé.
moi vouloir donner amour bebe,Je veux donner de l'amour au bébé.
aujourd hui moi donner amour bebe,"Aujourd'hui, je donne de l'amour au bébé."
moi donner amour bebe bientot,Je vais donner de l'amour au bébé bientôt.
moi attendre ami,J'attends mon ami.
moi attendre ami ici,J'attends mon ami ici.
moi attendre ami bientot,J'attends mon ami bientôt.
aujourd hui moi attendre ami,"Aujourd'hui, j'attends mon ami."
moi attendre tu,J'attends toi.
moi attendre tu ici,J'attends toi ici.
moi attendre tu bientot,J'attends toi bientôt.
aujourd hui moi attendre tu,"Aujourd'hui, j'attends toi."
ami manger,Mon ami mange.
ami boire,Mon ami boit.
ami aller,Mon ami part.
ami apprendre,Mon ami apprend.
ami comprendre,Mon ami comprend.
ami changer,Mon ami change.
ami aimer moi,Mon ami m'aime.
ami aimer tu,Mon ami t'aime.
ami aimer amour,Mon ami aime l'amour.
ami aimer chat,Mon ami aime le chat.
ami aimer bebe,Mon ami aime le bébé.
ami vouloir aide,Mon ami veut de l'aide.
ami vouloir ami,Mon ami veut un ami.
ami attendre moi,Mon ami m'attend.
ami attendre tu,Mon ami t'attend.
ami donner aide,Mon ami donne de l'aide.
ami non manger,Mon ami ne mange pas.
ami non boire,Mon ami ne boit pas.
ami non aller,Mon ami ne part pas.
ami non comprendre,Mon ami ne comprend pas.
ami non apprendre,Mon ami n'apprend pas.
ami non changer,Mon ami ne change pas.
ami non aimer moi,Mon ami ne m'aime pas.
ami non vouloir aide,Mon ami ne veut pas d'aide.
ami non attendre moi,Mon ami ne m'attend pas.
ami non attendre tu,Mon ami ne t'attend pas.
bebe manger,Le bébé mange.
bebe boire,Le bébé boit.
bebe aller,Le bébé part.
bebe aimer chat,Le bébé aime le chat.
bebe aimer ami,Le bébé aime son ami.
bebe non manger,Le bébé ne mange pas.
bebe non boire,Le bébé ne boit pas.
chat manger,Le chat mange.
chat boire,Le chat boit.
chat aller,Le chat part.
chat aimer bebe,Le chat aime le bébé.
chat non manger,Le chat ne mange pas.
chat non boire,Le chat ne boit pas.
nous manger,Nous mangeons.
nous boire,Nous buvons.
nous aller,Nous partons.
nous aller ici,Nous allons ici.
nous apprendre,Nous apprenons.
nous comprendre,Nous comprenons.
nous changer,Nous changeons.
nous aimer,Nous aimons.
nous aimer ami,Nous aimons notre ami.
nous aimer amour,Nous aimons l'amour.
nous aimer chat,Nous aimons le chat.
nous aimer bebe,Nous aimons le bébé.
nous vouloir aide,Nous voulons de l'aide.
nous attendre ami,Nous attendons notre ami.
nous donner aide,Nous donnons de l'aide.
nous non manger,Nous ne mangeons pas.
nous non boire,Nous ne buvons pas.
nous non aller,Nous ne partons pas.
nous non comprendre,Nous ne comprenons pas.
nous non changer,Nous ne changeons pas.
nous non vouloir aide,Nous ne voulons pas d'aide.
nous non attendre ami,Nous n'attendons pas notre ami.
comment tu manger,Comment manges-tu ?
comment tu boire,Comment bois-tu ?
comment tu aller,Comment vas-tu ?
comment tu apprendre,Comment apprends-tu ?
comment tu comprendre,Comment comprends-tu ?
comment tu changer,Comment changes-tu ?
comment tu aimer,Comment aimes-tu ?
comment tu vouloir aide,Comment veux-tu de l'aide ?
comment tu attendre,Comment attends-tu ?
comment tu donner aide,Comment donnes-tu de l'aide ?
comment moi aller,Comment est-ce que je m'en vais ?
comment moi manger,Comment est-ce que je mange ?
comment moi apprendre,Comment est-ce que j'apprends ?
comment moi comprendre,Comment est-ce que je comprends ?
comment moi changer,Comment est-ce que je change ?
comment ami aller,Comment mon ami s'en va-t-il ?
comment ami manger,Comment mon ami mange-t-il ?
comment ami apprendre,Comment mon ami apprend-il ?
comment nous aller,Comment allons-nous ?
comment nous apprendre,Comment apprenons-nous ?
comment nous changer,Comment changeons-nous ?
moi aller avec ami,Je pars avec mon ami.
moi aller avec tu,Je pars avec toi.
tu aller avec moi,Tu pars avec moi.
tu aller avec ami,Tu pars avec ton ami.
nous aller avec ami,Nous partons avec notre ami.
moi manger avec ami,Je mange avec mon ami.
moi manger avec tu,Je mange avec toi.
tu manger avec moi,Tu manges avec moi.
nous manger avec ami,Nous mangeons avec notre ami.
moi boire avec ami,Je bois avec mon ami.
moi boire avec tu,Je bois avec toi.
tu boire avec moi,Tu bois avec moi.
nous boire avec ami,Nous buvons avec notre ami.
moi apprendre avec ami,J'apprends avec mon ami.
moi apprendre avec tu,J'apprends avec toi.
tu apprendre avec moi,Tu apprends avec moi.
nous apprendre avec ami,Nous apprenons avec notre ami.
ami manger avec moi,Mon ami mange avec moi.
ami manger avec tu,Mon ami mange avec toi.
ami boire avec moi,Mon ami boit avec moi.
ami aller avec moi,Mon ami part avec moi.
ami aller avec tu,Mon ami part avec toi.
ami apprendre avec moi,Mon ami apprend avec moi.
moi aller ici avec ami,Je vais ici avec mon ami.
moi aller ici avec tu,Je vais ici avec toi.
nous aller ici avec ami,Nous allons ici avec notre ami.
moi attendre ami avec tu,J'attends mon ami avec toi.
moi manger bientot,Je mange bientôt.
moi boire bientot,Je bois bientôt.
moi aller bientot,Je pars bientôt.
moi apprendre bientot,J'apprends bientôt.
moi comprendre bientot,Je comprends bientôt.
moi changer bientot,Je change bientôt.
tu manger bientot,Tu manges bientôt.
tu boire bientot,Tu bois bientôt.
tu aller bientot,Tu pars bientôt.
tu apprendre bientot,Tu apprends bientôt.
tu comprendre bientot,Tu comprends bientôt.
tu changer bientot,Tu changes bientôt.
nous manger bientot,Nous mangeons bientôt.
nous boire bientot,Nous buvons bientôt.
nous aller bientot,Nous partons bientôt.
nous apprendre bientot,Nous apprenons bientôt.
nous changer bientot,Nous changeons bientôt.
ami aller bientot,Mon ami part bientôt.
ami manger bientot,Mon ami mange bientôt.
ami apprendre bientot,Mon ami apprend bientôt.
ami changer bientot,Mon ami change bientôt.
moi vouloir aide bientot,Je veux de l'aide bientôt.
tu vouloir aide bientot,Tu veux de l'aide bientôt.
moi donner aide bientot,Je donne de l'aide bientôt.
moi attendre ami bientot,J'attends mon ami bientôt.
moi aller avec ami bientot,Je pars avec mon ami bientôt.
tu aller avec moi bientot,Tu pars avec moi bientôt.
nous aller bientot avec ami,Nous partons bientôt avec notre ami.
aujourd hui moi manger,"Aujourd'hui, je mange."
aujourd hui moi boire,"Aujourd'hui, je bois."
aujourd hui moi aller,"Aujourd'hui, je pars."
aujourd hui moi apprendre,"Aujourd'hui, j'apprends."
aujourd hui moi comprendre,"Aujourd'hui, je comprends."
aujourd hui moi changer,"Aujourd'hui, je change."
aujourd hui moi aimer ami,"Aujourd'hui, j'aime mon ami."
aujourd hui moi vouloir aide,"Aujourd'hui, je veux de l'aide."
aujourd hui moi donner aide,"Aujourd'hui, je donne de l'aide."
aujourd hui tu manger,"Aujourd'hui, tu manges."
aujourd hui tu boire,"Aujourd'hui, tu bois."
aujourd hui tu aller,"Aujourd'hui, tu pars."
aujourd hui tu apprendre,"Aujourd'hui, tu apprends."
aujourd hui tu comprendre,"Aujourd'hui, tu comprends."
aujourd hui tu changer,"Aujourd'hui, tu changes."
aujourd hui nous manger,"Aujourd'hui, nous mangeons."
aujourd hui nous boire,"Aujourd'hui, nous buvons."
aujourd hui nous aller,"Aujourd'hui, nous partons."
aujourd hui nous apprendre,"Aujourd'hui, nous apprenons."
aujourd hui nous changer,"Aujourd'hui, nous changeons."
aujourd hui nous aller avec ami,"Aujourd'hui, nous allons avec notre ami."
aujourd hui ami manger,"Aujourd'hui, mon ami mange."
aujourd hui ami aller,"Aujourd'hui, mon ami part."
aujourd hui ami apprendre,"Aujourd'hui, mon ami apprend."
aujourd hui ami changer,"Aujourd'hui, mon ami change."
aujourd hui moi non manger,"Aujourd'hui, je ne mange pas."
aujourd hui moi non aller,"Aujourd'hui, je ne pars pas."
aujourd hui tu non aller,"Aujourd'hui, tu ne pars pas."
aujourd hui nous non aller,"Aujourd'hui, nous ne partons pas."
aujourd hui ami non aller,"Aujourd'hui, mon ami ne part pas."
moi vouloir aller avec ami,Je veux aller avec mon ami.
moi vouloir aller ici avec ami,Je veux aller ici avec mon ami.
moi vouloir apprendre avec ami,Je veux apprendre avec mon ami.
moi vouloir apprendre avec tu,Je veux apprendre avec toi.
moi vouloir manger avec ami,Je veux manger avec mon ami.
moi vouloir boire avec ami,Je veux boire avec mon ami.
tu vouloir aller avec moi,Tu veux aller avec moi.
tu vouloir manger avec moi,Tu veux manger avec moi.
tu vouloir apprendre avec moi,Tu veux apprendre avec moi.
nous vouloir aller avec ami,Nous voulons aller avec notre ami.
nous vouloir apprendre avec ami,Nous voulons apprendre avec notre ami.
moi vouloir aide aujourd hui,Je veux de l'aide aujourd'hui.
moi vouloir aller bientot,Je veux partir bientôt.
moi vouloir apprendre aujourd hui,Je veux apprendre aujourd'hui.
tu vouloir apprendre aujourd hui,Tu veux apprendre aujourd'hui.
nous vouloir apprendre aujourd hui,Nous voulons apprendre aujourd'hui.
moi vouloir changer aujourd hui,Je veux changer aujourd'hui.
moi vouloir changer bientot,Je veux changer bientôt.
tu vouloir changer bientot,Tu veux changer bientôt.
moi aimer aller avec ami,J'aime aller avec mon ami.
moi aimer manger avec ami,J'aime manger avec mon ami.
moi aimer apprendre avec ami,J'aime apprendre avec mon ami.
tu aimer aller avec moi,Tu aimes aller avec moi.
tu aimer manger avec moi,Tu aimes manger avec moi.
nous aimer aller avec ami,Nous aimons aller avec notre ami.
aujourd hui moi aller avec ami,"Aujourd'hui, je pars avec mon ami."
aujourd hui tu aller avec moi,"Aujourd'hui, tu pars avec moi."
aujourd hui nous aller ici,"Aujourd'hui, nous allons ici."
aujourd hui moi vouloir aller ici,"Aujourd'hui, je veux aller ici."
aujourd hui moi vouloir aide,"Aujourd'hui, je veux de l'aide."
ami non vouloir aller avec moi,Mon ami ne veut pas aller avec moi.
ami non vouloir aide,Mon ami ne veut pas d'aide.
moi non vouloir changer,Je ne veux pas changer.
tu non vouloir changer,Tu ne veux pas changer.
nous non vouloir changer,Nous ne voulons pas changer.
moi non vouloir aller ici,Je ne veux pas aller ici.
tu non vouloir aller ici,Tu ne veux pas aller ici.
moi non vouloir manger bientot,Je ne veux pas manger bientôt.
moi non vouloir apprendre aujourd hui,Je ne veux pas apprendre aujourd'hui.
tu non vouloir apprendre aujourd hui,Tu ne veux pas apprendre aujourd'hui.
bonjour comment aller,"Bonjour, comment allez-vous ?"
bonjour bien,"Bonjour, je vais bien."
bonjour tu bien,"Bonjour, tu vas bien ?"
bonjour ami bien,"Bonjour, mon ami va bien."
bonjour moi aimer tu,"Bonjour, je t'aime."
bonjour tu aller avec moi,"Bonjour, tu vas avec moi ?"
bonjour nous apprendre aujourd hui,"Bonjour, nous apprenons aujourd'hui."
bonjour moi manger avec tu,"Bonjour, je mange avec toi."
merci tu aide,Merci pour ton aide.
merci ami aide,Merci pour l'aide de mon ami.
merci tu vouloir aide,Merci de vouloir aider.
merci moi apprendre,"Merci, j'apprends."
merci moi comprendre,"Merci, je comprends."
merci moi bien comprendre,"Merci, je comprends bien."
merci ami donner aide,"Merci, mon ami donne de l'aide."
au revoir bientot,"Au revoir, à bientôt."
au revoir moi aller,"Au revoir, je pars."
au revoir ami aller,"Au revoir, mon ami part."
au revoir ami aller bientot,"Au revoir, mon ami part bientôt."
au revoir aujourd hui,Au revoir pour aujourd'hui.
au revoir moi aller bientot,"Au revoir, je pars bientôt."
au revoir nous aller,"Au revoir, nous partons."
bonjour au revoir,Bonjour et au revoir.
moi manger bien,Je mange bien.
tu manger bien,Tu manges bien.
nous manger bien,Nous mangeons bien.
ami manger bien,Mon ami mange bien.
moi boire bien,Je bois bien.
tu boire bien,Tu bois bien.
moi apprendre bien,J'apprends bien.
tu apprendre bien,Tu apprends bien.
nous apprendre bien,Nous apprenons bien.
ami apprendre bien,Mon ami apprend bien.
moi comprendre bien,Je comprends bien.
tu comprendre bien,Tu comprends bien.
nous comprendre bien,Nous comprenons bien.
ami comprendre bien,Mon ami comprend bien.
moi aller bien,Je vais bien.
tu aller bien,Tu vas bien.
ami aller bien,Mon ami va bien.
nous aller bien,Nous allons bien.
moi non aller bien,Je ne vais pas bien.
tu non aller bien,Tu ne vas pas bien.
ami non aller bien,Mon ami ne va pas bien.
nous non aller bien,Nous n'allons pas bien.
moi aimer ami bien,J'aime vraiment mon ami.
tu aimer moi bien,Tu m'aimes vraiment.
moi bon,Je suis bon.
tu bon,Tu es bon.
ami bon,Mon ami est bon.
moi non bon,Je ne suis pas bon.
tu non bon,Tu n'es pas bon.
moi manger ici,Je mange ici.
tu manger ici,Tu manges ici.
nous manger ici,Nous mangeons ici.
ami manger ici,Mon ami mange ici.
moi boire ici,Je bois ici.
tu boire ici,Tu bois ici.
nous boire ici,Nous buvons ici.
ami boire ici,Mon ami boit ici.
moi apprendre ici,J'apprends ici.
tu apprendre ici,Tu apprends ici.
nous apprendre ici,Nous apprenons ici.
ami apprendre ici,Mon ami apprend ici.
moi aimer ici,J'aime ici.
tu aimer ici,Tu aimes ici.
moi attendre ami ici,J'attends mon ami ici.
tu attendre moi ici,Tu m'attends ici.
ami attendre moi ici,Mon ami m'attend ici.
ami attendre tu ici,Mon ami t'attend ici.
nous attendre ami ici,Nous attendons notre ami ici.
moi donner aide ici,Je donne de l'aide ici.
tu donner aide ici,Tu donnes de l'aide ici.
ami donner aide ici,Mon ami donne de l'aide ici.
nous donner aide ici,Nous donnons de l'aide ici.
moi non aller ici,Je ne vais pas ici.
tu non manger ici,Tu ne manges pas ici.
nous non boire ici,Nous ne buvons pas ici.
moi non apprendre ici,Je n'apprends pas ici.
ami non manger ici,Mon ami ne mange pas ici.
ami non aller ici,Mon ami ne va pas ici.
oui moi manger,"Oui, je mange."
oui moi boire,"Oui, je bois."
oui moi aller,"Oui, je pars."
oui moi apprendre,"Oui, j'apprends."
oui moi comprendre,"Oui, je comprends."
oui moi changer,"Oui, je change."
oui moi aimer ami,"Oui, j'aime mon ami."
oui moi vouloir aide,"Oui, je veux de l'aide."
oui moi aller ici,"Oui, je vais ici."
oui moi aller avec ami,"Oui, je pars avec mon ami."
oui moi attendre ami,"Oui, j'attends mon ami."
oui moi donner aide,"Oui, je donne de l'aide."
oui tu aller,"Oui, tu pars."
oui tu apprendre,"Oui, tu apprends."
oui tu comprendre,"Oui, tu comprends."
oui tu vouloir aide,"Oui, tu veux de l'aide."
oui nous aller,"Oui, nous partons."
oui nous manger,"Oui, nous mangeons."
oui nous apprendre,"Oui, nous apprenons."
oui ami aller,"Oui, mon ami part."
oui ami manger,"Oui, mon ami mange."
oui ami apprendre,"Oui, mon ami apprend."
oui ami vouloir aide,"Oui, mon ami veut de l'aide."
non moi non manger,"Non, je ne mange pas."
non moi non boire,"Non, je ne bois pas."
non moi non aller,"Non, je ne pars pas."
non moi non comprendre,"Non, je ne comprends pas."
non moi non vouloir aide,"Non, je ne veux pas d'aide."
non moi non apprendre,"Non, je n'apprends pas."
non moi non changer,"Non, je ne change pas."
non tu non aller,"Non, tu ne pars pas."
non tu non apprendre,"Non, tu n'apprends pas."
non nous non aller,"Non, nous ne partons pas."
non nous non apprendre,"Non, nous n'apprenons pas."
non ami non aller,"Non, mon ami ne part pas."
non ami non manger,"Non, mon ami ne mange pas."
non ami non vouloir aide,"Non, mon ami ne veut pas d'aide."
moi aimer amour,J'aime l'amour.
tu aimer amour,Tu aimes l'amour.
nous aimer amour,Nous aimons l'amour.
ami aimer amour,Mon ami aime l'amour.
moi vouloir amour,Je veux de l'amour.
tu vouloir amour,Tu veux de l'amour.
nous vouloir amour,Nous voulons de l'amour.
ami vouloir amour,Mon ami veut de l'amour.
moi donner amour ami,Je donne de l'amour à mon ami.
tu donner amour moi,Tu me donnes de l'amour.
ami donner amour moi,Mon ami me donne de l'amour.
moi non vouloir amour,Je ne veux pas d'amour.
tu non vouloir amour,Tu ne veux pas d'amour.
moi aimer amour bien,J'aime vraiment l'amour.
moi aimer ami avec amour,J'aime mon ami avec amour.
tu aimer moi avec amour,Tu m'aimes avec amour.
amour,L'amour.
moi amour,Mon amour.
tu amour,Ton amour.
bonjour amour,Bonjour mon amour.
au revoir amour,Au revoir mon amour.
merci amour,Merci mon amour.
moi aimer bebe,J'aime le bébé.
tu aimer bebe,Tu aimes le bébé.
nous aimer bebe,Nous aimons le bébé.
ami aimer bebe,Mon ami aime le bébé.
chat aimer bebe,Le chat aime le bébé.
moi vouloir bebe,Je veux un bébé.
tu vouloir bebe,Tu veux un bébé.
nous vouloir bebe,Nous voulons un bébé.
moi non vouloir bebe,Je ne veux pas de bébé.
moi donner aide bebe,Je donne de l'aide au bébé.
tu donner aide bebe,Tu donnes de l'aide au bébé.
ami donner aide bebe,Mon ami donne de l'aide au bébé.
moi attendre bebe,J'attends le bébé.
tu attendre bebe,Tu attends le bébé.
nous attendre bebe,Nous attendons le bébé.
ami attendre bebe,Mon ami attend le bébé.
bebe aller avec moi,Le bébé vient avec moi.
bebe aller avec ami,Le bébé vient avec son ami.
bebe aimer chat,Le bébé aime le chat.
bebe aimer moi,Le bébé m'aime.
bebe non manger bientot,Le bébé ne mange pas bientôt.
bebe manger bien,Le bébé mange bien.
bebe boire bien,Le bébé boit bien.
moi aimer chat,J'aime le chat.
tu aimer chat,Tu aimes le chat.
nous aimer chat,Nous aimons le chat.
ami aimer chat,Mon ami aime le chat.
bebe aimer chat,Le bébé aime le chat.
moi vouloir chat,Je veux un chat.
tu vouloir chat,Tu veux un chat.
nous vouloir chat,Nous voulons un chat.
ami vouloir chat,Mon ami veut un chat.
moi non vouloir chat,Je ne veux pas de chat.
chat manger bien,Le chat mange bien.
chat manger ici,Le chat mange ici.
chat boire bien,Le chat boit bien.
chat boire ici,Le chat boit ici.
chat aller avec moi,Le chat vient avec moi.
chat aller avec ami,Le chat vient avec l'ami.
chat aller bientot,Le chat part bientôt.
chat non manger ici,Le chat ne mange pas ici.
chat non boire ici,Le chat ne boit pas ici.
bonjour chat,Bonjour le chat.
merci chat,Merci le chat.
moi aimer chat bien,J'aime vraiment le chat.
tu aimer chat bien,Tu aimes vraiment le chat.
moi donner aide,Je donne de l'aide.
tu donner aide,Tu donnes de l'aide.
nous donner aide,Nous donnons de l'aide.
ami donner aide,Mon ami donne de l'aide.
moi donner aide ami,Je donne de l'aide à mon ami.
tu donner aide ami,Tu donnes de l'aide à mon ami.
nous donner aide ami,Nous donnons de l'aide à notre ami.
ami donner aide moi,Mon ami me donne de l'aide.
ami donner aide tu,Mon ami te donne de l'aide.
moi donner aide bebe,Je donne de l'aide au bébé.
tu donner aide bebe,Tu donnes de l'aide au bébé.
ami donner aide bebe,Mon ami donne de l'aide au bébé.
nous donner aide bebe,Nous donnons de l'aide au bébé.
moi donner amour ami,Je donne de l'amour à mon ami.
moi donner amour bebe,Je donne de l'amour au bébé.
ami donner amour moi,Mon ami me donne de l'amour.
tu donner amour moi,Tu me donnes de l'amour.
moi non donner aide,Je ne donne pas d'aide.
tu non donner aide,Tu ne donnes pas d'aide.
ami non donner aide,Mon ami ne donne pas d'aide.
nous non donner aide,Nous ne donnons pas d'aide.
moi donner aide bientot,Je donne de l'aide bientôt.
moi donner aide ici,Je donne de l'aide ici.
nous donner aide ici,Nous donnons de l'aide ici.
aujourd hui moi donner aide ami,"Aujourd'hui, je donne de l'aide à mon ami."
aujourd hui tu donner aide,"Aujourd'hui, tu donnes de l'aide."
aujourd hui ami donner aide,"Aujourd'hui, mon ami donne de l'aide."
moi attendre,J'attends.
tu attendre,Tu attends.
nous attendre,Nous attendons.
ami attendre,Mon ami attend.
moi attendre ami,J'attends mon ami.
tu attendre moi,Tu m'attends.
tu attendre ami,Tu attends mon ami.
nous attendre ami,Nous attendons notre ami.
ami attendre moi,Mon ami m'attend.
ami attendre nous,Mon ami nous attend.
moi non attendre,Je n'attends pas.
tu non attendre,Tu n'attends pas.
ami non attendre,Mon ami n'attend pas.
nous non attendre ami,Nous n'attendons pas notre ami.
moi attendre ami ici,J'attends mon ami ici.
tu attendre moi ici,Tu m'attends ici.
ami attendre moi ici,Mon ami m'attend ici.
moi attendre ami bientot,J'attends mon ami bientôt.
tu attendre moi bientot,Tu m'attends bientôt.
ami attendre moi bientot,Mon ami m'attend bientôt.
aujourd hui moi attendre ami,"Aujourd'hui, j'attends mon ami."
aujourd hui tu attendre moi,"Aujourd'hui, tu m'attends."
aujourd hui ami attendre moi,"Aujourd'hui, mon ami m'attend."
moi non attendre ami ici,Je n'attends pas mon ami ici.
tu non attendre moi ici,Tu ne m'attends pas ici.
moi attendre avec ami,J'attends avec mon ami.
nous attendre ici,Nous attendons ici.
nous attendre bientot,Nous attendons bientôt.
moi apprendre,J'apprends.
tu apprendre,Tu apprends.
nous apprendre,Nous apprenons.
ami apprendre,Mon ami apprend.
moi comprendre,Je comprends.
tu comprendre,Tu comprends.
nous comprendre,Nous comprenons.
ami comprendre,Mon ami comprend.
moi apprendre bien,J'apprends bien.
moi apprendre ici,J'apprends ici.
moi apprendre bientot,J'apprends bientôt.
moi apprendre avec ami,J'apprends avec mon ami.
tu apprendre avec moi,Tu apprends avec moi.
nous apprendre ici,Nous apprenons ici.
nous apprendre bien,Nous apprenons bien.
nous apprendre bientot,Nous apprenons bientôt.
nous apprendre avec ami,Nous apprenons avec notre ami.
ami apprendre ici,Mon ami apprend ici.
ami apprendre bien,Mon ami apprend bien.
ami apprendre bientot,Mon ami apprend bientôt.
moi non apprendre,Je n'apprends pas.
tu non apprendre,Tu n'apprends pas.
nous non apprendre,Nous n'apprenons pas.
ami non apprendre,Mon ami n'apprend pas.
moi comprendre bien,Je comprends bien.
moi comprendre ici,Je comprends ici.
moi comprendre bientot,Je comprends bientôt.
moi non comprendre bien,Je ne comprends pas bien.
tu non comprendre,Tu ne comprends pas.
nous non comprendre,Nous ne comprenons pas.
ami non comprendre,Mon ami ne comprend pas.
aujourd hui moi apprendre bien,"Aujourd'hui, j'apprends bien."
aujourd hui tu apprendre bien,"Aujourd'hui, tu apprends bien."
aujourd hui nous apprendre bien,"Aujourd'hui, nous apprenons bien."
aujourd hui ami apprendre bien,"Aujourd'hui, mon ami apprend bien."
merci tu apprendre,"Merci, tu apprends."
merci ami apprendre,"Merci, mon ami apprend."
oui moi apprendre bien,"Oui, j'apprends bien."
oui tu comprendre,"Oui, tu comprends."
non moi non comprendre bien,"Non, je ne comprends pas bien."
moi changer,Je change.
tu changer,Tu changes.
nous changer,Nous changeons.
ami changer,Mon ami change.
moi changer bien,Je change bien.
moi changer bientot,Je change bientôt.
tu changer bientot,Tu changes bientôt.
nous changer bientot,Nous changeons bientôt.
ami changer bientot,Mon ami change bientôt.
moi changer aujourd hui,Je change aujourd'hui.
tu changer aujourd hui,Tu changes aujourd'hui.
nous changer aujourd hui,Nous changeons aujourd'hui.
ami changer aujourd hui,Mon ami change aujourd'hui.
moi non changer,Je ne change pas.
tu non changer,Tu ne changes pas.
nous non changer,Nous ne changeons pas.
ami non changer,Mon ami ne change pas.
moi non changer bientot,Je ne change pas bientôt.
oui moi changer,"Oui, je change."
oui moi changer bientot,"Oui, je change bientôt."
non moi non changer,"Non, je ne change pas."
moi vouloir changer,Je veux changer.
tu vouloir changer,Tu veux changer.
nous vouloir changer,Nous voulons changer.
ami vouloir changer,Mon ami veut changer.
moi aimer changer,J'aime changer.
moi non vouloir changer aujourd hui,Je ne veux pas changer aujourd'hui.
moi aller,Je pars.
tu aller,Tu pars.
nous aller,Nous partons.
ami aller,Mon ami part.
bebe aller,Le bébé part.
chat aller,Le chat part.
moi aller bien,Je pars bien.
moi aller ici,Je vais ici.
tu aller ici,Tu vas ici.
nous aller ici,Nous allons ici.
ami aller ici,Mon ami va ici.
moi aller bientot,Je pars bientôt.
tu aller bientot,Tu pars bientôt.
nous aller bientot,Nous partons bientôt.
ami aller bientot,Mon ami part bientôt.
moi aller ici bientot,Je vais ici bientôt.
tu aller ici bientot,Tu vas ici bientôt.
moi aller avec ami,Je pars avec mon ami.
tu aller avec moi,Tu pars avec moi.
nous aller avec ami,Nous partons avec notre ami.
ami aller avec moi,Mon ami part avec moi.
ami aller avec tu,Mon ami part avec toi.
moi non aller,Je ne pars pas.
tu non aller,Tu ne pars pas.
nous non aller,Nous ne partons pas.
ami non aller,Mon ami ne part pas.
moi non aller ici,Je ne vais pas ici.
ami non aller ici,Mon ami ne va pas ici.
moi non aller avec ami,Je ne pars pas avec mon ami.
oui moi aller ici,"Oui, je vais ici."
oui tu aller ici,"Oui, tu vas ici."
non moi non aller ici,"Non, je ne vais pas ici."
aujourd hui moi aller ici,"Aujourd'hui, je vais ici."
aujourd hui tu aller ici,"Aujourd'hui, tu vas ici."
aujourd hui ami aller ici,"Aujourd'hui, mon ami va ici."
aujourd hui moi aller avec ami,"Aujourd'hui, je pars avec mon ami."
aujourd hui nous aller avec ami,"Aujourd'hui, nous partons avec notre ami."
moi manger,Je mange.
tu manger,Tu manges.
nous manger,Nous mangeons.
ami manger,Mon ami mange.
bebe manger,Le bébé mange.
chat manger,Le chat mange.
moi manger bien,Je mange bien.
moi manger ici,Je mange ici.
moi manger bientot,Je mange bientôt.
moi manger avec ami,Je mange avec mon ami.
tu manger avec moi,Tu manges avec moi.
nous manger ici,Nous mangeons ici.
nous manger bientot,Nous mangeons bientôt.
ami manger ici,Mon ami mange ici.
ami manger bientot,Mon ami mange bientôt.
bebe manger bien,Le bébé mange bien.
chat manger ici,Le chat mange ici.
moi non manger,Je ne mange pas.
tu non manger,Tu ne manges pas.
nous non manger,Nous ne mangeons pas.
ami non manger,Mon ami ne mange pas.
moi non manger ici,Je ne mange pas ici.
ami non manger ici,Mon ami ne mange pas ici.
oui moi manger,"Oui, je mange."
oui nous manger bien,"Oui, nous mangeons bien."
non moi non manger,"Non, je ne mange pas."
moi boire,Je bois.
tu boire,Tu bois.
nous boire,Nous buvons.
ami boire,Mon ami boit.
bebe boire,Le bébé boit.
chat boire,Le chat boit.
moi boire bien,Je bois bien.
moi boire ici,Je bois ici.
moi boire bientot,Je bois bientôt.
moi boire avec ami,Je bois avec mon ami.
tu boire avec moi,Tu bois avec moi.
nous boire ici,Nous buvons ici.
ami boire ici,Mon ami boit ici.
bebe boire bien,Le bébé boit bien.
moi non boire,Je ne bois pas.
tu non boire,Tu ne bois pas.
nous non boire,Nous ne buvons pas.
ami non boire,Mon ami ne boit pas.
oui moi boire,"Oui, je bois."
non moi non boire,"Non, je ne bois pas."
moi vouloir aide,Je veux de l'aide.
tu vouloir aide,Tu veux de l'aide.
nous vouloir aide,Nous voulons de l'aide.
ami vouloir aide,Mon ami veut de l'aide.
moi non vouloir aide,Je ne veux pas d'aide.
tu non vouloir aide,Tu ne veux pas d'aide.
nous non vouloir aide,Nous ne voulons pas d'aide.
ami non vouloir aide,Mon ami ne veut pas d'aide.
moi donner aide ami,Je donne de l'aide à mon ami.
moi donner aide bebe,Je donne de l'aide au bébé.
tu donner aide moi,Tu me donnes de l'aide.
ami donner aide moi,Mon ami me donne de l'aide.
nous donner aide ami,Nous donnons de l'aide à notre ami.
moi attendre aide,J'attends de l'aide.
moi vouloir aide ici,Je veux de l'aide ici.
moi vouloir aide bientot,Je veux de l'aide bientôt.
moi vouloir aide aujourd hui,Je veux de l'aide aujourd'hui.
tu vouloir aide aujourd hui,Tu veux de l'aide aujourd'hui.
oui moi vouloir aide,"Oui, je veux de l'aide."
non moi non vouloir aide,"Non, je ne veux pas d'aide."
merci aide,Merci pour l'aide.
merci tu aide,Merci pour ton aide.
merci ami aide,Merci pour l'aide de mon ami.
bonjour moi vouloir aide,"Bonjour, je veux de l'aide."
comment tu vouloir aide,Comment veux-tu de l'aide ?
moi non comprendre vouloir aide,"Je ne comprends pas, je veux de l'aide."
moi aimer ami,J'aime mon ami.
moi aimer amour,J'aime l'amour.
moi aimer bebe,J'aime le bébé.
moi aimer chat,J'aime le chat.
moi aimer manger,J'aime manger.
moi aimer boire,J'aime boire.
moi aimer aller,J'aime partir.
moi aimer apprendre,J'aime apprendre.
moi non aimer,Je n'aime pas.
moi non aimer ami,Je n'aime pas mon ami.
moi non aimer amour,Je n'aime pas l'amour.
moi non aimer chat,Je n'aime pas le chat.
tu aimer ami,Tu aimes ton ami.
tu aimer amour,Tu aimes l'amour.
tu aimer bebe,Tu aimes le bébé.
tu aimer chat,Tu aimes le chat.
tu aimer moi,Tu m'aimes.
tu aimer manger,Tu aimes manger.
tu aimer apprendre,Tu aimes apprendre.
tu non aimer,Tu n'aimes pas.
tu non aimer chat,Tu n'aimes pas le chat.
nous aimer ami,Nous aimons notre ami.
nous aimer amour,Nous aimons l'amour.
nous aimer bebe,Nous aimons le bébé.
nous aimer chat,Nous aimons le chat.
nous aimer manger,Nous aimons manger.
nous aimer apprendre,Nous aimons apprendre.
nous aimer aller,Nous aimons partir.
nous non aimer,Nous n'aimons pas.
ami aimer moi,Mon ami m'aime.
ami aimer tu,Mon ami t'aime.
ami aimer amour,Mon ami aime l'amour.
ami aimer bebe,Mon ami aime le bébé.
ami aimer chat,Mon ami aime le chat.
ami aimer manger,Mon ami aime manger.
ami aimer apprendre,Mon ami aime apprendre.
ami non aimer,Mon ami n'aime pas.
ami non aimer chat,Mon ami n'aime pas le chat.
moi vouloir ami,Je veux un ami.
moi vouloir amour,Je veux de l'amour.
moi vouloir bebe,Je veux un bébé.
moi vouloir chat,Je veux un chat.
moi vouloir manger,Je veux manger.
moi vouloir boire,Je veux boire.
moi vouloir aller,Je veux partir.
moi vouloir apprendre,Je veux apprendre.
moi vouloir comprendre,Je veux comprendre.
moi vouloir changer,Je veux changer.
moi non vouloir,Je ne veux pas.
moi non vouloir ami,Je ne veux pas d'ami.
moi non vouloir chat,Je ne veux pas de chat.
moi non vouloir manger,Je ne veux pas manger.
moi non vouloir aller,Je ne veux pas partir.
tu vouloir ami,Tu veux un ami.
tu vouloir amour,Tu veux de l'amour.
tu vouloir chat,Tu veux un chat.
tu vouloir manger,Tu veux manger.
tu vouloir boire,Tu veux boire.
tu vouloir aller,Tu veux partir.
tu vouloir apprendre,Tu veux apprendre.
tu non vouloir,Tu ne veux pas.
tu non vouloir manger,Tu ne veux pas manger.
tu non vouloir aller,Tu ne veux pas partir.
nous vouloir amour,Nous voulons de l'amour.
nous vouloir manger,Nous voulons manger.
nous vouloir boire,Nous voulons boire.
nous vouloir aller,Nous voulons partir.
nous vouloir apprendre,Nous voulons apprendre.
nous vouloir changer,Nous voulons changer.
nous non vouloir,Nous ne voulons pas.
nous non vouloir aller,Nous ne voulons pas partir.
ami vouloir amour,Mon ami veut de l'amour.
ami vouloir chat,Mon ami veut un chat.
ami vouloir manger,Mon ami veut manger.
ami vouloir aller,Mon ami veut partir.
ami vouloir apprendre,Mon ami veut apprendre.
ami non vouloir,Mon ami ne veut pas.
ami non vouloir aller,Mon ami ne veut pas partir.
moi vouloir aller aujourd hui,Je veux partir aujourd'hui.
tu vouloir aller aujourd hui,Tu veux partir aujourd'hui.
nous vouloir aller aujourd hui,Nous voulons partir aujourd'hui.
ami vouloir aller aujourd hui,Mon ami veut partir aujourd'hui.
moi vouloir manger aujourd hui,Je veux manger aujourd'hui.
tu vouloir manger aujourd hui,Tu veux manger aujourd'hui.
nous vouloir manger aujourd hui,Nous voulons manger aujourd'hui.
moi vouloir boire aujourd hui,Je veux boire aujourd'hui.
moi vouloir apprendre bientot,Je veux apprendre bientôt.
tu vouloir apprendre bientot,Tu veux apprendre bientôt.
nous vouloir apprendre bientot,Nous voulons apprendre bientôt.
ami vouloir apprendre bientot,Mon ami veut apprendre bientôt.
moi aimer aller bientot,J'aime partir bientôt.
moi aimer manger aujourd hui,J'aime manger aujourd'hui.
comment tu aller avec ami,Comment vas-tu avec ton ami ?
comment tu apprendre ici,Comment apprends-tu ici ?
comment tu manger bien,Comment manges-tu bien ?
comment moi apprendre bien,Comment est-ce que j'apprends bien ?
comment nous apprendre bien,Comment apprenons-nous bien ?
comment ami apprendre ici,Comment mon ami apprend-il ici ?
comment moi comprendre tu,Comment est-ce que je te comprends ?
comment tu comprendre moi,Comment me comprends-tu ?
comment moi donner aide ami,Comment est-ce que je donne de l'aide à mon ami ?
comment tu donner aide bebe,Comment donnes-tu de l'aide au bébé ?
comment moi aller ici,Comment est-ce que je vais ici ?
comment tu aller ici,Comment vas-tu ici ?
comment nous aller ici,Comment allons-nous ici ?
comment moi attendre ami,Comment est-ce que j'attends mon ami ?
comment ami donner aide,Comment mon ami donne-t-il de l'aide ?
comment tu aimer chat,Comment aimes-tu le chat ?
comment moi aimer ami,Comment est-ce que j'aime mon ami ?
comment nous changer bientot,Comment changeons-nous bientôt ?
nous manger avec ami,Nous mangeons avec notre ami.
nous manger avec tu,Nous mangeons avec toi.
nous boire avec ami,Nous buvons avec notre ami.
nous apprendre avec ami,Nous apprenons avec notre ami.
nous aller bientot avec ami,Nous partons bientôt avec notre ami.
nous changer avec ami,Nous changeons avec notre ami.
nous aimer manger,Nous aimons manger.
nous aimer boire,Nous aimons boire.
nous aimer apprendre,Nous aimons apprendre.
nous aimer aller,Nous aimons partir.
nous aimer changer,Nous aimons changer.
nous non aimer changer,Nous n'aimons pas changer.
nous non aimer aller,Nous n'aimons pas partir.
nous aimer manger ici,Nous aimons manger ici.
nous aimer apprendre ici,Nous aimons apprendre ici.
nous aimer manger avec ami,Nous aimons manger avec notre ami.
nous aimer aller avec ami,Nous aimons aller avec notre ami.
aujourd hui nous vouloir aller avec ami,"Aujourd'hui, nous voulons aller avec notre ami."
aujourd hui nous vouloir apprendre bien,"Aujourd'hui, nous voulons apprendre."
aujourd hui nous aimer ami,"Aujourd'hui, nous aimons notre ami."
aujourd hui nous donner aide,"Aujourd'hui, nous donnons de l'aide."
aujourd hui nous attendre ami,"Aujourd'hui, nous attendons notre ami."
ami manger avec moi,Mon ami mange avec moi.
ami manger avec tu,Mon ami mange avec toi.
ami boire avec moi,Mon ami boit avec moi.
ami boire avec tu,Mon ami boit avec toi.
ami apprendre avec moi,Mon ami apprend avec moi.
ami apprendre avec tu,Mon ami apprend avec toi.
ami aller avec moi bientot,Mon ami part avec moi bientôt.
ami aller ici bientot,Mon ami va ici bientôt.
ami aller avec nous,Mon ami part avec nous.
ami aimer manger,Mon ami aime manger.
ami aimer boire,Mon ami aime boire.
ami aimer apprendre,Mon ami aime apprendre.
ami aimer aller,Mon ami aime partir.
ami non aimer manger,Mon ami n'aime pas manger.
ami non aimer aller,Mon ami n'aime pas partir.
ami aimer manger avec moi,Mon ami aime manger avec moi.
ami aimer apprendre avec moi,Mon ami aime apprendre avec moi.
aujourd hui ami vouloir aller avec moi,"Aujourd'hui, mon ami veut partir avec moi."
aujourd hui ami vouloir aide,"Aujourd'hui, mon ami veut de l'aide."
aujourd hui ami aimer moi,"Aujourd'hui, mon ami m'aime."
aujourd hui ami donner aide,"Aujourd'hui, mon ami donne de l'aide."
bonjour moi aller bientot,"Bonjour, je pars bientôt."
bonjour moi apprendre aujourd hui,"Bonjour, j'apprends aujourd'hui."
bonjour tu vouloir manger,"Bonjour, tu veux manger ?"
bonjour tu aller avec moi,"Bonjour, tu pars avec moi ?"
bonjour nous apprendre,"Bonjour, nous apprenons."
bonjour ami manger ici,"Bonjour, mon ami mange ici."
bonjour moi non comprendre,"Bonjour, je ne comprends pas."
bonjour moi vouloir apprendre,"Bonjour, je veux apprendre."
merci moi comprendre,"Merci, je comprends."
merci tu apprendre,"Merci, tu apprends."
merci nous apprendre,"Merci, nous apprenons."
merci ami comprendre,"Merci, mon ami comprend."
merci tu aller avec moi,"Merci, tu pars avec moi."
merci moi aimer tu,"Merci, je t'aime."
merci tu donner aide,"Merci, tu donnes de l'aide."
merci ami donner aide moi,"Merci, mon ami me donne de l'aide."
au revoir ami bientot,"Au revoir, à bientôt mon ami."
au revoir moi aller avec ami,"Au revoir, je pars avec mon ami."
au revoir nous aller bientot,"Au revoir, nous partons bientôt."
au revoir tu aller bientot,"Au revoir, tu pars bientôt."
au revoir ami aller avec nous,"Au revoir, mon ami part avec nous."
moi manger bientot avec ami,Je mange bientôt avec mon ami.
moi boire bientot avec ami,Je bois bientôt avec mon ami.
moi apprendre bientot avec ami,J'apprends bientôt avec mon ami.
tu manger bientot avec moi,Tu manges bientôt avec moi.
tu apprendre bientot avec moi,Tu apprends bientôt avec moi.
nous manger bientot avec ami,Nous mangeons bientôt avec notre ami.
nous apprendre bientot avec ami,Nous apprenons bientôt avec notre ami.
ami manger bientot avec moi,Mon ami mange bientôt avec moi.
ami aller bientot avec moi,Mon ami part bientôt avec moi.
moi aller ici bientot avec ami,Je vais ici bientôt avec mon ami.
oui moi aimer ami,Oui j'aime mon ami.
oui moi vouloir manger,Oui je veux manger.
oui moi vouloir boire,Oui je veux boire.
oui moi vouloir aller,Oui je veux partir.
oui moi vouloir apprendre,Oui je veux apprendre.
oui moi vouloir changer,Oui je veux changer.
oui tu vouloir aide,Oui tu veux de l'aide.
oui tu vouloir manger,Oui tu veux manger.
oui tu aimer ami,Oui tu aimes ton ami.
oui nous vouloir aller,Oui nous voulons partir.
oui nous vouloir apprendre,Oui nous voulons apprendre.
oui ami vouloir aide,Oui mon ami veut de l'aide.
oui ami vouloir manger,Oui mon ami veut manger.
non moi non vouloir manger,Non je ne veux pas manger.
non moi non vouloir aller,Non je ne veux pas partir.
non moi non vouloir apprendre,Non je ne veux pas apprendre.
non moi non aimer chat,Non je n'aime pas le chat.
non tu non vouloir aide,Non tu ne veux pas d'aide.
non tu non vouloir manger,Non tu ne veux pas manger.
non nous non vouloir aller,Non nous ne voulons pas partir.
non ami non vouloir aide,Non mon ami ne veut pas d'aide.
non ami non vouloir manger,Non mon ami ne veut pas manger.
moi vouloir manger avec ami aujourd hui,Je veux manger avec mon ami aujourd'hui.
moi vouloir boire avec ami aujourd hui,Je veux boire avec mon ami aujourd'hui.
moi vouloir apprendre avec ami aujourd hui,Je veux apprendre avec mon ami aujourd'hui.
moi vouloir aller avec ami aujourd hui,Je veux partir avec mon ami aujourd'hui.
tu vouloir manger avec moi aujourd hui,Tu veux manger avec moi aujourd'hui.
tu vouloir aller avec moi aujourd hui,Tu veux partir avec moi aujourd'hui.
nous vouloir manger avec ami aujourd hui,Nous voulons manger avec notre ami aujourd'hui.
nous vouloir aller avec ami aujourd hui,Nous voulons partir avec notre ami aujourd'hui.
ami vouloir manger avec moi aujourd hui,Mon ami veut manger avec moi aujourd'hui.
ami vouloir aller avec moi aujourd hui,Mon ami veut partir avec moi aujourd'hui.
moi vouloir manger avec ami bientot,Je veux manger avec mon ami bientôt.
moi vouloir aller avec ami bientot,Je veux partir avec mon ami bientôt.
moi vouloir apprendre avec ami bientot,Je veux apprendre avec mon ami bientôt.
tu vouloir aller avec moi bientot,Tu veux partir avec moi bientôt.
nous vouloir apprendre avec ami bientot,Nous voulons apprendre avec notre ami bientôt.
ami vouloir aller avec moi bientot,Mon ami veut partir avec moi bientôt.
moi aimer manger ici,J'aime manger ici.
moi aimer boire ici,J'aime boire ici.
moi aimer apprendre ici,J'aime apprendre ici.
moi aimer aller ici,J'aime aller ici.
tu aimer manger ici,Tu aimes manger ici.
tu aimer apprendre ici,Tu aimes apprendre ici.
nous aimer manger ici,Nous aimons manger ici.
nous aimer apprendre ici,Nous aimons apprendre ici.
ami aimer manger ici,Mon ami aime manger ici.
ami aimer apprendre ici,Mon ami aime apprendre ici.
moi aimer manger avec ami ici,J'aime manger avec mon ami ici.
moi aimer apprendre avec ami ici,J'aime apprendre avec mon ami ici.
moi non aimer manger ici,Je n'aime pas manger ici.
moi non aimer apprendre ici,Je n'aime pas apprendre ici.
tu non aimer manger ici,Tu n'aimes pas manger ici.
moi vouloir manger ici,Je veux manger ici.
moi vouloir boire ici,Je veux boire ici.
moi vouloir apprendre ici,Je veux apprendre ici.
moi vouloir aller ici,Je veux aller ici.
tu vouloir manger ici,Tu veux manger ici.
tu vouloir apprendre ici,Tu veux apprendre ici.
nous vouloir manger ici,Nous voulons manger ici.
nous vouloir apprendre ici,Nous voulons apprendre ici.
ami vouloir manger ici,Mon ami veut manger ici.
ami vouloir apprendre ici,Mon ami veut apprendre ici.
moi non vouloir manger ici,Je ne veux pas manger ici.
moi non vouloir aller ici,Je ne veux pas aller ici.
tu non vouloir manger ici,Tu ne veux pas manger ici.
ami non vouloir aller ici,Mon ami ne veut pas aller ici.
moi apprendre bien avec ami,J'apprends bien avec mon ami.
moi comprendre bien avec ami,Je comprends bien avec mon ami.
tu apprendre bien avec moi,Tu apprends bien avec moi.
nous apprendre bien avec ami,Nous apprenons bien avec notre ami.
ami apprendre bien avec moi,Mon ami apprend bien avec moi.
moi apprendre bien ici,J'apprends bien ici.
moi comprendre bien ici,Je comprends bien ici.
tu apprendre bien ici,Tu apprends bien ici.
nous apprendre bien ici,Nous apprenons bien ici.
ami apprendre bien ici,Mon ami apprend bien ici.
moi manger bien avec ami,Je mange bien avec mon ami.
tu manger bien avec moi,Tu manges bien avec moi.
nous manger bien avec ami,Nous mangeons bien avec notre ami.
moi boire bien avec ami,Je bois bien avec mon ami.
moi manger bien ici,Je mange bien ici.
tu manger bien ici,Tu manges bien ici.
nous manger bien ici,Nous mangeons bien ici.
ami manger bien ici,Mon ami mange bien ici.
moi aller bien avec ami,Je vais bien avec mon ami.
moi aller bien ici,Je vais bien ici.
aujourd hui moi apprendre bien avec ami,"Aujourd'hui, j'apprends bien avec mon ami."
aujourd hui tu apprendre bien avec moi,"Aujourd'hui, tu apprends bien avec moi."
aujourd hui nous apprendre bien avec ami,"Aujourd'hui, nous apprenons bien avec notre ami."
aujourd hui moi manger bien avec ami,"Aujourd'hui, je mange bien avec mon ami."
aujourd hui moi aller bien avec ami,"Aujourd'hui, je vais bien avec mon ami."
moi vouloir apprendre bien,Je veux apprendre.
moi vouloir comprendre bien,Je veux bien comprendre.
tu vouloir apprendre bien,Tu veux apprendre.
nous vouloir apprendre bien,Nous voulons apprendre.
ami vouloir apprendre bien,Mon ami veut apprendre.
moi aimer apprendre bien,J'aime apprendre.
moi aimer comprendre bien,J'aime bien comprendre.
tu aimer apprendre bien,Tu aimes apprendre.
nous aimer apprendre bien,Nous aimons apprendre.
ami aimer apprendre bien,Mon ami aime apprendre.
oui moi apprendre bien,Oui j'apprends bien.
oui tu apprendre bien,Oui tu apprends bien.
oui nous apprendre bien,Oui nous apprenons bien.
oui ami apprendre bien,Oui mon ami apprend bien.
non moi non apprendre bien,Non je n'apprends pas bien.
non tu non apprendre bien,Non tu n'apprends pas bien.
non ami non comprendre bien,Non mon ami ne comprend pas bien.
moi aimer ami amour,J'aime mon ami avec amour.
tu aimer moi amour,Tu m'aimes avec amour.
ami aimer moi amour,Mon ami m'aime avec amour.
nous aimer amour bien,Nous aimons vraiment l'amour.
moi donner amour bien,Je donne de l'amour sincèrement.
moi vouloir amour aujourd hui,Je veux de l'amour aujourd'hui.
moi vouloir amour bientot,Je veux de l'amour bientôt.
tu vouloir amour aujourd hui,Tu veux de l'amour aujourd'hui.
ami vouloir amour aujourd hui,Mon ami veut de l'amour aujourd'hui.
moi non vouloir amour,Je ne veux pas d'amour.
tu non vouloir amour,Tu ne veux pas d'amour.
ami non vouloir amour,Mon ami ne veut pas d'amour.
bonjour amour bien,Bonjour mon amour.
au revoir amour bientot,Au revoir mon amour à bientôt.
merci amour,Merci mon amour.
moi aimer bebe bien,J'aime vraiment le bébé.
tu aimer bebe bien,Tu aimes vraiment le bébé.
nous aimer bebe bien,Nous aimons vraiment le bébé.
ami aimer bebe bien,Mon ami aime vraiment le bébé.
moi vouloir aide bebe,Je veux de l'aide pour le bébé.
tu vouloir aide bebe,Tu veux de l'aide pour le bébé.
nous vouloir aide bebe,Nous voulons de l'aide pour le bébé.
ami vouloir aide bebe,Mon ami veut de l'aide pour le bébé.
moi donner aide bebe aujourd hui,Je donne de l'aide au bébé aujourd'hui.
tu donner aide bebe aujourd hui,Tu donnes de l'aide au bébé aujourd'hui.
ami donner aide bebe aujourd hui,Mon ami donne de l'aide au bébé aujourd'hui.
moi aimer chat bien,J'aime vraiment le chat.
tu aimer chat bien,Tu aimes vraiment le chat.
nous aimer chat bien,Nous aimons vraiment le chat.
ami aimer chat bien,Mon ami aime vraiment le chat.
chat manger bien ici,Le chat mange bien ici.
chat boire bien ici,Le chat boit bien ici.
bebe manger bien ici,Le bébé mange bien ici.
bebe boire bien ici,Le bébé boit bien ici.
bebe aller avec moi aujourd hui,Le bébé vient avec moi aujourd'hui.
chat aller avec ami bientot,Le chat part avec l'ami bientôt.
moi aimer chat manger,J'aime que le chat mange.
moi aimer bebe manger,J'aime voir le bébé manger.
ami aimer chat boire,Mon ami aime voir le chat boire.
moi changer bientot avec ami,Je change bientôt avec mon ami.
tu changer bientot avec moi,Tu changes bientôt avec moi.
nous changer bientot avec ami,Nous changeons bientôt avec notre ami.
moi changer aujourd hui avec ami,Je change aujourd'hui avec mon ami.
tu changer aujourd hui avec moi,Tu changes aujourd'hui avec moi.
nous changer aujourd hui avec ami,Nous changeons aujourd'hui avec notre ami.
ami changer aujourd hui avec moi,Mon ami change aujourd'hui avec moi.
moi vouloir changer avec ami,Je veux changer avec mon ami.
tu vouloir changer avec moi,Tu veux changer avec moi.
nous vouloir changer avec ami,Nous voulons changer avec notre ami.
ami vouloir changer avec moi,Mon ami veut changer avec moi.
moi aimer changer avec ami,J'aime changer avec mon ami.
moi non vouloir changer avec tu,Je ne veux pas changer avec toi.
ami non vouloir changer avec moi,Mon ami ne veut pas changer avec moi.
aujourd hui moi vouloir changer avec ami,"Aujourd'hui, je veux changer avec mon ami."
moi comprendre tu,Je te comprends.
tu comprendre moi,Tu me comprends.
moi non comprendre tu,Je ne te comprends pas.
tu non comprendre moi,Tu ne me comprends pas.
ami comprendre moi,Mon ami me comprend.
ami comprendre tu,Mon ami te comprend.
ami non comprendre moi,Mon ami ne me comprend pas.
nous comprendre ami,Nous comprenons notre ami.
nous non comprendre ami,Nous ne comprenons pas notre ami.
moi vouloir comprendre tu,Je veux te comprendre.
tu vouloir comprendre moi,Tu veux me comprendre.
ami vouloir comprendre moi,Mon ami veut me comprendre.
moi aimer comprendre tu,J'aime te comprendre.
aujourd hui moi comprendre ami,"Aujourd'hui, je comprends mon ami."
aujourd hui ami comprendre moi,"Aujourd'hui, mon ami me comprend."
aujourd hui tu comprendre moi bien,"Aujourd'hui, tu me comprends bien."
moi apprendre avec tu,J'apprends avec toi.
moi apprendre avec ami bientot,J'apprends avec mon ami bientôt.
moi apprendre avec ami aujourd hui,J'apprends avec mon ami aujourd'hui.
tu apprendre avec ami aujourd hui,Tu apprends avec ton ami aujourd'hui.
nous apprendre avec ami aujourd hui,Nous apprenons avec notre ami aujourd'hui.
ami apprendre avec moi aujourd hui,Mon ami apprend avec moi aujourd'hui.
moi vouloir apprendre avec tu,Je veux apprendre avec toi.
tu vouloir apprendre avec ami,Tu veux apprendre avec ton ami.
nous vouloir apprendre avec tu,Nous voulons apprendre avec toi.
moi aimer apprendre avec tu,J'aime apprendre avec toi.
ami aimer apprendre avec tu,Mon ami aime apprendre avec toi.
non moi non vouloir apprendre avec tu,Non je ne veux pas apprendre avec toi.
non ami non vouloir apprendre avec moi,Non mon ami ne veut pas apprendre avec moi.
moi attendre ami aujourd hui ici,J'attends mon ami ici aujourd'hui.
tu attendre moi aujourd hui ici,Tu m'attends ici aujourd'hui.
ami attendre moi aujourd hui ici,Mon ami m'attend ici aujourd'hui.
nous attendre ami aujourd hui ici,Nous attendons notre ami ici aujourd'hui.
moi attendre ami bientot ici,J'attends mon ami ici bientôt.
tu attendre moi bientot ici,Tu m'attends ici bientôt.
ami attendre moi bientot ici,Mon ami m'attend ici bientôt.
moi vouloir attendre ami,Je veux attendre mon ami.
tu vouloir attendre moi,Tu veux m'attendre.
ami vouloir attendre moi,Mon ami veut m'attendre.
nous vouloir attendre ami,Nous voulons attendre notre ami.
moi non vouloir attendre,Je ne veux pas attendre.
tu non vouloir attendre,Tu ne veux pas attendre.
ami non vouloir attendre,Mon ami ne veut pas attendre.
moi aimer attendre ami,J'aime attendre mon ami.
aujourd hui moi attendre ami avec tu,"Aujourd'hui, j'attends mon ami avec toi."
aujourd hui ami attendre moi avec tu,"Aujourd'hui, mon ami m'attend avec toi."
moi donner aide ami aujourd hui ici,Je donne de l'aide à mon ami ici aujourd'hui.
tu donner aide moi aujourd hui ici,Tu me donnes de l'aide ici aujourd'hui.
ami donner aide moi aujourd hui ici,Mon ami me donne de l'aide ici aujourd'hui.
nous donner aide ami aujourd hui ici,Nous donnons de l'aide à notre ami ici aujourd'hui.
moi vouloir donner aide,Je veux donner de l'aide.
tu vouloir donner aide,Tu veux donner de l'aide.
ami vouloir donner aide,Mon ami veut donner de l'aide.
nous vouloir donner aide,Nous voulons donner de l'aide.
moi non vouloir donner aide,Je ne veux pas donner d'aide.
moi aimer donner aide,J'aime donner de l'aide.
ami aimer donner aide,Mon ami aime donner de l'aide.
nous aimer donner aide,Nous aimons donner de l'aide.
comment moi donner aide,Comment est-ce que je donne de l'aide ?
comment tu donner aide,Comment donnes-tu de l'aide ?
comment nous donner aide,Comment donnons-nous de l'aide ?
comment ami donner aide moi,Comment mon ami me donne-t-il de l'aide ?
comment moi attendre ami ici,Comment est-ce que j'attends mon ami ici ?
comment tu attendre moi ici,Comment m'attends-tu ici ?
comment ami attendre moi,Comment mon ami m'attend-il ?
comment nous attendre ami,Comment attendons-nous notre ami ?
comment moi vouloir aide aujourd hui,Comment est-ce que je veux de l'aide aujourd'hui ?
comment tu vouloir apprendre avec ami,Comment veux-tu apprendre avec ton ami ?
comment moi aimer ami bien,Comment est-ce que j'aime mon ami ?
comment ami aimer moi,Comment mon ami m'aime-t-il ?
moi bien,Je vais bien.
tu bien,Tu vas bien.
ami bien,Mon ami va bien.
nous bien,Nous allons bien.
moi non bien,Je ne vais pas bien.
tu non bien,Tu ne vas pas bien.
ami non bien,Mon ami ne va pas bien.
oui bien,Oui ça va bien.
non non bien,Non ça ne va pas bien.
comment tu bien,Comment vas-tu ?
comment moi bien,Comment est-ce que je vais ?
bonjour moi bien,Bonjour je vais bien.
bonjour tu bien,Bonjour tu vas bien ?
bonjour ami bien,Bonjour mon ami va bien.
merci moi bien,Merci je vais bien.
moi bon bien,Je suis bien bon.
tu bon bien,Tu es bien bon.
ami bon bien,Mon ami est bien bon.
moi non bon bien,Je ne suis pas bien bon.
moi aller bien avec ami,Je vais bien avec mon ami.
tu aller bien avec moi,Tu vas bien avec moi.
nous aller bien avec ami,Nous allons bien avec notre ami.
ami aller bien avec moi,Mon ami va bien avec moi.
moi apprendre bien avec tu aujourd hui,J'apprends bien avec toi aujourd'hui.
tu apprendre bien avec moi aujourd hui,Tu apprends bien avec moi aujourd'hui.
nous apprendre bien avec ami aujourd hui,Nous apprenons bien avec notre ami aujourd'hui.
ami apprendre bien avec moi aujourd hui,Mon ami apprend bien avec moi aujourd'hui.
moi manger bien avec ami aujourd hui,Je mange bien avec mon ami aujourd'hui.
moi boire bien avec ami aujourd hui,Je bois bien avec mon ami aujourd'hui.
moi aller bien avec ami aujourd hui,Je pars bien avec mon ami aujourd'hui.
moi apprendre bien avec ami bientot,J'apprends bien avec mon ami bientôt.
moi manger bien avec ami bientot,Je mange bien avec mon ami bientôt.
moi aller bien avec ami bientot,Je pars bien avec mon ami bientôt.
aujourd hui moi aller bien,"Aujourd'hui, je vais bien."
aujourd hui tu aller bien,"Aujourd'hui, tu vas bien."
aujourd hui ami aller bien,"Aujourd'hui, mon ami va bien."
aujourd hui nous aller bien,"Aujourd'hui, nous allons bien."
aujourd hui moi non aller bien,"Aujourd'hui, je ne vais pas bien."
aujourd hui ami non aller bien,"Aujourd'hui, mon ami ne va pas bien."
bonjour comment tu bien,Bonjour comment vas-tu ?
bonjour moi aller bien bientot,"Bonjour, je vais mieux bientôt."
merci tu bien,Merci tu vas bien ?
au revoir tu bien,Au revoir tu vas bien ?
moi aller avec bebe,Je pars avec le bébé.
tu aller avec bebe,Tu pars avec le bébé.
ami aller avec bebe,Mon ami part avec le bébé.
nous aller avec bebe,Nous partons avec le bébé.
moi manger avec bebe,Je mange avec le bébé.
ami manger avec bebe,Mon ami mange avec le bébé.
moi aller avec chat,Je pars avec le chat.
ami aller avec chat,Mon ami part avec le chat.
nous aller avec chat,Nous partons avec le chat.
moi manger avec chat,Je mange avec le chat.
bebe aller avec chat,Le bébé part avec le chat.
bebe aimer aller avec chat,Le bébé aime partir avec le chat.
moi vouloir aller avec bebe,Je veux partir avec le bébé.
moi vouloir aller avec chat,Je veux partir avec le chat.
tu vouloir aller avec bebe,Tu veux partir avec le bébé.
moi aimer aller avec bebe,J'aime partir avec le bébé.
moi aimer aller avec chat,J'aime partir avec le chat.
ami aimer aller avec bebe,Mon ami aime partir avec le bébé.
ami aimer aller avec chat,Mon ami aime partir avec le chat.
aujourd hui moi aller avec bebe,"Aujourd'hui, je pars avec le bébé."
aujourd hui moi aller avec chat,"Aujourd'hui, je pars avec le chat."
aujourd hui ami aller avec bebe,"Aujourd'hui, mon ami part avec le bébé."
moi donner aide bebe ici,Je donne de l'aide au bébé ici.
moi donner aide bebe bientot,Je donne de l'aide au bébé bientôt.
moi donner aide bebe aujourd hui,Je donne de l'aide au bébé aujourd'hui.
moi attendre bebe ici,J'attends le bébé ici.
moi attendre bebe bientot,J'attends le bébé bientôt.
ami attendre bebe ici,Mon ami attend le bébé ici.
ami attendre bebe bientot,Mon ami attend le bébé bientôt.
moi non attendre bebe,Je n'attends pas le bébé.
moi non attendre chat,Je n'attends pas le chat.
comment moi aller avec bebe,Comment est-ce que je pars avec le bébé ?
comment moi donner aide bebe,Comment est-ce que je donne de l'aide au bébé ?
oui moi aller avec bebe,Oui je pars avec le bébé.
oui moi aimer bebe,Oui j'aime le bébé.
non moi non aimer bebe,Non je n'aime pas le bébé.
oui moi aimer chat,Oui j'aime le chat.
non moi non aimer chat,Non je n'aime pas le chat.
moi ici,Je suis ici.
tu ici,Tu es ici.
ami ici,Mon ami est ici.
nous ici,Nous sommes ici.
moi non ici,Je ne suis pas ici.
tu non ici,Tu n'es pas ici.
ami non ici,Mon ami n'est pas ici.
bebe ici,Le bébé est ici.
chat ici,Le chat est ici.
ami ici avec moi,Mon ami est ici avec moi.
ami ici avec tu,Mon ami est ici avec toi.
nous ici avec ami,Nous sommes ici avec notre ami.
moi ici avec ami,Je suis ici avec mon ami.
moi ici bientot,Je serai ici bientôt.
tu ici bientot,Tu seras ici bientôt.
ami ici bientot,Mon ami sera ici bientôt.
nous ici bientot,Nous serons ici bientôt.
moi ici aujourd hui,Je suis ici aujourd'hui.
tu ici aujourd hui,Tu es ici aujourd'hui.
ami ici aujourd hui,Mon ami est ici aujourd'hui.
nous ici aujourd hui,Nous sommes ici aujourd'hui.
bonjour moi ici,"Bonjour, je suis ici."
bonjour ami ici,"Bonjour, mon ami est ici."
oui moi ici,Oui je suis ici.
oui ami ici,Oui mon ami est ici.
non moi non ici,Non je ne suis pas ici.
non ami non ici,Non mon ami n'est pas ici.
aujourd hui moi ici,"Aujourd'hui, je suis ici."
aujourd hui ami ici,"Aujourd'hui, mon ami est ici."
aujourd hui nous ici,"Aujourd'hui, nous sommes ici."
moi ici avec bebe,Je suis ici avec le bébé.
moi ici avec chat,Je suis ici avec le chat.
ami ici avec bebe,Mon ami est ici avec le bébé.
ami ici avec nous,Mon ami est ici avec nous.
moi bientot,Je suis là bientôt.
tu bientot,Tu seras là bientôt.
ami bientot,Mon ami sera là bientôt.
nous bientot,Nous serons là bientôt.
bebe bientot,Le bébé arrive bientôt.
chat bientot,Le chat arrive bientôt.
bonjour bientot,À bientôt.
au revoir bientot,Au revoir à bientôt.
merci bientot,Merci à bientôt.
moi bientot avec ami,Je serai là bientôt avec mon ami.
ami bientot avec moi,Mon ami sera là bientôt avec moi.
ami bientot ici,Mon ami sera ici bientôt.
moi bientot ici,Je serai ici bientôt.
nous bientot ici,Nous serons ici bientôt.
aujourd hui bientot,C'est pour aujourd'hui bientôt.
moi aujourd hui,Je suis là aujourd'hui.
tu aujourd hui,Tu es là aujourd'hui.
ami aujourd hui,Mon ami est là aujourd'hui.
nous aujourd hui,Nous sommes là aujourd'hui.
bebe aujourd hui,Le bébé est là aujourd'hui.
bonjour aujourd hui,Bonjour aujourd'hui.
au revoir aujourd hui,Au revoir aujourd'hui.
merci aujourd hui,Merci pour aujourd'hui.
ami aujourd hui avec moi,Mon ami est là aujourd'hui avec moi.
moi aujourd hui ici,Je suis ici aujourd'hui.
ami aujourd hui ici,Mon ami est ici aujourd'hui.
nous aujourd hui ici,Nous sommes ici aujourd'hui.
moi aujourd hui bientot,Je suis là aujourd'hui et bientôt.
moi vouloir aide bien,Je veux vraiment de l'aide.
tu vouloir aide bien,Tu veux vraiment de l'aide.
moi vouloir aide ici bien,Je veux de l'aide ici.
moi vouloir aide ami,Je veux l'aide de mon ami.
moi vouloir aide tu,Je veux ton aide.
tu vouloir aide moi,Tu veux mon aide.
ami vouloir aide moi,Mon ami veut mon aide.
moi donner aide bien,Je donne de l'aide avec plaisir.
ami donner aide bien,Mon ami donne de l'aide avec plaisir.
tu donner aide bien,Tu donnes de l'aide avec plaisir.
nous donner aide bien,Nous donnons de l'aide avec plaisir.
oui moi donner aide,Oui je donne de l'aide.
oui ami donner aide,Oui mon ami donne de l'aide.
non moi non donner aide,Non je ne donne pas d'aide.
non ami non donner aide,Non mon ami ne donne pas d'aide.
moi aimer aide,J'aime avoir de l'aide.
tu aimer aide,Tu aimes avoir de l'aide.
ami aimer aide,Mon ami aime avoir de l'aide.
nous aimer aide,Nous aimons avoir de l'aide.
moi aimer donner aide ami,J'aime donner de l'aide à mon ami.
ami aimer donner aide moi,Mon ami aime me donner de l'aide.
nous aimer donner aide ami,Nous aimons donner de l'aide à notre ami.
moi aimer attendre ami ici,J'aime attendre mon ami ici.
tu aimer attendre moi ici,Tu aimes m'attendre ici.
ami aimer attendre moi ici,Mon ami aime m'attendre ici.
moi aimer manger avec bebe,J'aime manger avec le bébé.
moi aimer manger avec chat,J'aime manger avec le chat.
ami aimer manger avec bebe,Mon ami aime manger avec le bébé.
moi aimer apprendre avec bebe,J'aime apprendre avec le bébé.
moi vouloir manger avec bebe,Je veux manger avec le bébé.
moi vouloir manger avec chat,Je veux manger avec le chat.
tu vouloir manger avec bebe,Tu veux manger avec le bébé.
moi vouloir boire avec bebe,Je veux boire avec le bébé.
moi vouloir apprendre avec bebe,Je veux apprendre avec le bébé.
tu vouloir apprendre avec bebe,Tu veux apprendre avec le bébé.
moi vouloir aller avec bebe aujourd hui,Je veux partir avec le bébé aujourd'hui.
moi vouloir aller avec chat aujourd hui,Je veux partir avec le chat aujourd'hui.
ami vouloir aller avec bebe aujourd hui,Mon ami veut partir avec le bébé aujourd'hui.
moi aimer apprendre bientot,J'aime apprendre bientôt.
moi aimer manger bientot,J'aime manger bientôt.
moi aimer aller bientot,J'aime partir bientôt.
moi aimer changer bientot,J'aime changer bientôt.
moi aimer apprendre aujourd hui,J'aime apprendre aujourd'hui.
moi aimer manger aujourd hui,J'aime manger aujourd'hui.
moi aimer aller aujourd hui,J'aime partir aujourd'hui.
moi aimer changer aujourd hui,J'aime changer aujourd'hui.
tu aimer apprendre aujourd hui,Tu aimes apprendre aujourd'hui.
tu aimer manger aujourd hui,Tu aimes manger aujourd'hui.
tu aimer aller aujourd hui,Tu aimes partir aujourd'hui.
nous aimer apprendre aujourd hui,Nous aimons apprendre aujourd'hui.
nous aimer manger aujourd hui,Nous aimons manger aujourd'hui.
ami aimer apprendre aujourd hui,Mon ami aime apprendre aujourd'hui.
ami aimer manger aujourd hui,Mon ami aime manger aujourd'hui.
ami aimer aller aujourd hui,Mon ami aime partir aujourd'hui.
moi non aimer manger aujourd hui,Je n'aime pas manger aujourd'hui.
moi non aimer aller aujourd hui,Je n'aime pas partir aujourd'hui.
tu non aimer apprendre aujourd hui,Tu n'aimes pas apprendre aujourd'hui.
ami non aimer manger aujourd hui,Mon ami n'aime pas manger aujourd'hui.
moi vouloir manger ici avec ami,Je veux manger ici avec mon ami.
moi vouloir boire ici avec ami,Je veux boire ici avec mon ami.
moi vouloir apprendre ici avec ami,Je veux apprendre ici avec mon ami.
tu vouloir manger ici avec moi,Tu veux manger ici avec moi.
tu vouloir apprendre ici avec moi,Tu veux apprendre ici avec moi.
nous vouloir manger ici avec ami,Nous voulons manger ici avec notre ami.
nous vouloir apprendre ici avec ami,Nous voulons apprendre ici avec notre ami.
ami vouloir manger ici avec moi,Mon ami veut manger ici avec moi.
ami vouloir apprendre ici avec moi,Mon ami veut apprendre ici avec moi.
moi non vouloir manger ici,Je ne veux pas manger ici.
moi non vouloir boire ici,Je ne veux pas boire ici.
tu non vouloir manger ici,Tu ne veux pas manger ici.
ami non vouloir manger ici,Mon ami ne veut pas manger ici.
nous non vouloir manger ici,Nous ne voulons pas manger ici.
moi aimer manger ici avec ami,J'aime manger ici avec mon ami.
tu aimer manger ici avec moi,Tu aimes manger ici avec moi.
nous aimer manger ici avec ami,Nous aimons manger ici avec notre ami.
ami aimer manger ici avec moi,Mon ami aime manger ici avec moi.
moi non aimer manger ici,Je n'aime pas manger ici.
moi vouloir apprendre ici avec ami bientot,Je veux apprendre ici avec mon ami bientôt.
moi vouloir manger ici avec ami aujourd hui,Je veux manger ici avec mon ami aujourd'hui.
moi vouloir aller ici avec ami aujourd hui,Je veux aller ici avec mon ami aujourd'hui.
tu vouloir aller ici avec moi aujourd hui,Tu veux aller ici avec moi aujourd'hui.
nous vouloir aller ici avec ami aujourd hui,Nous voulons aller ici avec notre ami aujourd'hui.
ami vouloir aller ici avec moi aujourd hui,Mon ami veut aller ici avec moi aujourd'hui.
moi vouloir apprendre ici avec ami aujourd hui,Je veux apprendre ici avec mon ami aujourd'hui.
tu vouloir apprendre ici avec ami aujourd hui,Tu veux apprendre ici avec ton ami aujourd'hui.
nous vouloir apprendre ici avec ami aujourd hui,Nous voulons apprendre ici avec notre ami aujourd'hui.
moi vouloir manger ici avec ami bientot,Je veux manger ici avec mon ami bientôt.
moi vouloir aller ici avec ami bientot,Je veux aller ici avec mon ami bientôt.
tu vouloir aller ici avec moi bientot,Tu veux aller ici avec moi bientôt.
nous vouloir aller ici avec ami bientot,Nous voulons aller ici avec notre ami bientôt.
moi donner amour ami aujourd hui,Je donne de l'amour à mon ami aujourd'hui.
moi donner amour bebe aujourd hui,Je donne de l'amour au bébé aujourd'hui.
tu donner amour moi aujourd hui,Tu me donnes de l'amour aujourd'hui.
ami donner amour moi aujourd hui,Mon ami me donne de l'amour aujourd'hui.
moi donner amour ami bientot,Je donne de l'amour à mon ami bientôt.
tu donner amour moi bientot,Tu me donnes de l'amour bientôt.
moi donner amour ami ici,Je donne de l'amour à mon ami ici.
ami donner amour moi ici,Mon ami me donne de l'amour ici.
moi vouloir donner amour ami,Je veux donner de l'amour à mon ami.
moi vouloir donner amour bebe,Je veux donner de l'amour au bébé.
ami vouloir donner amour moi,Mon ami veut me donner de l'amour.
moi aimer donner amour ami,J'aime donner de l'amour à mon ami.
ami aimer donner amour moi,Mon ami aime me donner de l'amour.
moi non donner amour,Je ne donne pas d'amour.
ami non donner amour moi,Mon ami ne me donne pas d'amour.
oui moi donner amour ami,Oui je donne de l'amour à mon ami.
non moi non donner amour,Non je ne donne pas d'amour.
moi aimer amour ami,J'aime l'amour de mon ami.
tu aimer amour moi,Tu aimes mon amour.
ami aimer amour moi,Mon ami aime mon amour.
nous aimer amour ami,Nous aimons l'amour de notre ami.
moi vouloir amour ami,Je veux l'amour de mon ami.
tu vouloir amour moi,Tu veux mon amour.
ami vouloir amour moi,Mon ami veut mon amour.
moi attendre amour,J'attends l'amour.
moi non vouloir amour aujourd hui,Je ne veux pas d'amour aujourd'hui.
bonjour moi vouloir amour,"Bonjour, je veux de l'amour."
bonjour tu aimer amour,"Bonjour, tu aimes l'amour ?"
merci tu amour,Merci pour ton amour.
merci ami amour,Merci pour l'amour de mon ami.
au revoir amour bientot,Au revoir mon amour à bientôt.
moi changer avec amour,Je change avec amour.
ami changer avec amour,Mon ami change avec amour.
moi apprendre avec amour,J'apprends avec amour.
moi aller avec amour,Je pars avec amour.
moi apprendre aujourd hui bien,J'apprends bien aujourd'hui.
tu apprendre aujourd hui bien,Tu apprends bien aujourd'hui.
ami apprendre aujourd hui bien,Mon ami apprend bien aujourd'hui.
nous apprendre aujourd hui bien,Nous apprenons bien aujourd'hui.
moi comprendre aujourd hui bien,Je comprends bien aujourd'hui.
tu comprendre aujourd hui bien,Tu comprends bien aujourd'hui.
ami comprendre aujourd hui bien,Mon ami comprend bien aujourd'hui.
moi manger aujourd hui bien,Je mange bien aujourd'hui.
tu manger aujourd hui bien,Tu manges bien aujourd'hui.
ami manger aujourd hui bien,Mon ami mange bien aujourd'hui.
nous manger aujourd hui bien,Nous mangeons bien aujourd'hui.
moi boire aujourd hui bien,Je bois bien aujourd'hui.
moi aller aujourd hui bien,Je pars bien aujourd'hui.
tu aller aujourd hui bien,Tu pars bien aujourd'hui.
ami aller aujourd hui bien,Mon ami part bien aujourd'hui.
moi apprendre bientot bien,J'apprends bien bientôt.
tu apprendre bientot bien,Tu apprends bien bientôt.
ami apprendre bientot bien,Mon ami apprend bien bientôt.
nous apprendre bientot bien,Nous apprenons bien bientôt.
moi manger bientot bien,Je mange bien bientôt.
moi aller bientot bien,Je pars bien bientôt.
ami aller bientot bien,Mon ami part bien bientôt.
nous aller bientot bien,Nous partons bien bientôt.
moi aller avec ami bien,Je pars bien avec mon ami.
tu aller avec moi bien,Tu pars bien avec moi.
nous aller avec ami bien,Nous partons bien avec notre ami.
ami aller avec moi bien,Mon ami part bien avec moi.
moi manger avec ami bien,Je mange bien avec mon ami.
moi apprendre avec ami bien,J'apprends bien avec mon ami.
moi apprendre ici bien,J'apprends bien ici.
tu apprendre ici bien,Tu apprends bien ici.
ami apprendre ici bien,Mon ami apprend bien ici.
nous apprendre ici bien,Nous apprenons bien ici.
moi manger ici bien,Je mange bien ici.
moi aller ici bien,Je vais bien ici.
ami manger ici bien,Mon ami mange bien ici.
moi changer bien bientot,Je change bien bientôt.
moi changer bien aujourd hui,Je change bien aujourd'hui.
ami changer bien bientot,Mon ami change bien bientôt.
nous changer bien aujourd hui,Nous changeons bien aujourd'hui.
moi vouloir changer bien,Je veux vraiment changer.
tu vouloir changer bien,Tu veux vraiment changer.
ami vouloir changer bien,Mon ami veut vraiment changer.
moi aimer changer bien,J'aime vraiment changer.
moi non vouloir changer bien,Je ne veux vraiment pas changer.
ami non vouloir changer bien,Mon ami ne veut vraiment pas changer.
moi vouloir apprendre bien avec ami,Je veux vraiment apprendre avec mon ami.
moi vouloir apprendre bien ici,Je veux vraiment apprendre ici.
moi vouloir manger bien ici,Je veux manger ici.
moi vouloir manger bien avec ami,Je veux manger avec mon ami.
moi vouloir aller bien avec ami,Je veux vraiment partir avec mon ami.
moi vouloir aller bien ici,Je veux vraiment aller ici.
tu vouloir apprendre bien avec moi,Tu veux vraiment apprendre avec moi.
nous vouloir apprendre bien avec ami,Nous voulons vraiment apprendre avec notre ami.
ami vouloir apprendre bien avec moi,Mon ami veut vraiment apprendre avec moi.
oui moi apprendre bien avec ami,Oui j'apprends bien avec mon ami.
oui tu apprendre bien avec moi,Oui tu apprends bien avec moi.
oui nous apprendre bien avec ami,Oui nous apprenons bien avec notre ami.
oui ami apprendre bien avec moi,Oui mon ami apprend bien avec moi.
non moi non apprendre bien avec ami,Non je n'apprends pas bien avec mon ami.
non ami non apprendre bien avec moi,Non mon ami n'apprend pas bien avec moi.
oui moi manger bien avec ami,Oui je mange bien avec mon ami.
oui nous aller bien avec ami,Oui nous partons bien avec notre ami.
non moi non aller bien avec ami,Non je ne pars pas bien avec mon ami.
oui moi changer bientot,Oui je change bientôt.
non moi non changer bientot,Non je ne change pas bientôt.
oui ami changer aujourd hui,Oui mon ami change aujourd'hui.
non ami non changer aujourd hui,Non mon ami ne change pas aujourd'hui.
bonjour moi apprendre bien,"Bonjour, j'apprends bien."
bonjour tu apprendre bien,"Bonjour, tu apprends bien ?"
bonjour nous apprendre bien,"Bonjour, nous apprenons bien."
bonjour ami apprendre bien,"Bonjour, mon ami apprend bien."
bonjour moi comprendre bien,"Bonjour, je comprends bien."
bonjour tu aller bien,"Bonjour, tu vas bien ?"
bonjour moi manger bien,"Bonjour, je mange bien."
bonjour nous manger avec ami,"Bonjour, nous mangeons avec notre ami."
bonjour moi vouloir manger,"Bonjour, je veux manger."
bonjour tu vouloir apprendre,"Bonjour, tu veux apprendre ?"
bonjour moi vouloir changer,"Bonjour, je veux changer."
bonjour moi aimer tu,"Bonjour, je t'aime."
bonjour ami aimer moi,"Bonjour, mon ami m'aime."
merci tu apprendre bien,"Merci, tu apprends bien."
merci moi apprendre bien,"Merci, j'apprends bien."
merci nous apprendre bien,"Merci, nous apprenons bien."
merci ami apprendre bien,"Merci, mon ami apprend bien."
merci moi manger bien,"Merci, je mange bien."
merci tu manger bien,"Merci, tu manges bien."
merci moi aller avec ami,"Merci, je pars avec mon ami."
merci tu aller avec moi,"Merci, tu pars avec moi."
merci ami aller avec moi,"Merci, mon ami part avec moi."
merci moi comprendre bien,"Merci, je comprends bien."
au revoir moi apprendre bientot,"Au revoir, j'apprends bientôt."
au revoir nous apprendre bientot,"Au revoir, nous apprenons bientôt."
au revoir moi manger bientot,"Au revoir, je mange bientôt."
au revoir ami manger bientot,"Au revoir, mon ami mange bientôt."
au revoir moi aller ici bientot,"Au revoir, je vais ici bientôt."
au revoir nous aller avec ami bientot,"Au revoir, nous partons bientôt avec notre ami."
moi apprendre ami,J'apprends avec mon ami.
moi manger ami,Je mange avec mon ami.
moi boire ami,Je bois avec mon ami.
moi aller ami,Je pars avec mon ami.
moi changer ami,Je change avec mon ami.
tu apprendre ami,Tu apprends avec ton ami.
tu manger ami,Tu manges avec ton ami.
tu aller ami,Tu pars avec ton ami.
nous apprendre ami,Nous apprenons avec notre ami.
nous manger ami,Nous mangeons avec notre ami.
nous aller ami,Nous partons avec notre ami.
nous changer ami,Nous changeons avec notre ami.
ami apprendre nous,Mon ami apprend avec nous.
ami manger nous,Mon ami mange avec nous.
ami aller nous,Mon ami part avec nous.
moi non apprendre ami,Je n'apprends pas avec mon ami.
moi non manger ami,Je ne mange pas avec mon ami.
moi non aller ami,Je ne pars pas avec mon ami.
tu non apprendre ami,Tu n'apprends pas avec ton ami.
ami non apprendre nous,Mon ami n'apprend pas avec nous.
ami non manger nous,Mon ami ne mange pas avec nous.
moi vouloir aide apprendre,Je veux de l'aide pour apprendre.
moi vouloir aide comprendre,Je veux de l'aide pour comprendre.
moi vouloir aide aller,Je veux de l'aide pour partir.
moi vouloir aide changer,Je veux de l'aide pour changer.
tu vouloir aide apprendre,Tu veux de l'aide pour apprendre.
tu vouloir aide comprendre,Tu veux de l'aide pour comprendre.
ami vouloir aide apprendre,Mon ami veut de l'aide pour apprendre.
nous vouloir aide apprendre,Nous voulons de l'aide pour apprendre.
nous vouloir aide comprendre,Nous voulons de l'aide pour comprendre.
moi non comprendre aide,Je ne comprends pas l'aide.
moi non comprendre apprendre,Je ne comprends pas comment apprendre.
moi non comprendre aller,Je ne comprends pas comment partir.
moi non comprendre changer,Je ne comprends pas comment changer.
tu non comprendre aide,Tu ne comprends pas l'aide.
ami non comprendre aide,Mon ami ne comprend pas l'aide.
nous non comprendre aide,Nous ne comprenons pas l'aide.
moi comprendre aide,Je comprends l'aide.
tu comprendre aide,Tu comprends l'aide.
ami comprendre aide,Mon ami comprend l'aide.
nous comprendre aide,Nous comprenons l'aide.
moi apprendre aide,J'apprends grâce à l'aide.
tu apprendre aide,Tu apprends grâce à l'aide.
ami apprendre aide,Mon ami apprend grâce à l'aide.
nous apprendre aide,Nous apprenons grâce à l'aide.
moi changer aide,Je change grâce à l'aide.
tu changer aide,Tu changes grâce à l'aide.
ami changer aide,Mon ami change grâce à l'aide.
moi comprendre ami apprendre,Je comprends que mon ami apprend.
moi vouloir ami apprendre,Je veux que mon ami apprenne.
moi vouloir tu apprendre,Je veux que tu apprennes.
moi vouloir ami aller,Je veux que mon ami parte.
moi vouloir tu aller avec moi,Je veux que tu partes avec moi.
tu vouloir moi apprendre,Tu veux que j'apprenne.
tu vouloir moi aller avec tu,Tu veux que je parte avec toi.
ami vouloir moi apprendre,Mon ami veut que j'apprenne.
ami vouloir moi aller avec ami,Mon ami veut que je parte avec lui.
nous vouloir ami apprendre,Nous voulons que notre ami apprenne.
nous vouloir ami aller avec nous,Nous voulons que notre ami parte avec nous.
moi aimer ami apprendre,J'aime que mon ami apprenne.
moi aimer tu apprendre,J'aime que tu apprennes.
moi aimer ami aller avec moi,J'aime que mon ami parte avec moi.
tu aimer moi apprendre,Tu aimes que j'apprenne.
nous aimer ami apprendre,Nous aimons que notre ami apprenne.
moi attendre ami apprendre,J'attends que mon ami apprenne.
moi attendre tu changer,J'attends que tu changes.
ami attendre moi changer,Mon ami attend que je change.
nous attendre ami changer,Nous attendons que notre ami change.
moi non vouloir ami aller,Je ne veux pas que mon ami parte.
tu non vouloir moi aller,Tu ne veux pas que je parte.
ami non vouloir moi aller,Mon ami ne veut pas que je parte.
moi non aimer ami aller,Je n'aime pas que mon ami parte.
tu non aimer moi aller,Tu n'aimes pas que je parte.
moi non aimer tu aller,Je n'aime pas que tu partes.
moi non aimer ami changer,Je n'aime pas que mon ami change.
tu non aimer moi changer,Tu n'aimes pas que je change.
aujourd hui moi vouloir ami apprendre,"Aujourd'hui, je veux que mon ami apprenne."
aujourd hui moi vouloir ami aller,"Aujourd'hui, je veux que mon ami parte."
aujourd hui tu vouloir moi apprendre,"Aujourd'hui, tu veux que j'apprenne."
aujourd hui ami vouloir moi aller,"Aujourd'hui, mon ami veut que je parte."
bientot moi vouloir ami apprendre,Je veux bientôt que mon ami apprenne.
oui moi vouloir ami apprendre,Oui je veux que mon ami apprenne.
oui tu vouloir moi apprendre,Oui tu veux que j'apprenne.
non moi non vouloir ami aller,Non je ne veux pas que mon ami parte.
non ami non vouloir moi aller,Non mon ami ne veut pas que je parte.
comment moi vouloir ami apprendre,Comment est-ce que je veux que mon ami apprenne ?
comment tu vouloir moi apprendre,Comment veux-tu que j'apprenne ?
comment ami vouloir moi changer,Comment mon ami veut-il que je change ?
moi aimer tu,Je t'aime.
tu aimer moi,Tu m'aimes.
ami aimer nous,Mon ami nous aime.
nous aimer tu,Nous t'aimons.
moi aimer moi,Je m'aime.
moi non aimer moi,Je ne m'aime pas.
tu aimer tu,Tu t'aimes.
moi vouloir moi changer,Je veux que je change.
moi vouloir moi apprendre,Je veux apprendre.
moi vouloir moi comprendre,Je veux comprendre.
moi donner aide moi,Je me donne de l'aide.
moi attendre moi,J'attends.
moi comprendre moi,Je me comprends.
moi non comprendre moi,Je ne me comprends pas.
moi bien moi,Je vais bien.
tu bien tu,Tu vas bien.
ami bien ami,Mon ami va bien.
moi vouloir moi bien,Je veux aller bien.
tu vouloir tu bien,Tu veux aller bien.
ami vouloir ami bien,Mon ami veut aller bien.
nous vouloir nous bien,Nous voulons aller bien.
moi vouloir moi apprendre bien,Je veux apprendre.
moi vouloir moi changer bien,Je veux vraiment changer.
moi vouloir moi comprendre bien,Je veux bien comprendre.
tu vouloir tu apprendre bien,Tu veux apprendre.
ami vouloir ami apprendre bien,Mon ami veut apprendre.
nous voulons nous apprendre bien,Nous voulons apprendre.
oui moi aimer moi,Oui je m'aime.
non moi non aimer moi,Non je ne m'aime pas.
moi bonjour,Bonjour.
tu bonjour,Bonjour à toi.
ami bonjour,Bonjour mon ami.
moi au revoir,Au revoir.
tu au revoir,Au revoir à toi.
ami au revoir,Au revoir mon ami.
comment moi manger,Comment je mange ?
comment moi boire,Comment je bois ?
comment moi aller,Comment je pars ?
comment moi apprendre,Comment j'apprends ?
comment moi comprendre,Comment je comprends ?
comment moi changer,Comment je change ?
comment moi aimer,Comment j'aime ?
comment moi vouloir,Comment je veux ?
comment moi donner,Comment je donne ?
comment moi attendre,Comment j'attends ?
comment tu manger,Comment tu manges ?
comment tu boire,Comment tu bois ?
comment tu aller,Comment tu pars ?
comment tu apprendre,Comment tu apprends ?
comment tu comprendre,Comment tu comprends ?
comment tu changer,Comment tu changes ?
comment tu aimer,Comment tu aimes ?
comment tu vouloir,Comment tu veux ?
comment tu donner,Comment tu donnes ?
comment tu attendre,Comment tu attends ?
comment nous manger,Comment nous mangeons ?
comment nous boire,Comment nous buvons ?
comment nous aller,Comment nous partons ?
comment nous apprendre,Comment nous apprenons ?
comment nous comprendre,Comment nous comprenons ?
comment nous changer,Comment nous changeons ?
comment nous aimer,Comment nous aimons ?
comment nous vouloir,Comment nous voulons ?
comment nous donner,Comment nous donnons ?
comment nous attendre,Comment nous attendons ?
comment ami manger,Comment mon ami mange ?
comment ami boire,Comment mon ami boit ?
comment ami aller,Comment mon ami part ?
comment ami apprendre,Comment mon ami apprend ?
comment ami comprendre,Comment mon ami comprend ?
comment ami changer,Comment mon ami change ?
comment ami aimer,Comment mon ami aime ?
comment ami vouloir,Comment mon ami veut ?
comment ami donner,Comment mon ami donne ?
comment ami attendre,Comment mon ami attend ?
comment bebe manger,Comment le bébé mange ?
comment bebe boire,Comment le bébé boit ?
comment bebe aller,Comment le bébé part ?
comment bebe apprendre,Comment le bébé apprend ?
comment bebe comprendre,Comment le bébé comprend ?
comment bebe changer,Comment le bébé change ?
comment bebe aimer,Comment le bébé aime ?
comment bebe vouloir,Comment le bébé veut ?
comment bebe donner,Comment le bébé donne ?
comment bebe attendre,Comment le bébé attend ?
comment chat manger,Comment le chat mange ?
comment chat boire,Comment le chat boit ?
comment chat aller,Comment le chat part ?
comment chat apprendre,Comment le chat apprend ?
comment chat comprendre,Comment le chat comprend ?
comment chat changer,Comment le chat change ?
comment chat aimer,Comment le chat aime ?
comment chat vouloir,Comment le chat veut ?
comment chat donner,Comment le chat donne ?
comment chat attendre,Comment le chat attend ?
comment moi non manger,Comment je ne mange pas ?
comment moi non boire,Comment je ne bois pas ?
comment moi non aller,Comment je ne pars pas ?
comment moi non apprendre,Comment je n'apprends pas ?
comment moi non comprendre,Comment je ne comprends pas ?
comment moi non changer,Comment je ne change pas ?
comment moi non aimer,Comment je n'aime pas ?
comment moi non vouloir,Comment je ne veux pas ?
comment moi non donner,Comment je ne donne pas ?
comment moi non attendre,Comment je n'attends pas ?
comment tu non manger,Comment tu ne manges pas ?
comment tu non boire,Comment tu ne bois pas ?
comment tu non aller,Comment tu ne pars pas ?
comment tu non apprendre,Comment tu n'apprends pas ?
comment tu non comprendre,Comment tu ne comprends pas ?
comment tu non changer,Comment tu ne changes pas ?
comment tu non aimer,Comment tu n'aimes pas ?
comment tu non vouloir,Comment tu ne veux pas ?
comment tu non donner,Comment tu ne donnes pas ?
comment tu non attendre,Comment tu n'attends pas ?
comment nous non manger,Comment nous ne mangeons pas ?
comment nous non boire,Comment nous ne buvons pas ?
comment nous non aller,Comment nous ne partons pas ?
comment nous non apprendre,Comment nous n'apprenons pas ?
comment nous non comprendre,Comment nous ne comprenons pas ?
comment nous non changer,Comment nous ne changeons pas ?
comment nous non aimer,Comment nous n'aimons pas ?
comment nous non vouloir,Comment nous ne voulons pas ?
comment nous non donner,Comment nous ne donnons pas ?
comment nous non attendre,Comment nous n'attendons pas ?
comment ami non manger,Comment mon ami ne mange pas ?
comment ami non boire,Comment mon ami ne boit pas ?
comment ami non aller,Comment mon ami ne part pas ?
comment ami non apprendre,Comment mon ami n'apprend pas ?
comment ami non comprendre,Comment mon ami ne comprend pas ?
comment ami non changer,Comment mon ami ne change pas ?
comment ami non aimer,Comment mon ami n'aime pas ?
comment ami non vouloir,Comment mon ami ne veut pas ?
comment ami non donner,Comment mon ami ne donne pas ?
comment ami non attendre,Comment mon ami n'attend pas ?
comment bebe non manger,Comment le bébé ne mange pas ?
comment bebe non boire,Comment le bébé ne boit pas ?
comment bebe non aller,Comment le bébé ne part pas ?
comment bebe non apprendre,Comment le bébé n'apprend pas ?
comment bebe non comprendre,Comment le bébé ne comprend pas ?
comment bebe non changer,Comment le bébé ne change pas ?
comment bebe non aimer,Comment le bébé n'aime pas ?
comment bebe non vouloir,Comment le bébé ne veut pas ?
comment bebe non donner,Comment le bébé ne donne pas ?
comment bebe non attendre,Comment le bébé n'attend pas ?
comment chat non manger,Comment le chat ne mange pas ?
comment chat non boire,Comment le chat ne boit pas ?
comment chat non aller,Comment le chat ne part pas ?
comment chat non apprendre,Comment le chat n'apprend pas ?
comment chat non comprendre,Comment le chat ne comprend pas ?
comment chat non changer,Comment le chat ne change pas ?
comment chat non aimer,Comment le chat n'aime pas ?
comment chat non vouloir,Comment le chat ne veut pas ?
comment chat non donner,Comment le chat ne donne pas ?
comment chat non attendre,Comment le chat n'attend pas ?
comment moi aimer ami,Comment j'aime mon ami ?
comment moi aimer bebe,Comment j'aime le bébé ?
comment moi aimer chat,Comment j'aime le chat ?
comment moi aimer amour,Comment j'aime de l'amour ?
comment moi attendre ami,Comment j'attends mon ami ?
comment moi attendre bebe,Comment j'attends le bébé ?
comment moi attendre chat,Comment j'attends le chat ?
comment moi vouloir aide,Comment je veux de l'aide ?
comment tu aimer ami,Comment tu aimes mon ami ?
comment tu aimer bebe,Comment tu aimes le bébé ?
comment tu aimer chat,Comment tu aimes le chat ?
comment tu attendre ami,Comment tu attends mon ami ?
comment tu vouloir aide,Comment tu veux de l'aide ?
comment nous aimer ami,Comment nous aimons mon ami ?
comment nous attendre ami,Comment nous attendons mon ami ?
comment ami aimer bebe,Comment mon ami aime le bébé ?
comment ami attendre bebe,Comment mon ami attend le bébé ?
comment bebe aimer chat,Comment le bébé aime le chat ?
comment chat aimer bebe,Comment le chat aime le bébé ?
moi vouloir manger,Je veux manger.
moi vouloir boire,Je veux boire.
moi vouloir aller,Je veux aller.
moi vouloir apprendre,Je veux apprendre.
moi vouloir comprendre,Je veux comprendre.
moi vouloir changer,Je veux changer.
moi vouloir aimer,Je veux aimer.
moi vouloir donner,Je veux donner.
moi vouloir attendre,Je veux attendre.
tu vouloir manger,Tu veux manger.
tu vouloir boire,Tu veux boire.
tu vouloir aller,Tu veux aller.
tu vouloir apprendre,Tu veux apprendre.
tu vouloir comprendre,Tu veux comprendre.
tu vouloir changer,Tu veux changer.
tu vouloir aimer,Tu veux aimer.
tu vouloir donner,Tu veux donner.
tu vouloir attendre,Tu veux attendre.
nous vouloir manger,Nous voulons manger.
nous vouloir boire,Nous voulons boire.
nous vouloir aller,Nous voulons aller.
nous vouloir apprendre,Nous voulons apprendre.
nous vouloir comprendre,Nous voulons comprendre.
nous vouloir changer,Nous voulons changer.
nous vouloir aimer,Nous voulons aimer.
nous vouloir donner,Nous voulons donner.
nous vouloir attendre,Nous voulons attendre.
ami vouloir manger,Mon ami veut manger.
ami vouloir boire,Mon ami veut boire.
ami vouloir aller,Mon ami veut aller.
ami vouloir apprendre,Mon ami veut apprendre.
ami vouloir comprendre,Mon ami veut comprendre.
ami vouloir changer,Mon ami veut changer.
ami vouloir aimer,Mon ami veut aimer.
ami vouloir donner,Mon ami veut donner.
ami vouloir attendre,Mon ami veut attendre.
bebe vouloir manger,Le bébé veut manger.
bebe vouloir boire,Le bébé veut boire.
bebe vouloir aller,Le bébé veut aller.
bebe vouloir apprendre,Le bébé veut apprendre.
bebe vouloir comprendre,Le bébé veut comprendre.
bebe vouloir changer,Le bébé veut changer.
bebe vouloir aimer,Le bébé veut aimer.
bebe vouloir donner,Le bébé veut donner.
bebe vouloir attendre,Le bébé veut attendre.
chat vouloir manger,Le chat veut manger.
chat vouloir boire,Le chat veut boire.
chat vouloir aller,Le chat veut aller.
chat vouloir apprendre,Le chat veut apprendre.
chat vouloir comprendre,Le chat veut comprendre.
chat vouloir changer,Le chat veut changer.
chat vouloir aimer,Le chat veut aimer.
chat vouloir donner,Le chat veut donner.
chat vouloir attendre,Le chat veut attendre.
moi non vouloir manger,Je ne veux pas manger.
moi non vouloir boire,Je ne veux pas boire.
moi non vouloir aller,Je ne veux pas aller.
moi non vouloir apprendre,Je ne veux pas apprendre.
moi non vouloir comprendre,Je ne veux pas comprendre.
moi non vouloir changer,Je ne veux pas changer.
moi non vouloir aimer,Je ne veux pas aimer.
moi non vouloir donner,Je ne veux pas donner.
moi non vouloir attendre,Je ne veux pas attendre.
tu non vouloir manger,Tu ne veux pas manger.
tu non vouloir boire,Tu ne veux pas boire.
tu non vouloir aller,Tu ne veux pas aller.
tu non vouloir apprendre,Tu ne veux pas apprendre.
tu non vouloir comprendre,Tu ne veux pas comprendre.
tu non vouloir changer,Tu ne veux pas changer.
tu non vouloir aimer,Tu ne veux pas aimer.
tu non vouloir donner,Tu ne veux pas donner.
tu non vouloir attendre,Tu ne veux pas attendre.
nous non vouloir manger,Nous ne voulons pas manger.
nous non vouloir boire,Nous ne voulons pas boire.
nous non vouloir aller,Nous ne voulons pas aller.
nous non vouloir apprendre,Nous ne voulons pas apprendre.
nous non vouloir comprendre,Nous ne voulons pas comprendre.
nous non vouloir changer,Nous ne voulons pas changer.
nous non vouloir aimer,Nous ne voulons pas aimer.
nous non vouloir donner,Nous ne voulons pas donner.
nous non vouloir attendre,Nous ne voulons pas attendre.
ami non vouloir manger,Mon ami ne veut pas manger.
ami non vouloir boire,Mon ami ne veut pas boire.
ami non vouloir aller,Mon ami ne veut pas aller.
ami non vouloir apprendre,Mon ami ne veut pas apprendre.
ami non vouloir comprendre,Mon ami ne veut pas comprendre.
ami non vouloir changer,Mon ami ne veut pas changer.
ami non vouloir aimer,Mon ami ne veut pas aimer.
ami non vouloir donner,Mon ami ne veut pas donner.
ami non vouloir attendre,Mon ami ne veut pas attendre.
bebe non vouloir manger,Le bébé ne veut pas manger.
bebe non vouloir boire,Le bébé ne veut pas boire.
bebe non vouloir aller,Le bébé ne veut pas aller.
bebe non vouloir apprendre,Le bébé ne veut pas apprendre.
bebe non vouloir comprendre,Le bébé ne veut pas comprendre.
bebe non vouloir changer,Le bébé ne veut pas changer.
bebe non vouloir aimer,Le bébé ne veut pas aimer.
bebe non vouloir donner,Le bébé ne veut pas donner.
bebe non vouloir attendre,Le bébé ne veut pas attendre.
chat non vouloir manger,Le chat ne veut pas manger.
chat non vouloir boire,Le chat ne veut pas boire.
chat non vouloir aller,Le chat ne veut pas aller.
chat non vouloir apprendre,Le chat ne veut pas apprendre.
chat non vouloir comprendre,Le chat ne veut pas comprendre.
chat non vouloir changer,Le chat ne veut pas changer.
chat non vouloir aimer,Le chat ne veut pas aimer.
chat non vouloir donner,Le chat ne veut pas donner.
chat non vouloir attendre,Le chat ne veut pas attendre.
moi vouloir manger bien,Je veux manger bien.
moi vouloir manger bientot,Je veux manger bientôt.
moi vouloir manger ici,Je veux manger ici.
moi vouloir boire bien,Je veux boire bien.
moi vouloir boire bientot,Je veux boire bientôt.
moi vouloir boire ici,Je veux boire ici.
moi vouloir aller bien,Je veux aller bien.
moi vouloir aller bientot,Je veux aller bientôt.
moi vouloir aller ici,Je veux aller ici.
moi vouloir apprendre bien,Je veux apprendre bien.
moi vouloir apprendre bientot,Je veux apprendre bientôt.
moi vouloir comprendre bien,Je veux comprendre bien.
moi vouloir changer bien,Je veux changer bien.
moi vouloir changer bientot,Je veux changer bientôt.
moi vouloir aimer bien,Je veux aimer bien.
moi vouloir donner bien,Je veux donner bien.
moi vouloir attendre bien,Je veux attendre bien.
moi vouloir attendre ici,Je veux attendre ici.
tu vouloir manger bien,Tu veux manger bien.
tu vouloir manger bientot,Tu veux manger bientôt.
tu vouloir boire bien,Tu veux boire bien.
tu vouloir aller bientot,Tu veux aller bientôt.
tu vouloir apprendre bien,Tu veux apprendre bien.
tu vouloir changer bien,Tu veux changer bien.
tu vouloir attendre ici,Tu veux attendre ici.
nous vouloir manger bien,Nous voulons manger bien.
nous vouloir apprendre bien,Nous voulons apprendre bien.
nous vouloir changer bientot,Nous voulons changer bientôt.
nous vouloir aller bientot,Nous voulons aller bientôt.
ami vouloir manger bientot,Mon ami veut manger bientôt.
ami vouloir boire ici,Mon ami veut boire ici.
ami vouloir aller bientot,Mon ami veut aller bientôt.
bebe vouloir manger bien,Le bébé veut manger bien.
bebe vouloir boire ici,Le bébé veut boire ici.
chat vouloir manger bien,Le chat veut manger bien.
chat vouloir aller bientot,Le chat veut aller bientôt.
moi vouloir manger avec ami,Je veux manger avec mon ami.
moi vouloir manger avec nous,Je veux manger avec nous.
moi vouloir boire avec ami,Je veux boire avec mon ami.
moi vouloir boire avec nous,Je veux boire avec nous.
moi vouloir aller avec ami,Je veux aller avec mon ami.
moi vouloir aller avec tu,Je veux aller avec toi.
moi vouloir aller avec nous,Je veux aller avec nous.
moi vouloir apprendre avec ami,Je veux apprendre avec mon ami.
moi vouloir apprendre avec nous,Je veux apprendre avec nous.
moi vouloir changer avec ami,Je veux changer avec mon ami.
moi vouloir attendre avec ami,Je veux attendre avec mon ami.
tu vouloir manger avec ami,Tu veux manger avec mon ami.
tu vouloir manger avec nous,Tu veux manger avec nous.
tu vouloir boire avec ami,Tu veux boire avec mon ami.
tu vouloir aller avec nous,Tu veux aller avec nous.
tu vouloir aller avec moi,Tu veux aller avec moi.
tu vouloir apprendre avec nous,Tu veux apprendre avec nous.
nous vouloir manger avec ami,Nous voulons manger avec mon ami.
nous vouloir apprendre avec ami,Nous voulons apprendre avec mon ami.
nous vouloir aller avec ami,Nous voulons aller avec mon ami.
ami vouloir manger avec nous,Mon ami veut manger avec nous.
ami vouloir aller avec nous,Mon ami veut aller avec nous.
bebe vouloir manger avec ami,Le bébé veut manger avec mon ami.
chat vouloir manger avec ami,Le chat veut manger avec mon ami.
moi aimer ami,J'aime mon ami.
moi aimer bebe,J'aime le bébé.
moi aimer chat,J'aime le chat.
moi aimer amour,J'aime de l'amour.
moi aimer nous,J'aime nous.
tu aimer ami,Tu aimes mon ami.
tu aimer bebe,Tu aimes le bébé.
tu aimer chat,Tu aimes le chat.
tu aimer amour,Tu aimes de l'amour.
tu aimer moi,Tu m'aimes.
nous aimer ami,Nous aimons mon ami.
nous aimer bebe,Nous aimons le bébé.
nous aimer chat,Nous aimons le chat.
nous aimer amour,Nous aimons de l'amour.
ami aimer bebe,Mon ami aime le bébé.
ami aimer chat,Mon ami aime le chat.
ami aimer amour,Mon ami aime de l'amour.
ami aimer nous,Mon ami aime nous.
ami aimer moi,Mon ami m'aime.
ami aimer tu,Mon ami t'aime.
bebe aimer chat,Le bébé aime le chat.
bebe aimer ami,Le bébé aime mon ami.
bebe aimer amour,Le bébé aime de l'amour.
chat aimer ami,Le chat aime mon ami.
chat aimer bebe,Le chat aime le bébé.
chat aimer amour,Le chat aime de l'amour.
chat aimer moi,Le chat m'aime.
chat aimer tu,Le chat t'aime.
moi non aimer ami,Je n'aime pas mon ami.
moi non aimer bebe,Je n'aime pas le bébé.
moi non aimer amour,Je n'aime pas de l'amour.
moi non aimer nous,Je n'aime pas nous.
tu non aimer ami,Tu n'aimes pas mon ami.
tu non aimer bebe,Tu n'aimes pas le bébé.
tu non aimer chat,Tu n'aimes pas le chat.
tu non aimer amour,Tu n'aimes pas de l'amour.
nous non aimer ami,Nous n'aimons pas mon ami.
nous non aimer chat,Nous n'aimons pas le chat.
ami non aimer bebe,Mon ami n'aime pas le bébé.
ami non aimer chat,Mon ami n'aime pas le chat.
bebe non aimer chat,Le bébé n'aime pas le chat.
chat non aimer bebe,Le chat n'aime pas le bébé.
moi aimer ami bien,J'aime mon ami bien.
moi aimer bebe bien,J'aime le bébé bien.
moi aimer chat bien,J'aime le chat bien.
moi aimer amour bien,J'aime de l'amour bien.
tu aimer ami bien,Tu aimes mon ami bien.
tu aimer chat bien,Tu aimes le chat bien.
nous aimer ami bien,Nous aimons mon ami bien.
ami aimer bebe bien,Mon ami aime le bébé bien.
bebe aimer chat bien,Le bébé aime le chat bien.
moi aimer ami avec nous,J'aime mon ami avec nous.
moi aimer bebe avec ami,J'aime le bébé avec mon ami.
tu aimer chat avec nous,Tu aimes le chat avec nous.
nous aimer ami avec bebe,Nous aimons mon ami avec le bébé.
moi aimer ami bientot,J'aime mon ami bientôt.
tu aimer bebe bientot,Tu aimes le bébé bientôt.
moi non aimer chat bien,Je n'aime pas le chat bien.
tu non aimer ami bien,Tu n'aimes pas mon ami bien.
nous non aimer chat bien,Nous n'aimons pas le chat bien.
moi attendre ami,J'attends mon ami.
moi attendre bebe,J'attends le bébé.
moi attendre chat,J'attends le chat.
moi attendre nous,J'attends nous.
tu attendre ami,Tu attends mon ami.
tu attendre bebe,Tu attends le bébé.
tu attendre chat,Tu attends le chat.
tu attendre nous,Tu attends nous.
nous attendre ami,Nous attendons mon ami.
nous attendre bebe,Nous attendons le bébé.
nous attendons chat,Nous attendons le chat.
ami attendre bebe,Mon ami attend le bébé.
ami attendre chat,Mon ami attend le chat.
ami attendre nous,Mon ami attend nous.
bebe attendre ami,Le bébé attend mon ami.
bebe attendre chat,Le bébé attend le chat.
chat attendre ami,Le chat attend mon ami.
chat attendre bebe,Le chat attend le bébé.
chat attendre nous,Le chat attend nous.
tu attendre moi,Tu m'attends.
ami attendre tu,Mon ami t'attend.
bebe attendre moi,Le bébé m'attend.
bebe attendre tu,Le bébé t'attend.
chat attendre tu,Le chat t'attend.
moi non attendre ami,Je n'attends pas mon ami.
moi non attendre bebe,Je n'attends pas le bébé.
moi non attendre chat,Je n'attends pas le chat.
tu non attendre ami,Tu n'attends pas mon ami.
tu non attendre bebe,Tu n'attends pas le bébé.
nous non attendre ami,Nous n'attendons pas mon ami.
ami non attendre bebe,Mon ami n'attend pas le bébé.
ami non attendre nous,Mon ami n'attend pas nous.
bebe non attendre chat,Le bébé n'attend pas le chat.
chat non attendre ami,Le chat n'attend pas mon ami.
tu non attendre moi,Tu ne m'attends pas.
ami non attendre moi,Mon ami ne m'attend pas.
moi attendre ami bien,J'attends mon ami bien.
moi attendre bebe ici,J'attends le bébé ici.
moi attendre chat bientot,J'attends le chat bientôt.
tu attendre ami bien,Tu attends mon ami bien.
tu attendre bebe ici,Tu attends le bébé ici.
nous attendre ami bientot,Nous attendons mon ami bientôt.
ami attendre bebe bien,Mon ami attend le bébé bien.
ami attendre nous ici,Mon ami attend nous ici.
bebe attendre ami bien,Le bébé attend mon ami bien.
chat attendre ami bientot,Le chat attend mon ami bientôt.
moi attendre ami avec tu,J'attends mon ami avec toi.
moi attendre bebe avec ami,J'attends le bébé avec mon ami.
tu attendre ami avec nous,Tu attends mon ami avec nous.
nous attendre ami avec bebe,Nous attendons mon ami avec le bébé.
moi donner aide moi,Je donne de l'aide à moi.
moi donner aide tu,Je donne de l'aide à toi.
moi donner aide nous,Je donne de l'aide à nous.
moi donner aide chat,Je donne de l'aide au chat.
tu donner aide ami,Tu donnes de l'aide à mon ami.
tu donner aide bebe,Tu donnes de l'aide au bébé.
tu donner aide nous,Tu donnes de l'aide à nous.
tu donner aide chat,Tu donnes de l'aide au chat.
nous donner aide ami,Nous donnons de l'aide à mon ami.
nous donner aide bebe,Nous donnons de l'aide au bébé.
nous donner aide chat,Nous donnons de l'aide au chat.
ami donner aide moi,Mon ami me donne de l'aide.
ami donner aide bebe,Mon ami donne de l'aide au bébé.
ami donner aide chat,Mon ami donne de l'aide au chat.
bebe donner aide moi,Le bébé me donne de l'aide.
bebe donner aide ami,Le bébé donne de l'aide à mon ami.
chat donner aide moi,Le chat me donne de l'aide.
chat donner aide ami,Le chat donne de l'aide à mon ami.
moi non donner aide ami,Je ne donne pas d'aide à mon ami.
moi non donner aide bebe,Je ne donne pas d'aide au bébé.
tu non donner aide ami,Tu ne donnes pas d'aide à mon ami.
nous non donner aide ami,Nous ne donnons pas d'aide à mon ami.
ami non donner aide moi,Mon ami ne me donne pas d'aide.
moi donner aide ami bien,Je donne de l'aide à mon ami bien.
moi donner aide bebe bientot,Je donne de l'aide au bébé bientôt.
tu donner aide ami bien,Tu donnes de l'aide à mon ami bien.
nous donner aide ami bientot,Nous donnons de l'aide à mon ami bientôt.
moi donner aide ami avec tu,Je donne de l'aide à mon ami avec toi.
tu donner aide bebe avec nous,Tu donnes de l'aide au bébé avec nous.
aujourd hui moi manger,Aujourd'hui je mange.
aujourd hui moi boire,Aujourd'hui je bois.
aujourd hui moi aller,Aujourd'hui je pars.
aujourd hui moi apprendre,Aujourd'hui j'apprends.
aujourd hui moi comprendre,Aujourd'hui je comprends.
aujourd hui moi changer,Aujourd'hui je change.
aujourd hui moi aimer,Aujourd'hui j'aime.
aujourd hui moi vouloir,Aujourd'hui je veux.
aujourd hui moi donner,Aujourd'hui je donne.
aujourd hui moi attendre,Aujourd'hui j'attends.
aujourd hui tu manger,Aujourd'hui tu manges.
aujourd hui tu boire,Aujourd'hui tu bois.
aujourd hui tu aller,Aujourd'hui tu pars.
aujourd hui tu apprendre,Aujourd'hui tu apprends.
aujourd hui tu comprendre,Aujourd'hui tu comprends.
aujourd hui tu changer,Aujourd'hui tu changes.
aujourd hui tu aimer,Aujourd'hui tu aimes.
aujourd hui tu vouloir,Aujourd'hui tu veux.
aujourd hui tu donner,Aujourd'hui tu donnes.
aujourd hui tu attendre,Aujourd'hui tu attends.
aujourd hui nous manger,Aujourd'hui nous mangeons.
aujourd hui nous boire,Aujourd'hui nous buvons.
aujourd hui nous aller,Aujourd'hui nous partons.
aujourd hui nous comprendre,Aujourd'hui nous comprenons.
aujourd hui nous changer,Aujourd'hui nous changeons.
aujourd hui nous aimer,Aujourd'hui nous aimons.
aujourd hui nous vouloir,Aujourd'hui nous voulons.
aujourd hui nous donner,Aujourd'hui nous donnons.
aujourd hui nous attendre,Aujourd'hui nous attendons.
aujourd hui ami manger,Aujourd'hui mon ami mange.
aujourd hui ami boire,Aujourd'hui mon ami boit.
aujourd hui ami aller,Aujourd'hui mon ami part.
aujourd hui ami apprendre,Aujourd'hui mon ami apprend.
aujourd hui ami comprendre,Aujourd'hui mon ami comprend.
aujourd hui ami changer,Aujourd'hui mon ami change.
aujourd hui ami aimer,Aujourd'hui mon ami aime.
aujourd hui ami vouloir,Aujourd'hui mon ami veut.
aujourd hui ami donner,Aujourd'hui mon ami donne.
aujourd hui ami attendre,Aujourd'hui mon ami attend.
aujourd hui bebe manger,Aujourd'hui le bébé mange.
aujourd hui bebe boire,Aujourd'hui le bébé boit.
aujourd hui bebe aller,Aujourd'hui le bébé part.
aujourd hui bebe apprendre,Aujourd'hui le bébé apprend.
aujourd hui bebe changer,Aujourd'hui le bébé change.
aujourd hui bebe aimer,Aujourd'hui le bébé aime.
aujourd hui bebe vouloir,Aujourd'hui le bébé veut.
aujourd hui bebe attendre,Aujourd'hui le bébé attend.
aujourd hui chat manger,Aujourd'hui le chat mange.
aujourd hui chat boire,Aujourd'hui le chat boit.
aujourd hui chat aller,Aujourd'hui le chat part.
aujourd hui chat changer,Aujourd'hui le chat change.
aujourd hui chat aimer,Aujourd'hui le chat aime.
aujourd hui chat vouloir,Aujourd'hui le chat veut.
aujourd hui chat attendre,Aujourd'hui le chat attend.
aujourd hui moi non manger,Aujourd'hui je ne mange pas.
aujourd hui moi non boire,Aujourd'hui je ne bois pas.
aujourd hui moi non aller,Aujourd'hui je ne pars pas.
aujourd hui moi non comprendre,Aujourd'hui je ne comprends pas.
aujourd hui moi non aimer,Aujourd'hui je n'aime pas.
aujourd hui moi non vouloir,Aujourd'hui je ne veux pas.
aujourd hui tu non manger,Aujourd'hui tu ne manges pas.
aujourd hui tu non boire,Aujourd'hui tu ne bois pas.
aujourd hui tu non aller,Aujourd'hui tu ne pars pas.
aujourd hui tu non comprendre,Aujourd'hui tu ne comprends pas.
aujourd hui tu non aimer,Aujourd'hui tu n'aimes pas.
aujourd hui nous non manger,Aujourd'hui nous ne mangeons pas.
aujourd hui nous non aller,Aujourd'hui nous ne partons pas.
aujourd hui nous non comprendre,Aujourd'hui nous ne comprenons pas.
aujourd hui ami non manger,Aujourd'hui mon ami ne mange pas.
aujourd hui ami non aller,Aujourd'hui mon ami ne part pas.
aujourd hui ami non comprendre,Aujourd'hui mon ami ne comprend pas.
aujourd hui moi vouloir apprendre,Aujourd'hui je veux apprendre.
aujourd hui moi vouloir manger,Aujourd'hui je veux manger.
aujourd hui tu vouloir apprendre,Aujourd'hui tu veux apprendre.
aujourd hui nous vouloir apprendre,Aujourd'hui nous voulons apprendre.
aujourd hui moi aimer chat,Aujourd'hui j'aime le chat.
aujourd hui moi aimer bebe,Aujourd'hui j'aime le bébé.
aujourd hui tu aimer ami,Aujourd'hui tu aimes mon ami.
aujourd hui moi attendre ami,Aujourd'hui j'attends mon ami.
aujourd hui tu attendre ami,Aujourd'hui tu attends mon ami.
aujourd hui moi donner aide ami,Aujourd'hui je donne de l'aide à mon ami.
aujourd hui nous donner aide ami,Aujourd'hui nous donnons de l'aide à mon ami.
aujourd hui moi manger avec ami,Aujourd'hui je mange avec mon ami.
aujourd hui moi manger avec nous,Aujourd'hui je mange avec nous.
aujourd hui tu manger avec ami,Aujourd'hui tu manges avec mon ami.
aujourd hui nous manger avec ami,Aujourd'hui nous mangeons avec mon ami.
aujourd hui moi apprendre avec ami,Aujourd'hui j'apprends avec mon ami.
aujourd hui nous apprendre avec ami,Aujourd'hui nous apprenons avec mon ami.
aujourd hui moi manger bien,Aujourd'hui je mange bien.
aujourd hui tu manger bien,Aujourd'hui tu manges bien.
aujourd hui nous manger bien,Aujourd'hui nous mangeons bien.
aujourd hui ami manger bien,Aujourd'hui mon ami mange bien.
aujourd hui moi boire bien,Aujourd'hui je bois bien.
aujourd hui moi aller bientot,Aujourd'hui je pars bientôt.
aujourd hui tu aller bientot,Aujourd'hui tu pars bientôt.
moi manger avec tu,Je mange avec toi.
moi manger avec nous,Je mange avec nous.
moi manger avec bebe,Je mange avec le bébé.
moi manger avec chat,Je mange avec le chat.
tu manger avec moi,Tu manges avec moi.
tu manger avec nous,Tu manges avec nous.
tu manger avec ami,Tu manges avec mon ami.
tu manger avec bebe,Tu manges avec le bébé.
nous manger avec ami,Nous mangeons avec mon ami.
nous manger avec bebe,Nous mangeons avec le bébé.
nous manger avec chat,Nous mangeons avec le chat.
ami manger avec nous,Mon ami mange avec nous.
ami manger avec bebe,Mon ami mange avec le bébé.
bebe manger avec ami,Le bébé mange avec mon ami.
chat manger avec nous,Le chat mange avec nous.
moi boire avec ami,Je bois avec mon ami.
moi boire avec tu,Je bois avec toi.
moi boire avec nous,Je bois avec nous.
moi boire avec bebe,Je bois avec le bébé.
tu boire avec moi,Tu bois avec moi.
tu boire avec nous,Tu bois avec nous.
tu boire avec ami,Tu bois avec mon ami.
nous boire avec ami,Nous buvons avec mon ami.
nous boire avec bebe,Nous buvons avec le bébé.
ami boire avec nous,Mon ami boit avec nous.
ami boire avec bebe,Mon ami boit avec le bébé.
moi aller avec tu,Je pars avec toi.
moi aller avec nous,Je pars avec nous.
moi aller avec bebe,Je pars avec le bébé.
moi aller avec chat,Je pars avec le chat.
tu aller avec moi,Tu pars avec moi.
tu aller avec nous,Tu pars avec nous.
tu aller avec bebe,Tu pars avec le bébé.
nous aller avec ami,Nous partons avec mon ami.
nous aller avec bebe,Nous partons avec le bébé.
nous aller avec chat,Nous partons avec le chat.
ami aller avec nous,Mon ami part avec nous.
ami aller avec bebe,Mon ami part avec le bébé.
bebe aller avec chat,Le bébé part avec le chat.
moi apprendre avec tu,J'apprends avec toi.
moi apprendre avec nous,J'apprends avec nous.
moi apprendre avec bebe,J'apprends avec le bébé.
tu apprendre avec moi,Tu apprends avec moi.
tu apprendre avec nous,Tu apprends avec nous.
tu apprendre avec bebe,Tu apprends avec le bébé.
nous apprendre avec bebe,Nous apprenons avec le bébé.
nous apprendre avec chat,Nous apprenons avec le chat.
ami apprendre avec nous,Mon ami apprend avec nous.
ami apprendre avec bebe,Mon ami apprend avec le bébé.
moi changer avec ami,Je change avec mon ami.
moi changer avec nous,Je change avec nous.
tu changer avec nous,Tu changes avec nous.
nous changer avec ami,Nous changeons avec mon ami.
ami changer avec nous,Mon ami change avec nous.
moi comprendre avec ami,Je comprends avec mon ami.
moi comprendre avec nous,Je comprends avec nous.
tu comprendre avec nous,Tu comprends avec nous.
nous comprendre avec ami,Nous comprenons avec mon ami.
moi manger avec ami bien,Je mange avec mon ami bien.
moi manger avec ami bientot,Je mange avec mon ami bientôt.
moi manger avec nous bien,Je mange avec nous bien.
moi boire avec ami bien,Je bois avec mon ami bien.
moi aller avec ami bien,Je pars avec mon ami bien.
moi aller avec ami bientot,Je pars avec mon ami bientôt.
tu manger avec ami bien,Tu manges avec mon ami bien.
tu aller avec nous bientot,Tu pars avec nous bientôt.
nous manger avec ami bien,Nous mangeons avec mon ami bien.
nous apprendre avec ami bien,Nous apprenons avec mon ami bien.
bonjour moi manger,Bonjour je mange.
bonjour moi boire,Bonjour je bois.
bonjour moi aller,Bonjour je pars.
bonjour moi apprendre,Bonjour j'apprends.
bonjour moi aimer,Bonjour j'aime.
bonjour moi vouloir,Bonjour je veux.
bonjour tu manger,Bonjour tu manges.
bonjour tu boire,Bonjour tu bois.
bonjour tu aller,Bonjour tu pars.
bonjour tu apprendre,Bonjour tu apprends.
bonjour tu aimer,Bonjour tu aimes.
bonjour nous manger,Bonjour nous mangeons.
bonjour nous apprendre,Bonjour nous apprenons.
bonjour nous aller,Bonjour nous partons.
bonjour ami manger,Bonjour mon ami mange.
bonjour ami aller,Bonjour mon ami part.
bonjour ami apprendre,Bonjour mon ami apprend.
bonjour bebe manger,Bonjour le bébé mange.
bonjour chat manger,Bonjour le chat mange.
bonjour moi aimer chat,Bonjour j'aime le chat.
bonjour moi vouloir apprendre,Bonjour je veux apprendre.
bonjour tu vouloir apprendre,Bonjour tu veux apprendre.
bonjour moi manger avec ami,Bonjour je mange avec mon ami.
bonjour tu manger avec nous,Bonjour tu manges avec nous.
bonjour nous apprendre avec ami,Bonjour nous apprenons avec mon ami.
merci moi apprendre,Merci j'apprends.
merci moi comprendre,Merci je comprends.
merci moi changer,Merci je change.
merci moi aimer,Merci j'aime.
merci tu apprendre,Merci tu apprends.
merci tu comprendre,Merci tu comprends.
merci nous apprendre,Merci nous apprenons.
merci ami apprendre,Merci mon ami apprend.
merci moi aimer chat,Merci j'aime le chat.
merci moi vouloir apprendre,Merci je veux apprendre.
merci tu vouloir apprendre,Merci tu veux apprendre.
merci nous donner aide ami,Merci nous donnons de l'aide à mon ami.
moi comprendre moi,Je me comprends.
tu comprendre tu,Tu te comprends.
ami comprendre moi,Mon ami me comprend.
ami comprendre tu,Mon ami te comprend.
bebe comprendre moi,Le bébé me comprend.
bebe comprendre tu,Le bébé te comprend.
chat comprendre moi,Le chat me comprend.
chat comprendre tu,Le chat te comprend.
moi non comprendre moi,Je ne me comprends pas.
tu non comprendre moi,Tu ne me comprends pas.
ami non comprendre moi,Mon ami ne me comprend pas.
moi comprendre moi bien,Je me comprends bien.
moi comprendre tu bien,Je te comprends bien.
tu comprendre moi bien,Tu me comprends bien.
ami comprendre moi bien,Mon ami me comprend bien.
moi manger bien,Je mange bien.
moi manger ici,Je mange ici.
moi manger bientot,Je mange bientôt.
tu manger bien,Tu manges bien.
tu manger ici,Tu manges ici.
tu manger bientot,Tu manges bientôt.
nous manger bien,Nous mangeons bien.
nous manger ici,Nous mangeons ici.
nous manger bientot,Nous mangeons bientôt.
ami manger bien,Mon ami mange bien.
ami manger ici,Mon ami mange ici.
ami manger bientot,Mon ami mange bientôt.
bebe manger bien,Le bébé mange bien.
bebe manger ici,Le bébé mange ici.
bebe manger bientot,Le bébé mange bientôt.
chat manger bien,Le chat mange bien.
chat manger ici,Le chat mange ici.
chat manger bientot,Le chat mange bientôt.
moi boire bien,Je bois bien.
moi boire ici,Je bois ici.
moi boire bientot,Je bois bientôt.
tu boire bien,Tu bois bien.
tu boire ici,Tu bois ici.
nous boire bien,Nous buvons bien.
nous boire ici,Nous buvons ici.
ami boire bien,Mon ami boit bien.
ami boire bientot,Mon ami boit bientôt.
bebe boire bien,Le bébé boit bien.
bebe boire bientot,Le bébé boit bientôt.
chat boire ici,Le chat boit ici.
moi aller bien,Je pars bien.
moi aller ici,Je pars ici.
moi aller bientot,Je pars bientôt.
tu aller bien,Tu pars bien.
tu aller ici,Tu pars ici.
tu aller bientot,Tu pars bientôt.
nous aller bien,Nous partons bien.
nous aller ici,Nous partons ici.
nous aller bientot,Nous partons bientôt.
ami aller bien,Mon ami part bien.
ami aller ici,Mon ami part ici.
ami aller bientot,Mon ami part bientôt.
bebe aller bien,Le bébé part bien.
bebe aller bientot,Le bébé part bientôt.
chat aller bien,Le chat part bien.
chat aller bientot,Le chat part bientôt.
moi apprendre bien,J'apprends bien.
moi apprendre ici,J'apprends ici.
moi apprendre bientot,J'apprends bientôt.
tu apprendre bien,Tu apprends bien.
tu apprendre ici,Tu apprends ici.
tu apprendre bientot,Tu apprends bientôt.
nous apprendre ici,Nous apprenons ici.
nous apprendre bientot,Nous apprenons bientôt.
ami apprendre bien,Mon ami apprend bien.
ami apprendre ici,Mon ami apprend ici.
ami apprendre bientot,Mon ami apprend bientôt.
bebe apprendre bien,Le bébé apprend bien.
chat apprendre bien,Le chat apprend bien.
moi comprendre bien,Je comprends bien.
moi comprendre ici,Je comprends ici.
moi comprendre bientot,Je comprends bientôt.
tu comprendre bien,Tu comprends bien.
nous comprendre bien,Nous comprenons bien.
ami comprendre bien,Mon ami comprend bien.
ami comprendre bientot,Mon ami comprend bientôt.
bebe comprendre bien,Le bébé comprend bien.
chat comprendre bien,Le chat comprend bien.
moi changer bien,Je change bien.
moi changer ici,Je change ici.
moi changer bientot,Je change bientôt.
tu changer bien,Tu changes bien.
tu changer bientot,Tu changes bientôt.
nous changer bien,Nous changeons bien.
nous changer bientot,Nous changeons bientôt.
ami changer bien,Mon ami change bien.
ami changer bientot,Mon ami change bientôt.
bebe changer bien,Le bébé change bien.
chat changer bien,Le chat change bien.
moi donner bien,Je donne bien.
moi donner bientot,Je donne bientôt.
tu donner bien,Tu donnes bien.
nous donner bien,Nous donnons bien.
ami donner bien,Mon ami donne bien.
moi attendre bien,J'attends bien.
moi attendre ici,J'attends ici.
moi attendre bientot,J'attends bientôt.
tu attendre bien,Tu attends bien.
tu attendre ici,Tu attends ici.
nous attendre bien,Nous attendons bien.
nous attendre ici,Nous attendons ici.
ami attendre bien,Mon ami attend bien.
ami attendre ici,Mon ami attend ici.
ami attendre bientot,Mon ami attend bientôt.
bebe attendre bien,Le bébé attend bien.
chat attendre ici,Le chat attend ici.
moi non manger bien,Je ne mange pas bien.
moi non manger ici,Je ne mange pas ici.
tu non manger bien,Tu ne manges pas bien.
nous non manger bien,Nous ne mangeons pas bien.
ami non manger bien,Mon ami ne mange pas bien.
moi non boire bien,Je ne bois pas bien.
tu non boire ici,Tu ne bois pas ici.
moi non aller ici,Je ne pars pas ici.
moi non aller bientot,Je ne pars pas bientôt.
moi non apprendre bien,Je n'apprends pas bien.
moi non apprendre bientot,Je n'apprends pas bientôt.
moi non comprendre bien,Je ne comprends pas bien.
tu non comprendre bien,Tu ne comprends pas bien.
moi non changer bien,Je ne change pas bien.
moi aimer chat bientot,J'aime le chat bientôt.
moi aimer bebe ici,J'aime le bébé ici.
moi aimer amour bientot,J'aime de l'amour bientôt.
tu aimer chat bientot,Tu aimes le chat bientôt.
tu aimer bebe bien,Tu aimes le bébé bien.
nous aimer chat bien,Nous aimons le chat bien.
nous aimer bebe bientot,Nous aimons le bébé bientôt.
ami aimer bebe bientot,Mon ami aime le bébé bientôt.
ami aimer chat ici,Mon ami aime le chat ici.
bebe aimer chat bientot,Le bébé aime le chat bientôt.
chat aimer bebe bientot,Le chat aime le bébé bientôt.
moi aimer chat avec ami,J'aime le chat avec mon ami.
moi aimer bebe avec nous,J'aime le bébé avec nous.
tu aimer chat avec nous,Tu aimes le chat avec nous.
nous aimer bebe avec ami,Nous aimons le bébé avec mon ami.
moi attendre ami bientot,J'attends mon ami bientôt.
moi attendre bebe bien,J'attends le bébé bien.
tu attendre chat bien,Tu attends le chat bien.
nous attendre bebe bien,Nous attendons le bébé bien.
ami attendre chat bien,Mon ami attend le chat bien.
moi attendre ami avec tu,J'attends mon ami avec toi.
tu attendre bebe avec nous,Tu attends le bébé avec nous.
nous attendre ami avec bebe,Nous attendons mon ami avec le bébé.
moi non aimer chat bientot,Je n'aime pas le chat bientôt.
moi non aimer bebe bien,Je n'aime pas le bébé bien.
tu non aimer chat ici,Tu n'aimes pas le chat ici.
nous non aimer bebe bien,Nous n'aimons pas le bébé bien.
moi non attendre ami bien,Je n'attends pas mon ami bien.
tu non attendre bebe bien,Tu n'attends pas le bébé bien.
moi vouloir aide,Je veux de l'aide.
moi vouloir aide bien,Je veux de l'aide bien.
moi vouloir aide bientot,Je veux de l'aide bientôt.
tu vouloir aide,Tu veux de l'aide.
tu vouloir aide bientot,Tu veux de l'aide bientôt.
nous vouloir aide,Nous voulons de l'aide.
nous voulons aide bientot,Nous voulons de l'aide bientôt.
ami vouloir aide,Mon ami veut de l'aide.
ami vouloir aide bientot,Mon ami veut de l'aide bientôt.
bebe vouloir aide,Le bébé veut de l'aide.
chat vouloir aide,Le chat veut de l'aide.
moi non vouloir aide bien,Je ne veux pas d'aide bien.
tu non vouloir aide bientot,Tu ne veux pas d'aide bientôt.
nous non vouloir aide bien,Nous ne voulons pas d'aide bien.
moi vouloir amour,Je veux de l'amour.
moi vouloir amour bien,Je veux de l'amour bien.
tu vouloir amour,Tu veux de l'amour.
nous vouloir amour,Nous voulons de l'amour.
ami vouloir amour,Mon ami veut de l'amour.
bebe vouloir amour,Le bébé veut de l'amour.
chat vouloir amour,Le chat veut de l'amour.
moi non vouloir amour,Je ne veux pas d'amour.
tu non vouloir amour,Tu ne veux pas d'amour.
moi vouloir apprendre avec ami,Je veux apprendre avec mon ami.
moi vouloir apprendre avec nous,Je veux apprendre avec nous.
moi vouloir manger avec bebe,Je veux manger avec le bébé.
moi vouloir aller avec ami,Je veux aller avec mon ami.
tu vouloir apprendre avec ami,Tu veux apprendre avec mon ami.
tu vouloir manger avec nous,Tu veux manger avec nous.
nous vouloir apprendre avec bebe,Nous voulons apprendre avec le bébé.
ami vouloir manger avec nous,Mon ami veut manger avec nous.
aujourd hui moi vouloir aide,Aujourd'hui je veux de l'aide.
aujourd hui tu vouloir aide,Aujourd'hui tu veux de l'aide.
aujourd hui moi vouloir amour,Aujourd'hui je veux de l'amour.
aujourd hui moi aimer bebe,Aujourd'hui j'aime le bébé.
aujourd hui moi aimer chat,Aujourd'hui j'aime le chat.
aujourd hui moi attendre ami,Aujourd'hui j'attends mon ami.
aujourd hui tu attendre ami,Aujourd'hui tu attends mon ami.
aujourd hui nous attendre ami,Aujourd'hui nous attendons mon ami.
aujourd hui moi aimer ami bien,Aujourd'hui j'aime mon ami bien.
aujourd hui moi attendre ami bien,Aujourd'hui j'attends mon ami bien.
aujourd hui moi vouloir manger avec ami,Aujourd'hui je veux manger avec mon ami.
aujourd hui tu vouloir apprendre avec nous,Aujourd'hui tu veux apprendre avec nous.
moi manger bien ici,Je mange bien ici.
moi boire bien ici,Je bois bien ici.
moi apprendre bien ici,J'apprends bien ici.
tu manger bien ici,Tu manges bien ici.
nous apprendre bien ici,Nous apprenons bien ici.
moi aller bientot bien,Je pars bientôt bien.
moi changer bientot bien,Je change bientôt bien.
ami manger bien ici,Mon ami mange bien ici.
bebe manger bien ici,Le bébé mange bien ici.
moi manger avec ami ici,Je mange avec mon ami ici.
moi boire avec ami bien,Je bois avec mon ami bien.
moi aller avec ami bientot,Je pars avec mon ami bientôt.
tu manger avec nous ici,Tu manges avec nous ici.
nous apprendre avec ami bientot,Nous apprenons avec mon ami bientôt.
moi non manger avec ami,Je ne mange pas avec mon ami.
moi non boire avec ami,Je ne bois pas avec mon ami.
moi non aller avec nous,Je ne pars pas avec nous.
tu non manger avec nous,Tu ne manges pas avec nous.
nous non manger avec ami,Nous ne mangeons pas avec mon ami.
moi comprendre moi bientot,Je me comprends bientôt.
ami comprendre moi bientot,Mon ami me comprend bientôt.
moi comprendre tu bientot,Je te comprends bientôt.
tu comprendre moi bientot,Tu me comprends bientôt.
bebe comprendre moi bientot,Le bébé me comprend bientôt.
moi non comprendre moi bien,Je ne me comprends pas bien.
moi non comprendre tu bien,Je ne te comprends pas bien.
tu non comprendre moi bien,Tu ne me comprends pas bien.
ami non comprendre moi bien,Mon ami ne me comprend pas bien.
moi donner aide ami bientot,Je donne de l'aide à mon ami bientôt.
moi donner aide bebe bientot,Je donne de l'aide au bébé bientôt.
tu donner aide ami bientot,Tu donnes de l'aide à mon ami bientôt.
nous donner aide ami bien,Nous donnons de l'aide à mon ami bien.
ami donner aide nous bientot,Mon ami donne de l'aide à nous bientôt.
moi donner aide ami avec tu,Je donne de l'aide à mon ami avec toi.
nous donner aide bebe avec ami,Nous donnons de l'aide au bébé avec mon ami.
moi non donner aide bebe,Je ne donne pas d'aide au bébé.
moi non donner aide nous,Je ne donne pas d'aide à nous.
tu non donner aide ami bientot,Tu ne donnes pas d'aide à mon ami bientôt.
moi aimer avec ami,J'aime avec mon ami.
moi aimer avec nous,J'aime avec nous.
moi aimer avec bebe,J'aime avec le bébé.
moi aimer avec chat,J'aime avec le chat.
tu aimer avec nous,Tu aimes avec nous.
tu aimer avec ami,Tu aimes avec mon ami.
tu aimer avec moi,Tu aimes avec moi.
nous aimer avec ami,Nous aimons avec mon ami.
nous aimer avec bebe,Nous aimons avec le bébé.
ami aimer avec nous,Mon ami aime avec nous.
ami aimer avec bebe,Mon ami aime avec le bébé.
ami aimer avec chat,Mon ami aime avec le chat.
bebe aimer avec ami,Le bébé aime avec mon ami.
chat aimer avec nous,Le chat aime avec nous.
moi changer avec ami,Je change avec mon ami.
moi changer avec tu,Je change avec toi.
moi changer avec nous,Je change avec nous.
tu changer avec moi,Tu changes avec moi.
tu changer avec nous,Tu changes avec nous.
tu changer avec ami,Tu changes avec mon ami.
nous changer avec ami,Nous changeons avec mon ami.
nous changer avec bebe,Nous changeons avec le bébé.
ami changer avec nous,Mon ami change avec nous.
ami changer avec bebe,Mon ami change avec le bébé.
bebe changer avec ami,Le bébé change avec mon ami.
chat changer avec ami,Le chat change avec mon ami.
moi donner avec ami,Je donne avec mon ami.
moi donner avec nous,Je donne avec nous.
tu donner avec nous,Tu donnes avec nous.
nous donner avec ami,Nous donnons avec mon ami.
ami donner avec nous,Mon ami donne avec nous.
moi attendre avec tu,J'attends avec toi.
moi attendre avec nous,J'attends avec nous.
moi attendre avec bebe,J'attends avec le bébé.
moi attendre avec chat,J'attends avec le chat.
tu attendre avec moi,Tu attends avec moi.
tu attendre avec nous,Tu attends avec nous.
tu attendre avec ami,Tu attends avec mon ami.
nous attendre avec ami,Nous attendons avec mon ami.
nous attendre avec bebe,Nous attendons avec le bébé.
ami attendre avec nous,Mon ami attend avec nous.
ami attendre avec bebe,Mon ami attend avec le bébé.
bebe attendre avec ami,Le bébé attend avec mon ami.
chat attendre avec nous,Le chat attend avec nous.
moi non manger avec tu,Je ne mange pas avec toi.
moi non manger avec bebe,Je ne mange pas avec le bébé.
tu non manger avec moi,Tu ne manges pas avec moi.
tu non manger avec ami,Tu ne manges pas avec mon ami.
nous non manger avec bebe,Nous ne mangeons pas avec le bébé.
moi non boire avec ami,Je ne bois pas avec mon ami.
tu non boire avec nous,Tu ne bois pas avec nous.
moi non aller avec bebe,Je ne pars pas avec le bébé.
moi non aller avec chat,Je ne pars pas avec le chat.
tu non aller avec ami,Tu ne pars pas avec mon ami.
nous non apprendre avec ami,Nous n'apprenons pas avec mon ami.
moi non aimer avec nous,Je n'aime pas avec nous.
moi non attendre avec ami,Je n'attends pas avec mon ami.
tu non attendre avec nous,Tu n'attends pas avec nous.
nous non attendre avec ami,Nous n'attendons pas avec mon ami.
moi manger avec ami bien,Je mange avec mon ami bien.
moi manger avec tu bien,Je mange avec toi bien.
moi manger avec nous bien,Je mange avec nous bien.
moi manger avec bebe bientot,Je mange avec le bébé bientôt.
tu manger avec ami bientot,Tu manges avec mon ami bientôt.
tu manger avec nous bien,Tu manges avec nous bien.
nous manger avec ami bien,Nous mangeons avec mon ami bien.
nous manger avec bebe bien,Nous mangeons avec le bébé bien.
ami manger avec nous bien,Mon ami mange avec nous bien.
moi boire avec ami bien,Je bois avec mon ami bien.
moi boire avec nous bientot,Je bois avec nous bientôt.
tu boire avec ami bien,Tu bois avec mon ami bien.
moi aller avec ami bien,Je pars avec mon ami bien.
moi aller avec nous bientot,Je pars avec nous bientôt.
tu aller avec ami bientot,Tu pars avec mon ami bientôt.
nous aller avec bebe bientot,Nous partons avec le bébé bientôt.
moi apprendre avec ami bien,J'apprends avec mon ami bien.
moi apprendre avec nous bientot,J'apprends avec nous bientôt.
tu apprendre avec ami bien,Tu apprends avec mon ami bien.
nous apprendre avec bebe bien,Nous apprenons avec le bébé bien.
ami apprendre avec nous bien,Mon ami apprend avec nous bien.
moi changer avec ami bientot,Je change avec mon ami bientôt.
moi attendre avec ami bien,J'attends avec mon ami bien.
moi attendre avec nous ici,J'attends avec nous ici.
tu attendre avec ami bientot,Tu attends avec mon ami bientôt.
nous attendre avec bebe bien,Nous attendons avec le bébé bien.
bonjour moi manger avec ami,Bonjour je mange avec mon ami.
bonjour tu manger avec nous,Bonjour tu manges avec nous.
bonjour nous apprendre avec ami,Bonjour nous apprenons avec mon ami.
bonjour moi vouloir manger,Bonjour je veux manger.
bonjour tu vouloir apprendre,Bonjour tu veux apprendre.
bonjour moi aimer bebe,Bonjour j'aime le bébé.
bonjour moi attendre ami,Bonjour j'attends mon ami.
bonjour nous attendre ami,Bonjour nous attendons mon ami.
bonjour moi non manger,Bonjour je ne mange pas.
bonjour tu non aller,Bonjour tu ne pars pas.
bonjour moi non comprendre,Bonjour je ne comprends pas.
merci moi manger bien,Merci je mange bien.
merci tu apprendre bien,Merci tu apprends bien.
merci moi aimer bebe,Merci j'aime le bébé.
merci moi vouloir apprendre,Merci je veux apprendre.
merci nous apprendre avec ami,Merci nous apprenons avec mon ami.
merci ami apprendre avec nous,Merci mon ami apprend avec nous.
merci moi non comprendre,Merci je ne comprends pas.
au revoir moi aller,Au revoir je pars.
au revoir moi aller bientot,Au revoir je pars bientôt.
au revoir tu aller,Au revoir tu pars.
au revoir tu aller bientot,Au revoir tu pars bientôt.
au revoir nous aller,Au revoir nous partons.
au revoir ami aller,Au revoir mon ami part.
au revoir ami aller bientot,Au revoir mon ami part bientôt.
au revoir bebe aller,Au revoir le bébé part.
au revoir chat aller,Au revoir le chat part.
au revoir moi manger bientot,Au revoir je mange bientôt.
au revoir nous apprendre,Au revoir nous apprenons.
moi apprendre avec ami bientot,J'apprends avec mon ami bientôt.
tu apprendre avec nous bien,Tu apprends avec nous bien.
nous apprendre avec ami bientot,Nous apprenons avec mon ami bientôt.
ami apprendre avec bebe bientot,Mon ami apprend avec le bébé bientôt.
moi changer avec nous bien,Je change avec nous bien.
tu changer avec ami bien,Tu changes avec mon ami bien.
nous changer avec bebe bientot,Nous changeons avec le bébé bientôt.
moi comprendre avec ami bien,Je comprends avec mon ami bien.
moi comprendre avec nous bientot,Je comprends avec nous bientôt.
tu comprendre avec ami bien,Tu comprends avec mon ami bien.
nous comprendre avec bebe bien,Nous comprenons avec le bébé bien.
ami comprendre avec nous bientot,Mon ami comprend avec nous bientôt.
bebe comprendre avec ami bien,Le bébé comprend avec mon ami bien.
moi aimer ami ici,J'aime mon ami ici.
moi aimer bebe bientot,J'aime le bébé bientôt.
moi aimer chat ici,J'aime le chat ici.
tu aimer ami bientot,Tu aimes mon ami bientôt.
tu aimer bebe ici,Tu aimes le bébé ici.
nous aimer ami bientot,Nous aimons mon ami bientôt.
nous aimer chat ici,Nous aimons le chat ici.
ami aimer chat bientot,Mon ami aime le chat bientôt.
bebe aimer ami bientot,Le bébé aime mon ami bientôt.
chat aimer bebe ici,Le chat aime le bébé ici.
moi attendre ami ici,J'attends mon ami ici.
moi attendre bebe bientot,J'attends le bébé bientôt.
moi attendre chat ici,J'attends le chat ici.
tu attendre ami bientot,Tu attends mon ami bientôt.
tu attendre bebe ici,Tu attends le bébé ici.
nous attendre ami ici,Nous attendons mon ami ici.
nous attendre chat bientot,Nous attendons le chat bientôt.
ami attendre bebe bientot,Mon ami attend le bébé bientôt.
ami attendre chat ici,Mon ami attend le chat ici.
bebe attendre ami bientot,Le bébé attend mon ami bientôt.
chat attendre ami ici,Le chat attend mon ami ici.
moi donner aide ami ici,Je donne de l'aide à mon ami ici.
moi donner aide bebe ici,Je donne de l'aide au bébé ici.
tu donner aide ami ici,Tu donnes de l'aide à mon ami ici.
nous donner aide bebe ici,Nous donnons de l'aide au bébé ici.
ami donner aide nous ici,Mon ami donne de l'aide à nous ici.
comment moi aimer ami,Comment j'aime mon ami ?
comment moi aimer bebe,Comment j'aime le bébé ?
comment moi aimer chat,Comment j'aime le chat ?
comment moi aimer amour,Comment j'aime de l'amour ?
comment tu aimer ami,Comment tu aimes mon ami ?
comment tu aimer chat,Comment tu aimes le chat ?
comment nous aimer ami,Comment nous aimons mon ami ?
comment ami aimer bebe,Comment mon ami aime le bébé ?
comment moi attendre ami,Comment j'attends mon ami ?
comment moi attendre bebe,Comment j'attends le bébé ?
comment tu attendre ami,Comment tu attends mon ami ?
comment nous attendre ami,Comment nous attendons mon ami ?
comment ami attendre nous,Comment mon ami attend nous ?
comment moi vouloir aide,Comment je veux de l'aide ?
comment moi vouloir amour,Comment je veux de l'amour ?
comment tu vouloir aide,Comment tu veux de l'aide ?
comment nous vouloir aide,Comment nous voulons de l'aide ?
comment moi donner aide ami,Comment je donne de l'aide à mon ami ?
comment tu donner aide bebe,Comment tu donnes de l'aide au bébé ?
comment nous donner aide ami,Comment nous donnons de l'aide à mon ami ?
comment moi vouloir manger,Comment je veux manger ?
comment moi vouloir apprendre,Comment je veux apprendre ?
comment tu vouloir manger,Comment tu veux manger ?
comment nous vouloir apprendre,Comment nous voulons apprendre ?
comment ami vouloir manger,Comment mon ami veut manger ?
comment moi manger avec ami,Comment je mange avec mon ami ?
comment tu manger avec nous,Comment tu manges avec nous ?
comment nous apprendre avec ami,Comment nous apprenons avec mon ami ?
comment moi aller avec ami,Comment je pars avec mon ami ?
comment moi non aimer ami,Comment je n'aime pas mon ami ?
comment moi non attendre ami,Comment je n'attends pas mon ami ?
comment tu non manger avec nous,Comment tu ne manges pas avec nous ?
moi vouloir manger avec ami bientot,Je veux manger avec mon ami bientôt.
moi vouloir boire avec ami bientot,Je veux boire avec mon ami bientôt.
moi vouloir aller avec ami bientot,Je veux aller avec mon ami bientôt.
moi vouloir apprendre avec ami bien,Je veux apprendre avec mon ami bien.
tu vouloir manger avec nous bientot,Tu veux manger avec nous bientôt.
tu vouloir aller avec ami bientot,Tu veux aller avec mon ami bientôt.
nous vouloir manger avec ami bien,Nous voulons manger avec mon ami bien.
nous vouloir apprendre avec ami bientot,Nous voulons apprendre avec mon ami bientôt.
ami vouloir manger avec nous bien,Mon ami veut manger avec nous bien.
aujourd hui moi vouloir manger avec ami,Aujourd'hui je veux manger avec mon ami.
aujourd hui moi vouloir apprendre avec ami,Aujourd'hui je veux apprendre avec mon ami.
aujourd hui tu vouloir manger avec nous,Aujourd'hui tu veux manger avec nous.
aujourd hui moi aimer chat bien,Aujourd'hui j'aime le chat bien.
aujourd hui moi aimer bebe bientot,Aujourd'hui j'aime le bébé bientôt.
aujourd hui tu aimer chat bien,Aujourd'hui tu aimes le chat bien.
aujourd hui moi attendre ami bien,Aujourd'hui j'attends mon ami bien.
aujourd hui tu attendre bebe bien,Aujourd'hui tu attends le bébé bien.
aujourd hui nous attendre ami bien,Aujourd'hui nous attendons mon ami bien.
aujourd hui moi manger avec ami bien,Aujourd'hui je mange avec mon ami bien.
aujourd hui tu manger avec nous bien,Aujourd'hui tu manges avec nous bien.
aujourd hui nous apprendre avec bebe bien,Aujourd'hui nous apprenons avec le bébé bien.
aujourd hui moi non manger avec ami,Aujourd'hui je ne mange pas avec mon ami.
aujourd hui tu non aller avec nous,Aujourd'hui tu ne pars pas avec nous.
aujourd hui moi non aimer chat,Aujourd'hui je n'aime pas le chat.
aujourd hui tu non attendre ami,Aujourd'hui tu n'attends pas mon ami.
moi manger avec ami ici,Je mange avec mon ami ici.
moi manger avec nous bientot,Je mange avec nous bientôt.
moi manger avec bebe bien,Je mange avec le bébé bien.
moi manger avec chat ici,Je mange avec le chat ici.
tu manger avec moi bien,Tu manges avec moi bien.
tu manger avec nous ici,Tu manges avec nous ici.
tu manger avec bebe bientot,Tu manges avec le bébé bientôt.
nous manger avec bebe bientot,Nous mangeons avec le bébé bientôt.
nous manger avec chat bien,Nous mangeons avec le chat bien.
ami manger avec bebe bientot,Mon ami mange avec le bébé bientôt.
ami manger avec chat bien,Mon ami mange avec le chat bien.
bebe manger avec nous ici,Le bébé mange avec nous ici.
chat manger avec bebe bientot,Le chat mange avec le bébé bientôt.
moi boire avec tu bien,Je bois avec toi bien.
moi boire avec nous ici,Je bois avec nous ici.
moi boire avec bebe bientot,Je bois avec le bébé bientôt.
moi boire avec chat ici,Je bois avec le chat ici.
tu boire avec moi bien,Tu bois avec moi bien.
tu boire avec nous bientot,Tu bois avec nous bientôt.
tu boire avec bebe ici,Tu bois avec le bébé ici.
nous boire avec bebe bientot,Nous buvons avec le bébé bientôt.
nous boire avec chat bien,Nous buvons avec le chat bien.
ami boire avec nous ici,Mon ami boit avec nous ici.
ami boire avec bebe bien,Mon ami boit avec le bébé bien.
bebe boire avec ami bientot,Le bébé boit avec mon ami bientôt.
moi aller avec tu bientot,Je pars avec toi bientôt.
moi aller avec nous bien,Je pars avec nous bien.
moi aller avec bebe ici,Je pars avec le bébé ici.
moi aller avec chat bientot,Je pars avec le chat bientôt.
tu aller avec moi bientot,Tu pars avec moi bientôt.
tu aller avec nous bien,Tu pars avec nous bien.
tu aller avec bebe bientot,Tu pars avec le bébé bientôt.
nous aller avec ami bientot,Nous partons avec mon ami bientôt.
nous aller avec bebe bien,Nous partons avec le bébé bien.
nous aller avec chat bientot,Nous partons avec le chat bientôt.
ami aller avec nous bien,Mon ami part avec nous bien.
ami aller avec bebe bientot,Mon ami part avec le bébé bientôt.
ami aller avec chat bien,Mon ami part avec le chat bien.
bebe aller avec ami bientot,Le bébé part avec mon ami bientôt.
chat aller avec nous bientot,Le chat part avec nous bientôt.
moi apprendre avec tu bientot,J'apprends avec toi bientôt.
moi apprendre avec nous bien,J'apprends avec nous bien.
moi apprendre avec bebe bientot,J'apprends avec le bébé bientôt.
moi apprendre avec chat bien,J'apprends avec le chat bien.
tu apprendre avec moi bien,Tu apprends avec moi bien.
tu apprendre avec bebe bientot,Tu apprends avec le bébé bientôt.
tu apprendre avec chat bien,Tu apprends avec le chat bien.
nous apprendre avec bebe bientot,Nous apprenons avec le bébé bientôt.
nous apprendre avec chat bien,Nous apprenons avec le chat bien.
ami apprendre avec bebe bien,Mon ami apprend avec le bébé bien.
ami apprendre avec chat bientot,Mon ami apprend avec le chat bientôt.
bebe apprendre avec ami bien,Le bébé apprend avec mon ami bien.
chat apprendre avec nous bientot,Le chat apprend avec nous bientôt.
moi comprendre avec tu bien,Je comprends avec toi bien.
moi comprendre avec nous bientot,Je comprends avec nous bientôt.
moi comprendre avec bebe bien,Je comprends avec le bébé bien.
tu comprendre avec moi bien,Tu comprends avec moi bien.
tu comprendre avec nous bientot,Tu comprends avec nous bientôt.
nous comprendre avec ami bientot,Nous comprenons avec mon ami bientôt.
nous comprendre avec bebe bien,Nous comprenons avec le bébé bien.
ami comprendre avec nous bien,Mon ami comprend avec nous bien.
bebe comprendre avec nous bientot,Le bébé comprend avec nous bientôt.
moi changer avec tu bientot,Je change avec toi bientôt.
moi changer avec nous bien,Je change avec nous bien.
moi changer avec bebe bientot,Je change avec le bébé bientôt.
tu changer avec moi bientot,Tu changes avec moi bientôt.
tu changer avec bebe bien,Tu changes avec le bébé bien.
nous changer avec bebe bientot,Nous changeons avec le bébé bientôt.
ami changer avec bebe bien,Mon ami change avec le bébé bien.
bebe changer avec nous bientot,Le bébé change avec nous bientôt.
moi donner avec ami bien,Je donne avec mon ami bien.
moi donner avec nous bientot,Je donne avec nous bientôt.
tu donner avec ami bientot,Tu donnes avec mon ami bientôt.
nous donner avec bebe bien,Nous donnons avec le bébé bien.
moi attendre avec tu bientot,J'attends avec toi bientôt.
moi attendre avec nous bien,J'attends avec nous bien.
moi attendre avec bebe bientot,J'attends avec le bébé bientôt.
moi attendre avec chat bien,J'attends avec le chat bien.
tu attendre avec moi bientot,Tu attends avec moi bientôt.
tu attendre avec nous bien,Tu attends avec nous bien.
tu attendre avec bebe bientot,Tu attends avec le bébé bientôt.
nous attendre avec bebe bientot,Nous attendons avec le bébé bientôt.
nous attendre avec chat bien,Nous attendons avec le chat bien.
ami attendre avec nous bien,Mon ami attend avec nous bien.
ami attendre avec bebe bientot,Mon ami attend avec le bébé bientôt.
bebe attendre avec ami bien,Le bébé attend avec mon ami bien.
chat attendre avec nous bientot,Le chat attend avec nous bientôt.
moi aimer avec ami bien,J'aime avec mon ami bien.
moi aimer avec nous bientot,J'aime avec nous bientôt.
moi aimer avec bebe bien,J'aime avec le bébé bien.
moi aimer avec chat bientot,J'aime avec le chat bientôt.
tu aimer avec moi bien,Tu aimes avec moi bien.
tu aimer avec nous bientot,Tu aimes avec nous bientôt.
tu aimer avec bebe bien,Tu aimes avec le bébé bien.
nous aimer avec bebe bientot,Nous aimons avec le bébé bientôt.
nous aimer avec chat bien,Nous aimons avec le chat bien.
ami aimer avec nous bien,Mon ami aime avec nous bien.
ami aimer avec bebe bientot,Mon ami aime avec le bébé bientôt.
bebe aimer avec ami bien,Le bébé aime avec mon ami bien.
chat aimer avec nous bientot,Le chat aime avec nous bientôt.
moi non manger avec tu,Je ne mange pas avec toi.
moi non manger avec bebe,Je ne mange pas avec le bébé.
moi non manger avec chat,Je ne mange pas avec le chat.
tu non manger avec moi,Tu ne manges pas avec moi.
tu non manger avec bebe,Tu ne manges pas avec le bébé.
nous non manger avec chat,Nous ne mangeons pas avec le chat.
ami non manger avec nous,Mon ami ne mange pas avec nous.
moi non boire avec tu,Je ne bois pas avec toi.
moi non boire avec nous,Je ne bois pas avec nous.
tu non boire avec moi,Tu ne bois pas avec moi.
nous non boire avec ami,Nous ne buvons pas avec mon ami.
moi non aller avec tu,Je ne pars pas avec toi.
moi non aller avec nous,Je ne pars pas avec nous.
tu non aller avec moi,Tu ne pars pas avec moi.
tu non aller avec bebe,Tu ne pars pas avec le bébé.
nous non aller avec bebe,Nous ne partons pas avec le bébé.
moi non apprendre avec tu,Je n'apprends pas avec toi.
tu non apprendre avec moi,Tu n'apprends pas avec moi.
nous non apprendre avec bebe,Nous n'apprenons pas avec le bébé.
ami non apprendre avec nous,Mon ami n'apprend pas avec nous.
moi non comprendre avec tu,Je ne comprends pas avec toi.
tu non comprendre avec nous,Tu ne comprends pas avec nous.
nous non comprendre avec ami,Nous ne comprenons pas avec mon ami.
moi non changer avec tu,Je ne change pas avec toi.
tu non changer avec nous,Tu ne changes pas avec nous.
nous non changer avec ami,Nous ne changeons pas avec mon ami.
moi non aimer avec nous,Je n'aime pas avec nous.
tu non aimer avec nous,Tu n'aimes pas avec nous.
moi non attendre avec tu,Je n'attends pas avec toi.
tu non attendre avec moi,Tu n'attends pas avec moi.
nous non attendre avec ami,Nous n'attendons pas avec mon ami.
moi non manger bien,Je ne mange pas bien.
moi non manger bientot,Je ne mange pas bientôt.
moi non manger ici,Je ne mange pas ici.
tu non manger bientot,Tu ne manges pas bientôt.
tu non manger ici,Tu ne manges pas ici.
nous non manger bientot,Nous ne mangeons pas bientôt.
nous non manger ici,Nous ne mangeons pas ici.
ami non manger bientot,Mon ami ne mange pas bientôt.
ami non manger ici,Mon ami ne mange pas ici.
bebe non manger bien,Le bébé ne mange pas bien.
chat non manger bien,Le chat ne mange pas bien.
moi non boire bientot,Je ne bois pas bientôt.
moi non boire ici,Je ne bois pas ici.
tu non boire bientot,Tu ne bois pas bientôt.
nous non boire bientot,Nous ne buvons pas bientôt.
ami non boire bien,Mon ami ne boit pas bien.
moi non aller bien,Je ne pars pas bien.
moi non aller ici,Je ne pars pas ici.
tu non aller bien,Tu ne pars pas bien.
nous non aller bien,Nous ne partons pas bien.
ami non aller bientot,Mon ami ne part pas bientôt.
bebe non aller bientot,Le bébé ne part pas bientôt.
moi non apprendre ici,Je n'apprends pas ici.
tu non apprendre ici,Tu n'apprends pas ici.
nous non apprendre ici,Nous n'apprenons pas ici.
ami non apprendre bien,Mon ami n'apprend pas bien.
bebe non apprendre bien,Le bébé n'apprend pas bien.
moi non comprendre ici,Je ne comprends pas ici.
tu non comprendre ici,Tu ne comprends pas ici.
nous non comprendre ici,Nous ne comprenons pas ici.
ami non comprendre bientot,Mon ami ne comprend pas bientôt.
moi non changer ici,Je ne change pas ici.
moi non changer bientot,Je ne change pas bientôt.
tu non changer bien,Tu ne changes pas bien.
nous non changer bientot,Nous ne changeons pas bientôt.
ami non changer bien,Mon ami ne change pas bien.
moi non aimer bien,Je n'aime pas bien.
moi non aimer bientot,Je n'aime pas bientôt.
moi non aimer ici,Je n'aime pas ici.
tu non aimer bien,Tu n'aimes pas bien.
tu non aimer bientot,Tu n'aimes pas bientôt.
nous non aimer bientot,Nous n'aimons pas bientôt.
ami non aimer bien,Mon ami n'aime pas bien.
moi non donner bien,Je ne donne pas bien.
tu non donner bientot,Tu ne donnes pas bientôt.
nous non donner bien,Nous ne donnons pas bien.
moi non attendre bientot,Je n'attends pas bientôt.
moi non attendre ici,Je n'attends pas ici.
tu non attendre bientot,Tu n'attends pas bientôt.
nous non attendre bientot,Nous n'attendons pas bientôt.
ami non attendre bien,Mon ami n'attend pas bien.
bebe non attendre bien,Le bébé n'attend pas bien.
chat non attendre bientot,Le chat n'attend pas bientôt.
moi non vouloir manger bientot,Je ne veux pas manger bientôt.
moi non vouloir boire bien,Je ne veux pas boire bien.
moi non vouloir aller bientot,Je ne veux pas aller bientôt.
moi non vouloir apprendre ici,Je ne veux pas apprendre ici.
tu non vouloir manger bien,Tu ne veux pas manger bien.
tu non vouloir aller bientot,Tu ne veux pas aller bientôt.
nous non vouloir apprendre bientot,Nous ne voulons pas apprendre bientôt.
ami non vouloir manger bien,Mon ami ne veut pas manger bien.
moi non vouloir manger avec ami,Je ne veux pas manger avec mon ami.
moi non vouloir aller avec nous,Je ne veux pas aller avec nous.
tu non vouloir manger avec nous,Tu ne veux pas manger avec nous.
nous non vouloir aller avec ami,Nous ne voulons pas aller avec mon ami.
bebe manger avec nous bientot,Le bébé mange avec nous bientôt.
bebe manger avec ami bien,Le bébé mange avec mon ami bien.
bebe boire avec nous bien,Le bébé boit avec nous bien.
bebe boire avec ami bientot,Le bébé boit avec mon ami bientôt.
bebe aller avec nous bien,Le bébé part avec nous bien.
bebe aller avec ami bientot,Le bébé part avec mon ami bientôt.
bebe apprendre avec nous bien,Le bébé apprend avec nous bien.
bebe apprendre avec ami bientot,Le bébé apprend avec mon ami bientôt.
bebe comprendre avec nous bien,Le bébé comprend avec nous bien.
bebe changer avec ami bien,Le bébé change avec mon ami bien.
bebe aimer avec nous bientot,Le bébé aime avec nous bientôt.
bebe attendre avec nous bien,Le bébé attend avec nous bien.
bebe vouloir manger bien,Le bébé veut manger bien.
bebe vouloir boire bientot,Le bébé veut boire bientôt.
bebe vouloir aller bien,Le bébé veut aller bien.
bebe vouloir apprendre bien,Le bébé veut apprendre bien.
bebe vouloir apprendre avec nous,Le bébé veut apprendre avec nous.
bebe vouloir manger avec ami,Le bébé veut manger avec mon ami.
bebe non vouloir manger,Le bébé ne veut pas manger.
bebe non vouloir boire,Le bébé ne veut pas boire.
bebe non vouloir aller,Le bébé ne veut pas aller.
bebe non aimer chat,Le bébé n'aime pas le chat.
bebe non aimer amour,Le bébé n'aime pas de l'amour.
bebe non attendre ami,Le bébé n'attend pas mon ami.
bebe non attendre nous,Le bébé n'attend pas nous.
chat manger avec nous bientot,Le chat mange avec nous bientôt.
chat manger avec ami bien,Le chat mange avec mon ami bien.
chat boire avec nous bien,Le chat boit avec nous bien.
chat boire avec ami bientot,Le chat boit avec mon ami bientôt.
chat aller avec nous bien,Le chat part avec nous bien.
chat aller avec ami bientot,Le chat part avec mon ami bientôt.
chat apprendre avec nous bien,Le chat apprend avec nous bien.
chat comprendre avec nous bien,Le chat comprend avec nous bien.
chat changer avec ami bien,Le chat change avec mon ami bien.
chat aimer avec nous bientot,Le chat aime avec nous bientôt.
chat attendre avec nous bien,Le chat attend avec nous bien.
chat vouloir manger bien,Le chat veut manger bien.
chat vouloir boire bientot,Le chat veut boire bientôt.
chat vouloir aller bien,Le chat veut aller bien.
chat vouloir apprendre bien,Le chat veut apprendre bien.
chat vouloir apprendre avec nous,Le chat veut apprendre avec nous.
chat vouloir manger avec ami,Le chat veut manger avec mon ami.
chat non vouloir manger,Le chat ne veut pas manger.
chat non vouloir boire,Le chat ne veut pas boire.
chat non aimer bebe,Le chat n'aime pas le bébé.
chat non attendre ami,Le chat n'attend pas mon ami.
aujourd hui bebe manger avec ami,Aujourd'hui le bébé mange avec mon ami.
aujourd hui bebe apprendre avec nous,Aujourd'hui le bébé apprend avec nous.
aujourd hui bebe vouloir apprendre,Aujourd'hui le bébé veut apprendre.
aujourd hui chat manger avec nous,Aujourd'hui le chat mange avec nous.
aujourd hui chat vouloir manger,Aujourd'hui le chat veut manger.
aujourd hui bebe non manger,Aujourd'hui le bébé ne mange pas.
aujourd hui chat non aller,Aujourd'hui le chat ne part pas.
aujourd hui ami vouloir manger avec nous,Aujourd'hui mon ami veut manger avec nous.
aujourd hui ami non comprendre,Aujourd'hui mon ami ne comprend pas.
aujourd hui ami non aller avec nous,Aujourd'hui mon ami ne part pas avec nous.
aujourd hui nous non manger avec ami,Aujourd'hui nous ne mangeons pas avec mon ami.
aujourd hui tu non apprendre avec nous,Aujourd'hui tu n'apprends pas avec nous.
comment bebe manger avec ami,Comment le bébé mange avec mon ami ?
comment bebe vouloir manger,Comment le bébé veut manger ?
comment chat aimer bebe,Comment le chat aime le bébé ?
comment chat vouloir boire,Comment le chat veut boire ?
comment bebe apprendre avec nous,Comment le bébé apprend avec nous ?
comment chat aller avec nous,Comment le chat part avec nous ?
comment bebe aimer amour,Comment le bébé aime de l'amour ?
comment chat non manger,Comment le chat ne mange pas ?
comment bebe non aller,Comment le bébé ne part pas ?
comment ami vouloir aide,Comment mon ami veut de l'aide ?
comment ami aimer amour,Comment mon ami aime de l'amour ?
comment ami vouloir apprendre avec nous,Comment mon ami veut apprendre avec nous ?
comment nous vouloir manger avec ami,Comment nous voulons manger avec mon ami ?
comment moi vouloir aller avec ami,Comment je veux aller avec mon ami ?
comment tu vouloir boire avec nous,Comment tu veux boire avec nous ?
comment moi aimer amour,Comment j'aime de l'amour ?
comment moi donner aide bebe,Comment je donne de l'aide au bébé ?
comment tu donner aide nous,Comment tu donnes de l'aide à nous ?
comment moi attendre bebe avec ami,Comment j'attends le bébé avec mon ami ?
comment tu vouloir aimer,Comment tu veux aimer ?
comment nous vouloir changer,Comment nous voulons changer ?
comment ami non manger avec nous,Comment mon ami ne mange pas avec nous ?
ami manger avec ami,Mon ami mange avec mon ami.
ami manger avec tu,Mon ami mange avec toi.
ami boire avec tu,Mon ami boit avec toi.
ami aller avec tu,Mon ami part avec toi.
ami apprendre avec tu,Mon ami apprend avec toi.
ami changer avec tu,Mon ami change avec toi.
ami aimer avec tu,Mon ami aime avec toi.
ami attendre avec tu,Mon ami attend avec toi.
ami comprendre avec tu,Mon ami comprend avec toi.
ami manger avec bebe,Mon ami mange avec le bébé.
ami boire avec bebe,Mon ami boit avec le bébé.
ami aller avec bebe,Mon ami part avec le bébé.
ami apprendre avec chat,Mon ami apprend avec le chat.
ami changer avec bebe,Mon ami change avec le bébé.
ami vouloir manger avec tu,Mon ami veut manger avec toi.
ami vouloir aller avec nous,Mon ami veut aller avec nous.
ami vouloir apprendre avec tu,Mon ami veut apprendre avec toi.
ami non manger avec bebe,Mon ami ne mange pas avec le bébé.
ami non aller avec bebe,Mon ami ne part pas avec le bébé.
ami non apprendre avec bebe,Mon ami n'apprend pas avec le bébé.
ami aimer tu bien,Mon ami t'aime bien.
ami aimer moi bien,Mon ami m'aime bien.
ami comprendre moi bien,Mon ami me comprend bien.
ami comprendre tu bien,Mon ami te comprend bien.
ami attendre moi bien,Mon ami m'attend bien.
ami attendre moi bientot,Mon ami m'attend bientôt.
ami attendre tu bien,Mon ami t'attend bien.
ami non comprendre moi,Mon ami ne me comprend pas.
ami non comprendre tu,Mon ami ne te comprend pas.
ami non attendre moi,Mon ami ne m'attend pas.
ami non attendre tu,Mon ami ne t'attend pas.
ami non aimer moi,Mon ami ne m'aime pas.
ami non aimer tu,Mon ami ne t'aime pas.
bebe aimer moi,Le bébé m'aime.
bebe aimer tu,Le bébé t'aime.
bebe comprendre moi bien,Le bébé me comprend bien.
bebe comprendre tu bien,Le bébé te comprend bien.
bebe attendre moi bien,Le bébé m'attend bien.
bebe attendre tu bien,Le bébé t'attend bien.
bebe non aimer moi,Le bébé ne m'aime pas.
bebe non aimer tu,Le bébé ne t'aime pas.
bebe non comprendre moi,Le bébé ne me comprend pas.
bebe non attendre moi,Le bébé ne m'attend pas.
chat comprendre moi bien,Le chat me comprend bien.
chat comprendre tu bien,Le chat te comprend bien.
chat attendre moi bien,Le chat m'attend bien.
chat attendre tu bien,Le chat t'attend bien.
chat non comprendre moi,Le chat ne me comprend pas.
chat non attendre moi,Le chat ne m'attend pas.
chat non aimer moi,Le chat ne m'aime pas.
moi aimer chat avec ami,J'aime le chat avec mon ami.
moi aimer bebe avec nous,J'aime le bébé avec nous.
moi aimer ami avec bebe,J'aime mon ami avec le bébé.
moi aimer amour avec ami,J'aime de l'amour avec mon ami.
tu aimer chat avec ami,Tu aimes le chat avec mon ami.
tu aimer bebe avec nous,Tu aimes le bébé avec nous.
tu aimer ami avec nous,Tu aimes mon ami avec nous.
nous aimer chat avec ami,Nous aimons le chat avec mon ami.
nous aimer bebe avec ami,Nous aimons le bébé avec mon ami.
ami aimer chat avec nous,Mon ami aime le chat avec nous.
ami aimer bebe avec nous,Mon ami aime le bébé avec nous.
bebe aimer chat avec ami,Le bébé aime le chat avec mon ami.
chat aimer bebe avec nous,Le chat aime le bébé avec nous.
moi attendre ami avec bebe,J'attends mon ami avec le bébé.
moi attendre bebe avec ami,J'attends le bébé avec mon ami.
moi attendre chat avec nous,J'attends le chat avec nous.
tu attendre ami avec bebe,Tu attends mon ami avec le bébé.
tu attendre chat avec ami,Tu attends le chat avec mon ami.
nous attendre bebe avec ami,Nous attendons le bébé avec mon ami.
nous attendre chat avec nous,Nous attendons le chat avec nous.
ami attendre bebe avec nous,Mon ami attend le bébé avec nous.
ami attendre chat avec nous,Mon ami attend le chat avec nous.
moi aimer chat avec ami bien,J'aime le chat avec mon ami bien.
moi aimer bebe avec nous bien,J'aime le bébé avec nous bien.
moi aimer chat avec ami bientot,J'aime le chat avec mon ami bientôt.
tu aimer bebe avec nous bientot,Tu aimes le bébé avec nous bientôt.
nous aimer chat avec ami bien,Nous aimons le chat avec mon ami bien.
moi attendre ami avec nous bien,J'attends mon ami avec nous bien.
moi attendre bebe avec ami bientot,J'attends le bébé avec mon ami bientôt.
tu attendre chat avec ami bien,Tu attends le chat avec mon ami bien.
nous attendre ami avec bebe bientot,Nous attendons mon ami avec le bébé bientôt.
moi non aimer chat avec ami,Je n'aime pas le chat avec mon ami.
moi non aimer bebe avec nous,Je n'aime pas le bébé avec nous.
tu non aimer chat avec ami,Tu n'aimes pas le chat avec mon ami.
nous non aimer bebe avec ami,Nous n'aimons pas le bébé avec mon ami.
moi non attendre ami avec nous,Je n'attends pas mon ami avec nous.
tu non attendre bebe avec ami,Tu n'attends pas le bébé avec mon ami.
moi non manger avec ami bientot,Je ne mange pas avec mon ami bientôt.
moi non boire avec nous bien,Je ne bois pas avec nous bien.
moi non aller avec ami bientot,Je ne pars pas avec mon ami bientôt.
tu non manger avec nous bientot,Tu ne manges pas avec nous bientôt.
tu non aller avec ami bientot,Tu ne pars pas avec mon ami bientôt.
nous non manger avec bebe bien,Nous ne mangeons pas avec le bébé bien.
nous non aller avec ami bien,Nous ne partons pas avec mon ami bien.
ami non manger avec nous bientot,Mon ami ne mange pas avec nous bientôt.
moi vouloir manger bien ici,Je veux manger bien ici.
moi vouloir apprendre avec ami bientot,Je veux apprendre avec mon ami bientôt.
moi vouloir aller avec nous bientot,Je veux aller avec nous bientôt.
moi vouloir boire avec ami bien,Je veux boire avec mon ami bien.
tu vouloir manger avec ami bien,Tu veux manger avec mon ami bien.
tu vouloir apprendre avec nous bientot,Tu veux apprendre avec nous bientôt.
nous vouloir manger avec bebe bien,Nous voulons manger avec le bébé bien.
nous vouloir aller avec ami bientot,Nous voulons aller avec mon ami bientôt.
ami vouloir apprendre avec nous bien,Mon ami veut apprendre avec nous bien.
ami vouloir manger avec bebe bientot,Mon ami veut manger avec le bébé bientôt.
bebe vouloir manger avec ami bien,Le bébé veut manger avec mon ami bien.
chat vouloir manger avec nous bien,Le chat veut manger avec nous bien.
aujourd hui moi non aimer chat,Aujourd'hui je n'aime pas le chat.
aujourd hui moi non attendre ami,Aujourd'hui je n'attends pas mon ami.
aujourd hui moi non vouloir aide,Aujourd'hui je ne veux pas d'aide.
aujourd hui tu non aimer bebe,Aujourd'hui tu n'aimes pas le bébé.
aujourd hui nous non manger avec ami,Aujourd'hui nous ne mangeons pas avec mon ami.
aujourd hui moi aimer chat avec ami,Aujourd'hui j'aime le chat avec mon ami.
aujourd hui moi attendre bebe avec nous,Aujourd'hui j'attends le bébé avec nous.
aujourd hui tu aimer ami avec nous,Aujourd'hui tu aimes mon ami avec nous.
aujourd hui nous aimer chat avec ami,Aujourd'hui nous aimons le chat avec mon ami.
aujourd hui moi vouloir aimer bebe,Aujourd'hui je veux aimer le bébé.
aujourd hui tu vouloir aimer ami,Aujourd'hui tu veux aimer mon ami.
aujourd hui moi vouloir aller avec ami,Aujourd'hui je veux aller avec mon ami.
aujourd hui tu vouloir manger avec bebe,Aujourd'hui tu veux manger avec le bébé.
aujourd hui ami vouloir apprendre avec nous,Aujourd'hui mon ami veut apprendre avec nous.
aujourd hui moi aimer chat avec ami bien,Aujourd'hui j'aime le chat avec mon ami bien.
aujourd hui moi attendre ami avec nous bien,Aujourd'hui j'attends mon ami avec nous bien.
aujourd hui moi vouloir manger avec bebe bien,Aujourd'hui je veux manger avec le bébé bien.
comment moi aimer chat avec ami,Comment j'aime le chat avec mon ami ?
comment moi attendre bebe avec nous,Comment j'attends le bébé avec nous ?
comment tu aimer ami avec nous,Comment tu aimes mon ami avec nous ?
comment nous aimer chat avec ami,Comment nous aimons le chat avec mon ami ?
comment moi vouloir manger avec ami,Comment je veux manger avec mon ami ?
comment moi vouloir apprendre avec nous,Comment je veux apprendre avec nous ?
comment tu vouloir aller avec ami,Comment tu veux aller avec mon ami ?
comment nous vouloir manger avec bebe,Comment nous voulons manger avec le bébé ?
comment ami vouloir apprendre avec nous,Comment mon ami veut apprendre avec nous ?
comment aujourd hui moi manger,Comment aujourd'hui je mange ?
comment moi aimer chat bien,Comment j'aime le chat bien ?
comment moi attendre ami bientot,Comment j'attends mon ami bientôt ?
comment tu vouloir manger bien,Comment tu veux manger bien ?
comment moi aimer chat avec ami bien,Comment j'aime le chat avec mon ami bien ?
comment moi non aimer chat,Comment je n'aime pas le chat ?
comment moi non attendre ami,Comment je n'attends pas mon ami ?
comment nous non manger avec ami,Comment nous ne mangeons pas avec mon ami ?
moi aimer ami bien,J'aime mon ami bien.
moi aimer ami bientot,J'aime mon ami bientôt.
moi aimer ami ici,J'aime mon ami ici.
tu aimer ami bien,Tu aimes mon ami bien.
tu aimer ami bientot,Tu aimes mon ami bientôt.
nous aimer ami bien,Nous aimons mon ami bien.
nous aimer ami bientot,Nous aimons mon ami bientôt.
ami aimer nous bien,Mon ami aime nous bien.
bebe aimer ami bien,Le bébé aime mon ami bien.
chat aimer nous bien,Le chat aime nous bien.
moi aimer ami avec nous bien,J'aime mon ami avec nous bien.
moi aimer ami avec bebe bientot,J'aime mon ami avec le bébé bientôt.
tu aimer ami avec moi bien,Tu aimes mon ami avec moi bien.
moi vouloir aide avec ami,Je veux de l'aide avec mon ami.
moi vouloir aide avec nous,Je veux de l'aide avec nous.
moi vouloir amour avec ami,Je veux de l'amour avec mon ami.
tu vouloir aide avec ami,Tu veux de l'aide avec mon ami.
tu vouloir aide avec nous,Tu veux de l'aide avec nous.
nous vouloir aide avec ami,Nous voulons de l'aide avec mon ami.
ami vouloir aide avec nous,Mon ami veut de l'aide avec nous.
bebe vouloir aide avec ami,Le bébé veut de l'aide avec mon ami.
chat vouloir aide avec nous,Le chat veut de l'aide avec nous.
moi vouloir aide bien,Je veux de l'aide bien.
moi vouloir amour bien,Je veux de l'amour bien.
tu vouloir aide bien,Tu veux de l'aide bien.
nous vouloir amour bien,Nous voulons de l'amour bien.
moi vouloir aide avec ami bien,Je veux de l'aide avec mon ami bien.
tu vouloir aide avec nous bientot,Tu veux de l'aide avec nous bientôt.
moi non vouloir aide avec ami,Je ne veux pas d'aide avec mon ami.
tu non vouloir amour avec nous,Tu ne veux pas d'amour avec nous.
moi donner amour ami,Je donne de l'amour à mon ami.
moi donner amour bebe,Je donne de l'amour au bébé.
moi donner amour chat,Je donne de l'amour au chat.
moi donner amour nous,Je donne de l'amour à nous.
tu donner amour ami,Tu donnes de l'amour à mon ami.
tu donner amour bebe,Tu donnes de l'amour au bébé.
nous donner amour ami,Nous donnons de l'amour à mon ami.
nous donner amour bebe,Nous donnons de l'amour au bébé.
ami donner amour nous,Mon ami donne de l'amour à nous.
ami donner amour moi,Mon ami me donne de l'amour.
bebe donner amour nous,Le bébé donne de l'amour à nous.
chat donner amour moi,Le chat me donne de l'amour.
moi non donner amour ami,Je ne donne pas d'amour à mon ami.
moi non donner amour bebe,Je ne donne pas d'amour au bébé.
tu non donner amour ami,Tu ne donnes pas d'amour à mon ami.
moi donner amour ami bien,Je donne de l'amour à mon ami bien.
moi donner amour bebe bientot,Je donne de l'amour au bébé bientôt.
tu donner amour ami bientot,Tu donnes de l'amour à mon ami bientôt.
moi donner aide ami avec nous,Je donne de l'aide à mon ami avec nous.
moi donner aide bebe avec ami,Je donne de l'aide au bébé avec mon ami.
tu donner amour ami avec nous,Tu donnes de l'amour à mon ami avec nous.
aujourd hui moi donner aide ami,Aujourd'hui je donne de l'aide à mon ami.
aujourd hui moi donner amour bebe,Aujourd'hui je donne de l'amour au bébé.
aujourd hui tu donner aide nous,Aujourd'hui tu donnes de l'aide à nous.
comment moi donner amour ami,Comment je donne de l'amour à mon ami ?
comment tu donner amour bebe,Comment tu donnes de l'amour au bébé ?
moi aimer amour avec ami,J'aime de l'amour avec mon ami.
moi aimer amour bien,J'aime de l'amour bien.
tu aimer amour avec nous,Tu aimes de l'amour avec nous.
nous aimer amour bien,Nous aimons de l'amour bien.
ami aimer amour bien,Mon ami aime de l'amour bien.
moi non aimer amour avec nous,Je n'aime pas de l'amour avec nous.
moi non aimer amour bien,Je n'aime pas de l'amour bien.
moi aimer aide,J'aime de l'aide.
tu aimer aide,Tu aimes de l'aide.
nous aimer aide,Nous aimons de l'aide.
ami aimer aide,Mon ami aime de l'aide.
bebe aimer aide,Le bébé aime de l'aide.
moi non aimer aide,Je n'aime pas de l'aide.
moi vouloir manger avec bebe bien,Je veux manger avec le bébé bien.
moi vouloir boire avec nous bientot,Je veux boire avec nous bientôt.
moi vouloir aller avec bebe bien,Je veux aller avec le bébé bien.
moi vouloir changer avec ami bien,Je veux changer avec mon ami bien.
moi vouloir attendre avec ami bien,Je veux attendre avec mon ami bien.
tu vouloir boire avec bebe bientot,Tu veux boire avec le bébé bientôt.
tu vouloir changer avec nous bientot,Tu veux changer avec nous bientôt.
nous vouloir boire avec ami bien,Nous voulons boire avec mon ami bien.
nous vouloir changer avec bebe bientot,Nous voulons changer avec le bébé bientôt.
ami vouloir boire avec nous bientot,Mon ami veut boire avec nous bientôt.
bebe vouloir aller avec nous bientot,Le bébé veut aller avec nous bientôt.
chat vouloir aller avec ami bientot,Le chat veut aller avec mon ami bientôt.
moi vouloir apprendre aide,Je veux apprendre de l'aide.
moi vouloir comprendre aide,Je veux comprendre de l'aide.
moi non vouloir manger avec bebe,Je ne veux pas manger avec le bébé.
tu non vouloir boire avec ami,Tu ne veux pas boire avec mon ami.
nous non vouloir aller avec bebe,Nous ne voulons pas aller avec le bébé.
ami non vouloir apprendre avec nous,Mon ami ne veut pas apprendre avec nous.
bebe non vouloir manger avec nous,Le bébé ne veut pas manger avec nous.
bonjour moi aimer bebe avec nous,Bonjour j'aime le bébé avec nous.
bonjour moi attendre ami avec tu,Bonjour j'attends mon ami avec toi.
bonjour moi vouloir manger avec ami,Bonjour je veux manger avec mon ami.
bonjour tu vouloir apprendre avec nous,Bonjour tu veux apprendre avec nous.
bonjour nous vouloir manger avec bebe,Bonjour nous voulons manger avec le bébé.
bonjour ami vouloir apprendre avec nous,Bonjour mon ami veut apprendre avec nous.
bonjour moi non comprendre avec ami,Bonjour je ne comprends pas avec mon ami.
bonjour moi vouloir aide,Bonjour je veux de l'aide.
bonjour tu vouloir aide avec nous,Bonjour tu veux de l'aide avec nous.
au revoir moi aller avec ami,Au revoir je pars avec mon ami.
au revoir moi aller avec nous bientot,Au revoir je pars avec nous bientôt.
au revoir tu aller avec ami bientot,Au revoir tu pars avec mon ami bientôt.
au revoir nous aller avec ami,Au revoir nous partons avec mon ami.
au revoir ami aller avec nous,Au revoir mon ami part avec nous.
au revoir ami aller bientot,Au revoir mon ami part bientôt.
au revoir bebe aller avec ami,Au revoir le bébé part avec mon ami.
au revoir moi vouloir aller,Au revoir je veux aller.
au revoir moi vouloir aller avec ami,Au revoir je veux aller avec mon ami.
merci tu donner aide ami,Merci tu donnes de l'aide à mon ami.
merci moi donner aide bebe,Merci je donne de l'aide au bébé.
merci ami donner aide nous,Merci mon ami donne de l'aide à nous.
merci moi aimer amour,Merci j'aime de l'amour.
merci tu aimer aide,Merci tu aimes de l'aide.
merci moi vouloir aide avec ami,Merci je veux de l'aide avec mon ami.
merci nous donner amour ami,Merci nous donnons de l'amour à mon ami.
moi vouloir manger avec ami ici,Je veux manger avec mon ami ici.
moi vouloir manger avec tu bien,Je veux manger avec toi bien.
moi vouloir manger avec tu bientot,Je veux manger avec toi bientôt.
moi vouloir manger avec nous ici,Je veux manger avec nous ici.
moi vouloir manger avec bebe bien,Je veux manger avec le bébé bien.
moi vouloir manger avec bebe ici,Je veux manger avec le bébé ici.
moi vouloir manger avec chat bien,Je veux manger avec le chat bien.
moi vouloir manger avec chat bientot,Je veux manger avec le chat bientôt.
moi vouloir boire avec tu bien,Je veux boire avec toi bien.
moi vouloir boire avec nous bientot,Je veux boire avec nous bientôt.
moi vouloir boire avec bebe bien,Je veux boire avec le bébé bien.
moi vouloir boire avec chat ici,Je veux boire avec le chat ici.
moi vouloir aller avec tu ici,Je veux aller avec toi ici.
moi vouloir aller avec nous bien,Je veux aller avec nous bien.
moi vouloir aller avec bebe ici,Je veux aller avec le bébé ici.
moi vouloir aller avec chat bientot,Je veux aller avec le chat bientôt.
moi vouloir apprendre avec tu bien,Je veux apprendre avec toi bien.
moi vouloir apprendre avec bebe bien,Je veux apprendre avec le bébé bien.
moi vouloir apprendre avec bebe ici,Je veux apprendre avec le bébé ici.
moi vouloir apprendre avec chat bien,Je veux apprendre avec le chat bien.
moi vouloir comprendre avec ami bien,Je veux comprendre avec mon ami bien.
moi vouloir comprendre avec tu bientot,Je veux comprendre avec toi bientôt.
moi vouloir comprendre avec nous bien,Je veux comprendre avec nous bien.
moi vouloir comprendre avec bebe bientot,Je veux comprendre avec le bébé bientôt.
moi vouloir changer avec tu bientot,Je veux changer avec toi bientôt.
moi vouloir changer avec nous bien,Je veux changer avec nous bien.
moi vouloir changer avec bebe ici,Je veux changer avec le bébé ici.
moi vouloir aimer avec ami bientot,Je veux aimer avec mon ami bientôt.
moi vouloir aimer avec nous bien,Je veux aimer avec nous bien.
moi vouloir aimer avec bebe ici,Je veux aimer avec le bébé ici.
moi vouloir donner avec ami bien,Je veux donner avec mon ami bien.
moi vouloir donner avec nous bientot,Je veux donner avec nous bientôt.
moi vouloir attendre avec ami ici,Je veux attendre avec mon ami ici.
moi vouloir attendre avec tu bientot,Je veux attendre avec toi bientôt.
moi vouloir attendre avec bebe bien,Je veux attendre avec le bébé bien.
tu vouloir manger avec moi bien,Tu veux manger avec moi bien.
tu vouloir manger avec ami ici,Tu veux manger avec mon ami ici.
tu vouloir manger avec bebe bientot,Tu veux manger avec le bébé bientôt.
tu vouloir manger avec chat bien,Tu veux manger avec le chat bien.
tu vouloir boire avec ami ici,Tu veux boire avec mon ami ici.
tu vouloir boire avec bebe bien,Tu veux boire avec le bébé bien.
tu vouloir boire avec nous ici,Tu veux boire avec nous ici.
tu vouloir aller avec moi bien,Tu veux aller avec moi bien.
tu vouloir aller avec bebe ici,Tu veux aller avec le bébé ici.
tu vouloir aller avec chat bien,Tu veux aller avec le chat bien.
tu vouloir apprendre avec ami ici,Tu veux apprendre avec mon ami ici.
tu vouloir apprendre avec bebe bien,Tu veux apprendre avec le bébé bien.
tu vouloir comprendre avec ami bien,Tu veux comprendre avec mon ami bien.
tu vouloir comprendre avec nous bientot,Tu veux comprendre avec nous bientôt.
tu vouloir changer avec ami bientot,Tu veux changer avec mon ami bientôt.
tu vouloir aimer avec nous ici,Tu veux aimer avec nous ici.
tu vouloir attendre avec ami bientot,Tu veux attendre avec mon ami bientôt.
tu vouloir attendre avec nous bien,Tu veux attendre avec nous bien.
nous vouloir manger avec tu bien,Nous voulons manger avec toi bien.
nous vouloir manger avec bebe ici,Nous voulons manger avec le bébé ici.
nous vouloir manger avec chat bientot,Nous voulons manger avec le chat bientôt.
nous vouloir boire avec ami ici,Nous voulons boire avec mon ami ici.
nous vouloir boire avec bebe bientot,Nous voulons boire avec le bébé bientôt.
nous vouloir aller avec tu bientot,Nous voulons aller avec toi bientôt.
nous vouloir aller avec bebe ici,Nous voulons aller avec le bébé ici.
nous vouloir apprendre avec tu bien,Nous voulons apprendre avec toi bien.
nous vouloir apprendre avec bebe ici,Nous voulons apprendre avec le bébé ici.
nous vouloir comprendre avec ami bientot,Nous voulons comprendre avec mon ami bientôt.
nous vouloir changer avec tu bien,Nous voulons changer avec toi bien.
nous vouloir changer avec bebe ici,Nous voulons changer avec le bébé ici.
nous vouloir aimer avec ami bientot,Nous voulons aimer avec mon ami bientôt.
nous vouloir attendre avec tu bien,Nous voulons attendre avec toi bien.
nous vouloir attendre avec bebe bientot,Nous voulons attendre avec le bébé bientôt.
ami vouloir manger avec tu bientot,Mon ami veut manger avec toi bientôt.
ami vouloir manger avec bebe bien,Mon ami veut manger avec le bébé bien.
ami vouloir manger avec chat ici,Mon ami veut manger avec le chat ici.
ami vouloir boire avec tu bien,Mon ami veut boire avec toi bien.
ami vouloir boire avec bebe bientot,Mon ami veut boire avec le bébé bientôt.
ami vouloir aller avec tu bien,Mon ami veut aller avec toi bien.
ami vouloir aller avec bebe bientot,Mon ami veut aller avec le bébé bientôt.
ami vouloir apprendre avec tu ici,Mon ami veut apprendre avec toi ici.
ami vouloir apprendre avec bebe bien,Mon ami veut apprendre avec le bébé bien.
ami vouloir comprendre avec nous bien,Mon ami veut comprendre avec nous bien.
ami vouloir changer avec nous bientot,Mon ami veut changer avec nous bientôt.
ami vouloir aimer avec nous bien,Mon ami veut aimer avec nous bien.
ami vouloir attendre avec tu bientot,Mon ami veut attendre avec toi bientôt.
ami vouloir attendre avec bebe bien,Mon ami veut attendre avec le bébé bien.
bebe vouloir manger avec tu bien,Le bébé veut manger avec toi bien.
bebe vouloir manger avec chat bientot,Le bébé veut manger avec le chat bientôt.
bebe vouloir boire avec ami ici,Le bébé veut boire avec mon ami ici.
bebe vouloir aller avec ami bien,Le bébé veut aller avec mon ami bien.
bebe vouloir apprendre avec ami ici,Le bébé veut apprendre avec mon ami ici.
bebe vouloir comprendre avec nous bien,Le bébé veut comprendre avec nous bien.
bebe vouloir changer avec ami bientot,Le bébé veut changer avec mon ami bientôt.
bebe vouloir aimer avec nous ici,Le bébé veut aimer avec nous ici.
bebe vouloir attendre avec ami bien,Le bébé veut attendre avec mon ami bien.
chat vouloir manger avec tu bien,Le chat veut manger avec toi bien.
chat vouloir manger avec bebe ici,Le chat veut manger avec le bébé ici.
chat vouloir boire avec ami bien,Le chat veut boire avec mon ami bien.
chat vouloir aller avec ami ici,Le chat veut aller avec mon ami ici.
chat vouloir apprendre avec nous bientot,Le chat veut apprendre avec nous bientôt.
chat vouloir comprendre avec ami bien,Le chat veut comprendre avec mon ami bien.
chat vouloir changer avec nous bientot,Le chat veut changer avec nous bientôt.
chat vouloir aimer avec ami bientot,Le chat veut aimer avec mon ami bientôt.
chat vouloir attendre avec nous bien,Le chat veut attendre avec nous bien.
moi aimer bebe avec ami bien,J'aime le bébé avec mon ami bien.
moi aimer bebe avec ami bientot,J'aime le bébé avec mon ami bientôt.
moi aimer bebe avec nous ici,J'aime le bébé avec nous ici.
moi aimer chat avec nous bien,J'aime le chat avec nous bien.
moi aimer chat avec nous bientot,J'aime le chat avec nous bientôt.
moi aimer ami avec chat bien,J'aime mon ami avec le chat bien.
moi aimer amour avec bebe bien,J'aime de l'amour avec le bébé bien.
tu aimer chat avec ami bien,Tu aimes le chat avec mon ami bien.
tu aimer bebe avec ami bientot,Tu aimes le bébé avec mon ami bientôt.
tu aimer ami avec nous bien,Tu aimes mon ami avec nous bien.
nous aimer chat avec bebe bien,Nous aimons le chat avec le bébé bien.
nous aimer ami avec chat bientot,Nous aimons mon ami avec le chat bientôt.
ami aimer chat avec bebe bientot,Mon ami aime le chat avec le bébé bientôt.
ami aimer bebe avec nous bien,Mon ami aime le bébé avec nous bien.
bebe aimer chat avec nous bientot,Le bébé aime le chat avec nous bientôt.
chat aimer bebe avec ami bientot,Le chat aime le bébé avec mon ami bientôt.
moi attendre ami avec bebe bien,J'attends mon ami avec le bébé bien.
moi attendre ami avec nous bientot,J'attends mon ami avec nous bientôt.
moi attendre bebe avec nous bien,J'attends le bébé avec nous bien.
moi attendre chat avec ami bientot,J'attends le chat avec mon ami bientôt.
tu attendre ami avec bebe bien,Tu attends mon ami avec le bébé bien.
tu attendre bebe avec ami bientot,Tu attends le bébé avec mon ami bientôt.
nous attendre ami avec bebe bientot,Nous attendons mon ami avec le bébé bientôt.
nous attendre chat avec ami bien,Nous attendons le chat avec mon ami bien.
ami attendre bebe avec nous bientot,Mon ami attend le bébé avec nous bientôt.
ami attendre chat avec bebe bien,Mon ami attend le chat avec le bébé bien.
bebe attendre chat avec nous bien,Le bébé attend le chat avec nous bien.
chat attendre bebe avec ami bientot,Le chat attend le bébé avec mon ami bientôt.
moi non aimer chat avec ami bien,Je n'aime pas le chat avec mon ami bien.
moi non aimer bebe avec nous bientot,Je n'aime pas le bébé avec nous bientôt.
tu non aimer ami avec bebe bien,Tu n'aimes pas mon ami avec le bébé bien.
nous non aimer chat avec ami bientot,Nous n'aimons pas le chat avec mon ami bientôt.
moi non attendre ami avec bebe bien,Je n'attends pas mon ami avec le bébé bien.
tu non attendre bebe avec nous bientot,Tu n'attends pas le bébé avec nous bientôt.
moi donner aide ami avec bebe,Je donne de l'aide à mon ami avec le bébé.
moi donner aide bebe avec nous,Je donne de l'aide au bébé avec nous.
tu donner aide ami avec bebe,Tu donnes de l'aide à mon ami avec le bébé.
nous donner aide bebe avec ami,Nous donnons de l'aide au bébé avec mon ami.
ami donner aide nous avec bebe,Mon ami donne de l'aide à nous avec le bébé.
moi donner amour ami avec nous,Je donne de l'amour à mon ami avec nous.
tu donner amour bebe avec nous,Tu donnes de l'amour au bébé avec nous.
moi donner aide ami avec bebe bien,Je donne de l'aide à mon ami avec le bébé bien.
moi donner aide bebe avec nous bientot,Je donne de l'aide au bébé avec nous bientôt.
tu donner aide ami avec bebe bientot,Tu donnes de l'aide à mon ami avec le bébé bientôt.
aujourd hui moi donner aide ami avec nous,Aujourd'hui je donne de l'aide à mon ami avec nous.
aujourd hui tu donner aide bebe avec ami,Aujourd'hui tu donnes de l'aide au bébé avec mon ami.
comment moi donner aide ami avec bebe,Comment je donne de l'aide à mon ami avec le bébé ?
comment tu donner amour bebe avec nous,Comment tu donnes de l'amour au bébé avec nous ?
moi non vouloir aide avec ami bien,Je ne veux pas d'aide avec mon ami bien.
tu non vouloir amour avec nous bien,Tu ne veux pas d'amour avec nous bien.
nous non vouloir aide avec bebe bien,Nous ne voulons pas d'aide avec le bébé bien.
ami non vouloir aide avec nous bientot,Mon ami ne veut pas d'aide avec nous bientôt.
moi non donner aide ami bientot,Je ne donne pas d'aide à mon ami bientôt.
tu non donner amour bebe ici,Tu ne donnes pas d'amour au bébé ici.
nous non donner aide ami bien,Nous ne donnons pas d'aide à mon ami bien.
moi manger bientot avec ami,Je mange bientôt avec mon ami.
moi boire ici avec nous,Je bois ici avec nous.
moi aller bientot avec ami,Je pars bientôt avec mon ami.
moi apprendre bien avec ami,J'apprends bien avec mon ami.
tu manger ici avec nous,Tu manges ici avec nous.
tu boire bientot avec ami,Tu bois bientôt avec mon ami.
tu aller bien avec nous,Tu pars bien avec nous.
nous manger bientot avec bebe,Nous mangeons bientôt avec le bébé.
nous apprendre bien avec bebe,Nous apprenons bien avec le bébé.
ami manger bien avec tu,Mon ami mange bien avec toi.
ami boire ici avec nous,Mon ami boit ici avec nous.
ami aller bientot avec nous,Mon ami part bientôt avec nous.
bebe manger bientot avec nous,Le bébé mange bientôt avec nous.
chat manger bien avec ami,Le chat mange bien avec mon ami.
moi non manger bientot avec ami,Je ne mange pas bientôt avec mon ami.
moi non aller bien avec nous,Je ne pars pas bien avec nous.
tu non manger ici avec ami,Tu ne manges pas ici avec mon ami.
nous non apprendre bien avec bebe,Nous n'apprenons pas bien avec le bébé.
bebe manger avec moi,Le bébé mange avec moi.
bebe manger avec tu,Le bébé mange avec toi.
bebe manger avec chat,Le bébé mange avec le chat.
bebe boire avec moi,Le bébé boit avec moi.
bebe boire avec tu,Le bébé boit avec toi.
bebe boire avec chat,Le bébé boit avec le chat.
bebe aller avec moi,Le bébé part avec moi.
bebe aller avec tu,Le bébé part avec toi.
bebe aller avec chat,Le bébé part avec le chat.
bebe apprendre avec moi,Le bébé apprend avec moi.
bebe apprendre avec tu,Le bébé apprend avec toi.
bebe apprendre avec chat,Le bébé apprend avec le chat.
bebe comprendre avec moi,Le bébé comprend avec moi.
bebe comprendre avec tu,Le bébé comprend avec toi.
bebe comprendre avec ami,Le bébé comprend avec mon ami.
bebe comprendre avec chat,Le bébé comprend avec le chat.
bebe changer avec moi,Le bébé change avec moi.
bebe changer avec tu,Le bébé change avec toi.
bebe changer avec nous,Le bébé change avec nous.
bebe changer avec chat,Le bébé change avec le chat.
bebe aimer avec moi,Le bébé aime avec moi.
bebe aimer avec tu,Le bébé aime avec toi.
bebe aimer avec chat,Le bébé aime avec le chat.
bebe attendre avec moi,Le bébé attend avec moi.
bebe attendre avec tu,Le bébé attend avec toi.
bebe attendre avec ami,Le bébé attend avec mon ami.
bebe attendre avec chat,Le bébé attend avec le chat.
bebe donner avec ami,Le bébé donne avec mon ami.
bebe donner avec nous,Le bébé donne avec nous.
chat manger avec moi,Le chat mange avec moi.
chat manger avec tu,Le chat mange avec toi.
chat manger avec bebe,Le chat mange avec le bébé.
chat boire avec moi,Le chat boit avec moi.
chat boire avec tu,Le chat boit avec toi.
chat boire avec bebe,Le chat boit avec le bébé.
chat aller avec moi,Le chat part avec moi.
chat aller avec tu,Le chat part avec toi.
chat aller avec bebe,Le chat part avec le bébé.
chat apprendre avec moi,Le chat apprend avec moi.
chat apprendre avec tu,Le chat apprend avec toi.
chat apprendre avec bebe,Le chat apprend avec le bébé.
chat comprendre avec moi,Le chat comprend avec moi.
chat comprendre avec tu,Le chat comprend avec toi.
chat comprendre avec ami,Le chat comprend avec mon ami.
chat comprendre avec bebe,Le chat comprend avec le bébé.
chat changer avec moi,Le chat change avec moi.
chat changer avec tu,Le chat change avec toi.
chat changer avec bebe,Le chat change avec le bébé.
chat aimer avec moi,Le chat aime avec moi.
chat aimer avec tu,Le chat aime avec toi.
chat aimer avec bebe,Le chat aime avec le bébé.
chat attendre avec moi,Le chat attend avec moi.
chat attendre avec tu,Le chat attend avec toi.
chat attendre avec bebe,Le chat attend avec le bébé.
ami manger avec moi,Mon ami mange avec moi.
ami manger avec chat,Mon ami mange avec le chat.
ami boire avec moi,Mon ami boit avec moi.
ami boire avec chat,Mon ami boit avec le chat.
ami aller avec moi,Mon ami part avec moi.
ami aller avec chat,Mon ami part avec le chat.
ami apprendre avec moi,Mon ami apprend avec moi.
ami apprendre avec chat,Mon ami apprend avec le chat.
ami comprendre avec moi,Mon ami comprend avec moi.
ami comprendre avec bebe,Mon ami comprend avec le bébé.
ami comprendre avec chat,Mon ami comprend avec le chat.
ami changer avec moi,Mon ami change avec moi.
ami changer avec chat,Mon ami change avec le chat.
ami aimer avec moi,Mon ami aime avec moi.
ami aimer avec chat,Mon ami aime avec le chat.
ami attendre avec moi,Mon ami attend avec moi.
ami attendre avec chat,Mon ami attend avec le chat.
bebe manger avec nous,Le bébé mange avec nous.
chat manger avec ami,Le chat mange avec mon ami.
bebe boire avec ami,Le bébé boit avec mon ami.
chat boire avec nous,Le chat boit avec nous.
bebe aller avec nous,Le bébé part avec nous.
chat aller avec nous,Le chat part avec nous.
bebe non manger avec moi,Le bébé ne mange pas avec moi.
bebe non boire avec ami,Le bébé ne boit pas avec mon ami.
bebe non aller avec nous,Le bébé ne part pas avec nous.
bebe non apprendre avec tu,Le bébé n'apprend pas avec toi.
bebe non comprendre avec nous,Le bébé ne comprend pas avec nous.
bebe non changer avec ami,Le bébé ne change pas avec mon ami.
bebe non attendre avec tu,Le bébé n'attend pas avec toi.
chat non manger avec nous,Le chat ne mange pas avec nous.
chat non boire avec moi,Le chat ne boit pas avec moi.
chat non aller avec ami,Le chat ne part pas avec mon ami.
chat non apprendre avec nous,Le chat n'apprend pas avec nous.
chat non comprendre avec ami,Le chat ne comprend pas avec mon ami.
chat non changer avec tu,Le chat ne change pas avec toi.
chat non attendre avec nous,Le chat n'attend pas avec nous.
ami non manger avec chat,Mon ami ne mange pas avec le chat.
ami non boire avec bebe,Mon ami ne boit pas avec le bébé.
ami non aller avec chat,Mon ami ne part pas avec le chat.
ami non apprendre avec chat,Mon ami n'apprend pas avec le chat.
ami non changer avec bebe,Mon ami ne change pas avec le bébé.
ami non attendre avec chat,Mon ami n'attend pas avec le chat.
bebe manger avec nous bien,Le bébé mange avec nous bien.
bebe aller avec ami bientot,Le bébé part avec mon ami bientôt.
bebe apprendre avec ami bien,Le bébé apprend avec mon ami bien.
bebe changer avec nous bien,Le bébé change avec nous bien.
chat manger avec tu bientot,Le chat mange avec toi bientôt.
chat boire avec ami bien,Le chat boit avec mon ami bien.
chat aller avec tu bientot,Le chat part avec toi bientôt.
chat apprendre avec nous bientot,Le chat apprend avec nous bientôt.
ami manger avec bebe bien,Mon ami mange avec le bébé bien.
ami boire avec bebe bientot,Mon ami boit avec le bébé bientôt.
ami aller avec chat bien,Mon ami part avec le chat bien.
ami apprendre avec chat bientot,Mon ami apprend avec le chat bientôt.
moi non vouloir manger avec ami,Je ne veux pas manger avec mon ami.
moi non vouloir boire avec nous,Je ne veux pas boire avec nous.
moi non vouloir aller avec bebe,Je ne veux pas aller avec le bébé.
moi non vouloir apprendre avec tu,Je ne veux pas apprendre avec toi.
moi non vouloir changer avec ami,Je ne veux pas changer avec mon ami.
moi non vouloir attendre avec nous,Je ne veux pas attendre avec nous.
tu non vouloir manger avec ami,Tu ne veux pas manger avec mon ami.
tu non vouloir boire avec nous,Tu ne veux pas boire avec nous.
tu non vouloir aller avec bebe,Tu ne veux pas aller avec le bébé.
tu non vouloir apprendre avec ami,Tu ne veux pas apprendre avec mon ami.
nous non vouloir manger avec bebe,Nous ne voulons pas manger avec le bébé.
nous non vouloir aller avec ami,Nous ne voulons pas aller avec mon ami.
nous non vouloir apprendre avec bebe,Nous ne voulons pas apprendre avec le bébé.
ami non vouloir manger avec nous,Mon ami ne veut pas manger avec nous.
ami non vouloir boire avec tu,Mon ami ne veut pas boire avec toi.
bebe non vouloir aller avec nous,Le bébé ne veut pas aller avec nous.
chat non vouloir manger avec ami,Le chat ne veut pas manger avec mon ami.
moi non vouloir manger avec ami bientot,Je ne veux pas manger avec mon ami bientôt.
tu non vouloir aller avec bebe bientot,Tu ne veux pas aller avec le bébé bientôt.
nous non vouloir apprendre avec ami bien,Nous ne voulons pas apprendre avec mon ami bien.
aujourd hui moi non vouloir manger avec ami,Aujourd'hui je ne veux pas manger avec mon ami.
aujourd hui tu non vouloir aller avec nous,Aujourd'hui tu ne veux pas aller avec nous.
aujourd hui moi vouloir manger avec bebe bien,Aujourd'hui je veux manger avec le bébé bien.
aujourd hui moi vouloir apprendre avec chat bientot,Aujourd'hui je veux apprendre avec le chat bientôt.
aujourd hui tu vouloir boire avec nous bien,Aujourd'hui tu veux boire avec nous bien.
aujourd hui nous vouloir apprendre avec bebe bien,Aujourd'hui nous voulons apprendre avec le bébé bien.
aujourd hui ami vouloir aller avec nous bientot,Aujourd'hui mon ami veut aller avec nous bientôt.
aujourd hui bebe vouloir manger avec ami bien,Aujourd'hui le bébé veut manger avec mon ami bien.
aujourd hui chat vouloir manger avec nous bientot,Aujourd'hui le chat veut manger avec nous bientôt.
aujourd hui moi aimer bebe avec ami bien,Aujourd'hui j'aime le bébé avec mon ami bien.
aujourd hui moi attendre chat avec nous bientot,Aujourd'hui j'attends le chat avec nous bientôt.
aujourd hui tu aimer ami avec bebe bien,Aujourd'hui tu aimes mon ami avec le bébé bien.
aujourd hui nous attendre ami avec bebe bientot,Aujourd'hui nous attendons mon ami avec le bébé bientôt.
aujourd hui ami aimer nous avec bebe bien,Aujourd'hui mon ami aime nous avec le bébé bien.
comment moi vouloir manger avec bebe,Comment je veux manger avec le bébé ?
comment moi vouloir boire avec ami bientot,Comment je veux boire avec mon ami bientôt ?
comment tu vouloir aller avec nous,Comment tu veux aller avec nous ?
comment nous vouloir apprendre avec bebe,Comment nous voulons apprendre avec le bébé ?
comment ami vouloir manger avec nous,Comment mon ami veut manger avec nous ?
comment bebe vouloir manger avec ami,Comment le bébé veut manger avec mon ami ?
comment chat vouloir aller avec nous,Comment le chat veut aller avec nous ?
comment moi aimer bebe avec ami,Comment j'aime le bébé avec mon ami ?
comment moi attendre chat avec nous,Comment j'attends le chat avec nous ?
comment tu aimer ami avec bebe,Comment tu aimes mon ami avec le bébé ?
comment nous donner aide ami avec bebe,Comment nous donnons de l'aide à mon ami avec le bébé ?
comment moi non vouloir manger avec ami,Comment je ne veux pas manger avec mon ami ?
comment moi non aimer chat avec nous,Comment je n'aime pas le chat avec nous ?
comment tu non attendre ami avec bebe,Comment tu n'attends pas mon ami avec le bébé ?
bonjour moi aimer chat avec nous,Bonjour j'aime le chat avec nous.
bonjour moi vouloir aller avec ami bientot,Bonjour je veux aller avec mon ami bientôt.
bonjour moi vouloir manger avec bebe,Bonjour je veux manger avec le bébé.
bonjour tu vouloir apprendre avec nous bien,Bonjour tu veux apprendre avec nous bien.
bonjour nous vouloir aller avec ami bientot,Bonjour nous voulons aller avec mon ami bientôt.
bonjour ami vouloir manger avec nous,Bonjour mon ami veut manger avec nous.
bonjour moi non vouloir aller,Bonjour je ne veux pas aller.
bonjour tu non manger avec nous,Bonjour tu ne manges pas avec nous.
au revoir moi aller avec ami bientot,Au revoir je pars avec mon ami bientôt.
au revoir tu aller avec nous bientot,Au revoir tu pars avec nous bientôt.
au revoir nous aller avec ami,Au revoir nous partons avec mon ami.
au revoir ami aller avec nous bientot,Au revoir mon ami part avec nous bientôt.
au revoir moi vouloir aller avec ami,Au revoir je veux aller avec mon ami.
merci moi comprendre avec ami bien,Merci je comprends avec mon ami bien.
merci tu apprendre avec nous bien,Merci tu apprends avec nous bien.
merci moi donner aide ami avec nous,Merci je donne de l'aide à mon ami avec nous.
merci nous aimer amour bien,Merci nous aimons de l'amour bien.
moi manger avec ami aujourd hui,Aujourd'hui je mange avec mon ami.
tu boire avec nous aujourd hui,Aujourd'hui tu bois avec nous.
nous apprendre avec ami aujourd hui,Aujourd'hui nous apprenons avec mon ami.
ami aller avec nous aujourd hui,Aujourd'hui mon ami part avec nous.
moi apprendre avec ami aujourd hui bien,Aujourd'hui j'apprends avec mon ami bien.
tu manger avec bebe aujourd hui bien,Aujourd'hui tu manges avec le bébé bien.
moi aimer chat aujourd hui,Aujourd'hui j'aime le chat.
tu attendre ami aujourd hui,Aujourd'hui tu attends mon ami.
nous aimer bebe aujourd hui,Aujourd'hui nous aimons le bébé.
ami vouloir manger aujourd hui,Aujourd'hui mon ami veut manger.
moi manger,Je mange.
tu manger,Tu manges.
nous manger,Nous mangeons.
ami manger,Mon ami mange.
bebe manger,Le bébé mange.
chat manger,Le chat mange.
moi boire,Je bois.
tu boire,Tu bois.
nous boire,Nous buvons.
ami boire,Mon ami boit.
bebe boire,Le bébé boit.
chat boire,Le chat boit.
moi aller,Je pars.
tu aller,Tu pars.
nous aller,Nous partons.
ami aller,Mon ami part.
bebe aller,Le bébé part.
chat aller,Le chat part.
moi apprendre,J'apprends.
tu apprendre,Tu apprends.
nous apprendre,Nous apprenons.
ami apprendre,Mon ami apprend.
bebe apprendre,Le bébé apprend.
chat apprendre,Le chat apprend.
moi comprendre,Je comprends.
tu comprendre,Tu comprends.
nous comprendre,Nous comprenons.
ami comprendre,Mon ami comprend.
bebe comprendre,Le bébé comprend.
chat comprendre,Le chat comprend.
moi changer,Je change.
tu changer,Tu changes.
nous changer,Nous changeons.
ami changer,Mon ami change.
bebe changer,Le bébé change.
chat changer,Le chat change.
moi donner,Je donne.
tu donner,Tu donnes.
nous donner,Nous donnons.
ami donner,Mon ami donne.
bebe donner,Le bébé donne.
chat donner,Le chat donne.
moi non manger,Je ne mange pas.
tu non manger,Tu ne manges pas.
nous non manger,Nous ne mangeons pas.
ami non manger,Mon ami ne mange pas.
bebe non manger,Le bébé ne mange pas.
chat non manger,Le chat ne mange pas.
moi non boire,Je ne bois pas.
tu non boire,Tu ne bois pas.
nous non boire,Nous ne buvons pas.
ami non boire,Mon ami ne boit pas.
bebe non boire,Le bébé ne boit pas.
chat non boire,Le chat ne boit pas.
moi non aller,Je ne pars pas.
tu non aller,Tu ne pars pas.
nous non aller,Nous ne partons pas.
ami non aller,Mon ami ne part pas.
bebe non aller,Le bébé ne part pas.
chat non aller,Le chat ne part pas.
moi non apprendre,Je n'apprends pas.
tu non apprendre,Tu n'apprends pas.
nous non apprendre,Nous n'apprenons pas.
ami non apprendre,Mon ami n'apprend pas.
bebe non apprendre,Le bébé n'apprend pas.
chat non apprendre,Le chat n'apprend pas.
moi non comprendre,Je ne comprends pas.
tu non comprendre,Tu ne comprends pas.
nous non comprendre,Nous ne comprenons pas.
ami non comprendre,Mon ami ne comprend pas.
bebe non comprendre,Le bébé ne comprend pas.
chat non comprendre,Le chat ne comprend pas.
moi non changer,Je ne change pas.
tu non changer,Tu ne changes pas.
nous non changer,Nous ne changeons pas.
ami non changer,Mon ami ne change pas.
bebe non changer,Le bébé ne change pas.
chat non changer,Le chat ne change pas.
moi non donner,Je ne donne pas.
tu non donner,Tu ne donnes pas.
nous non donner,Nous ne donnons pas.
ami non donner,Mon ami ne donne pas.
bebe non donner,Le bébé ne donne pas.
chat non donner,Le chat ne donne pas.
moi non aimer,Je n'aime pas.
tu non aimer,Tu n'aimes pas.
nous non aimer,Nous n'aimons pas.
ami non aimer,Mon ami n'aime pas.
bebe non aimer,Le bébé n'aime pas.
chat non aimer,Le chat n'aime pas.
moi non attendre,Je n'attends pas.
tu non attendre,Tu n'attends pas.
nous non attendre,Nous n'attendons pas.
ami non attendre,Mon ami n'attend pas.
bebe non attendre,Le bébé n'attend pas.
chat non attendre,Le chat n'attend pas.
moi non vouloir,Je ne veux pas.
tu non vouloir,Tu ne veux pas.
nous non vouloir,Nous ne voulons pas.
ami non vouloir,Mon ami ne veut pas.
bebe non vouloir,Le bébé ne veut pas.
chat non vouloir,Le chat ne veut pas.
moi aimer,J'aime.
tu aimer,Tu aimes.
nous aimer,Nous aimons.
ami aimer,Mon ami aime.
bebe aimer,Le bébé aime.
chat aimer,Le chat aime.
moi vouloir,Je veux.
tu vouloir,Tu veux.
nous vouloir,Nous voulons.
ami vouloir,Mon ami veut.
bebe vouloir,Le bébé veut.
chat vouloir,Le chat veut.
moi attendre,J'attends.
tu attendre,Tu attends.
nous attendre,Nous attendons.
ami attendre,Mon ami attend.
bebe attendre,Le bébé attend.
chat attendre,Le chat attend.
bonjour,Bonjour !
merci,Merci !
au revoir,Au revoir !
oui,Oui.
moi manger amour,J'aime de l'amour.
moi manger ami,Je mange avec mon ami.
moi vouloir aide moi,Je veux de l'aide pour moi.
bebe aimer amour,Le bébé aime de l'amour.
chat aimer amour,Le chat aime de l'amour.
ami aimer amour,Mon ami aime de l'amour.
nous aimer amour,Nous aimons de l'amour.
moi aimer amour bientot,J'aime de l'amour bientôt.
tu aimer amour bien,Tu aimes de l'amour bien.
nous aimer amour bientot,Nous aimons de l'amour bientôt.
bebe aimer amour bientot,Le bébé aime de l'amour bientôt.
chat aimer amour bientot,Le chat aime de l'amour bientôt.
ami aimer amour bientot,Mon ami aime de l'amour bientôt.
moi aimer amour avec ami,J'aime de l'amour avec mon ami.
moi aimer amour avec nous,J'aime de l'amour avec nous.
tu aimer amour avec ami,Tu aimes de l'amour avec mon ami.
nous aimer amour avec bebe,Nous aimons de l'amour avec le bébé.
ami aimer amour avec nous,Mon ami aime de l'amour avec nous.
moi non aimer amour bientot,Je n'aime pas de l'amour bientôt.
tu non aimer amour bien,Tu n'aimes pas de l'amour bien.
nous non aimer amour bientot,Nous n'aimons pas de l'amour bientôt.
aujourd hui moi aimer amour,Aujourd'hui j'aime de l'amour.
aujourd hui tu aimer amour,Aujourd'hui tu aimes de l'amour.
aujourd hui moi aimer amour avec ami,Aujourd'hui j'aime de l'amour avec mon ami.
comment moi aimer amour avec ami,Comment j'aime de l'amour avec mon ami ?
comment tu aimer amour bien,Comment tu aimes de l'amour bien ?
moi vouloir amour avec bebe,Je veux de l'amour avec le bébé.
tu vouloir amour avec bebe,Tu veux de l'amour avec le bébé.
nous vouloir amour avec ami,Nous voulons de l'amour avec mon ami.
ami vouloir amour avec nous,Mon ami veut de l'amour avec nous.
moi vouloir amour bientot,Je veux de l'amour bientôt.
tu vouloir amour bientot,Tu veux de l'amour bientôt.
nous vouloir amour bien,Nous voulons de l'amour bien.
ami vouloir amour bientot,Mon ami veut de l'amour bientôt.
bebe vouloir amour bien,Le bébé veut de l'amour bien.
chat vouloir amour bientot,Le chat veut de l'amour bientôt.
moi non vouloir amour bien,Je ne veux pas d'amour bien.
tu non vouloir amour bientot,Tu ne veux pas d'amour bientôt.
moi donner amour ami bientot,Je donne de l'amour à mon ami bientôt.
moi donner amour bebe avec nous,Je donne de l'amour au bébé avec nous.
aujourd hui moi donner amour ami,Aujourd'hui je donne de l'amour à mon ami.
comment moi donner amour bebe,Comment je donne de l'amour au bébé ?
moi vouloir aide moi,Je veux de l'aide pour moi.
tu vouloir aide tu,Tu veux de l'aide pour toi.
nous vouloir aide nous,Nous voulons de l'aide pour nous.
moi vouloir aide avec ami bientot,Je veux de l'aide avec mon ami bientôt.
tu vouloir aide avec bebe bien,Tu veux de l'aide avec le bébé bien.
nous vouloir aide avec chat bientot,Nous voulons de l'aide avec le chat bientôt.
ami vouloir aide avec tu bien,Mon ami veut de l'aide avec toi bien.
moi non vouloir aide bientot,Je ne veux pas d'aide bientôt.
tu non vouloir aide bien,Tu ne veux pas d'aide bien.
nous non vouloir aide bientot,Nous ne voulons pas d'aide bientôt.
aujourd hui moi vouloir aide avec ami,Aujourd'hui je veux de l'aide avec mon ami.
aujourd hui tu vouloir aide bien,Aujourd'hui tu veux de l'aide bien.
comment moi vouloir aide avec nous,Comment je veux de l'aide avec nous ?
comment tu non vouloir aide,Comment tu ne veux pas d'aide ?
bonjour moi vouloir aide,Bonjour je veux de l'aide.
bonjour tu vouloir amour,Bonjour tu veux de l'amour.
merci moi vouloir aide bientot,Merci je veux de l'aide bientôt.
au revoir moi vouloir aide,Au revoir je veux de l'aide.
moi vouloir manger,Je veux manger.
moi vouloir boire,Je veux boire.
moi vouloir aller,Je veux aller.
moi vouloir apprendre,Je veux apprendre.
moi vouloir comprendre,Je veux comprendre.
moi vouloir changer,Je veux changer.
moi vouloir aimer,Je veux aimer.
moi vouloir donner,Je veux donner.
moi vouloir attendre,Je veux attendre.
tu vouloir manger,Tu veux manger.
tu vouloir boire,Tu veux boire.
tu vouloir aller,Tu veux aller.
tu vouloir apprendre,Tu veux apprendre.
tu vouloir comprendre,Tu veux comprendre.
tu vouloir changer,Tu veux changer.
tu vouloir aimer,Tu veux aimer.
tu vouloir donner,Tu veux donner.
tu vouloir attendre,Tu veux attendre.
nous vouloir manger,Nous voulons manger.
nous vouloir boire,Nous voulons boire.
nous vouloir aller,Nous voulons aller.
nous vouloir apprendre,Nous voulons apprendre.
nous vouloir comprendre,Nous voulons comprendre.
nous vouloir changer,Nous voulons changer.
nous vouloir aimer,Nous voulons aimer.
nous vouloir donner,Nous voulons donner.
nous vouloir attendre,Nous voulons attendre.
ami vouloir manger,Mon ami veut manger.
ami vouloir boire,Mon ami veut boire.
ami vouloir aller,Mon ami veut aller.
ami vouloir apprendre,Mon ami veut apprendre.
ami vouloir comprendre,Mon ami veut comprendre.
ami vouloir changer,Mon ami veut changer.
ami vouloir aimer,Mon ami veut aimer.
ami vouloir donner,Mon ami veut donner.
ami vouloir attendre,Mon ami veut attendre.
bebe vouloir manger,Le bébé veut manger.
bebe vouloir boire,Le bébé veut boire.
bebe vouloir aller,Le bébé veut aller.
bebe vouloir apprendre,Le bébé veut apprendre.
bebe vouloir comprendre,Le bébé veut comprendre.
bebe vouloir changer,Le bébé veut changer.
bebe vouloir aimer,Le bébé veut aimer.
bebe vouloir donner,Le bébé veut donner.
bebe vouloir attendre,Le bébé veut attendre.
chat vouloir manger,Le chat veut manger.
chat vouloir boire,Le chat veut boire.
chat vouloir aller,Le chat veut aller.
chat vouloir apprendre,Le chat veut apprendre.
chat vouloir comprendre,Le chat veut comprendre.
chat vouloir changer,Le chat veut changer.
chat vouloir aimer,Le chat veut aimer.
chat vouloir donner,Le chat veut donner.
chat vouloir attendre,Le chat veut attendre.
moi non vouloir manger,Je ne veux pas manger.
moi non vouloir boire,Je ne veux pas boire.
moi non vouloir aller,Je ne veux pas aller.
moi non vouloir apprendre,Je ne veux pas apprendre.
moi non vouloir comprendre,Je ne veux pas comprendre.
moi non vouloir changer,Je ne veux pas changer.
moi non vouloir aimer,Je ne veux pas aimer.
moi non vouloir donner,Je ne veux pas donner.
moi non vouloir attendre,Je ne veux pas attendre.
tu non vouloir manger,Tu ne veux pas manger.
tu non vouloir boire,Tu ne veux pas boire.
tu non vouloir aller,Tu ne veux pas aller.
tu non vouloir apprendre,Tu ne veux pas apprendre.
tu non vouloir comprendre,Tu ne veux pas comprendre.
tu non vouloir changer,Tu ne veux pas changer.
tu non vouloir aimer,Tu ne veux pas aimer.
tu non vouloir donner,Tu ne veux pas donner.
tu non vouloir attendre,Tu ne veux pas attendre.
nous non vouloir manger,Nous ne voulons pas manger.
nous non vouloir boire,Nous ne voulons pas boire.
nous non vouloir aller,Nous ne voulons pas aller.
nous non vouloir apprendre,Nous ne voulons pas apprendre.
nous non vouloir comprendre,Nous ne voulons pas comprendre.
nous non vouloir changer,Nous ne voulons pas changer.
nous non vouloir aimer,Nous ne voulons pas aimer.
nous non vouloir donner,Nous ne voulons pas donner.
nous non vouloir attendre,Nous ne voulons pas attendre.
ami non vouloir manger,Mon ami ne veut pas manger.
ami non vouloir boire,Mon ami ne veut pas boire.
ami non vouloir aller,Mon ami ne veut pas aller.
ami non vouloir apprendre,Mon ami ne veut pas apprendre.
ami non vouloir comprendre,Mon ami ne veut pas comprendre.
ami non vouloir changer,Mon ami ne veut pas changer.
ami non vouloir aimer,Mon ami ne veut pas aimer.
ami non vouloir donner,Mon ami ne veut pas donner.
ami non vouloir attendre,Mon ami ne veut pas attendre.
bebe non vouloir manger,Le bébé ne veut pas manger.
bebe non vouloir boire,Le bébé ne veut pas boire.
bebe non vouloir aller,Le bébé ne veut pas aller.
bebe non vouloir apprendre,Le bébé ne veut pas apprendre.
bebe non vouloir comprendre,Le bébé ne veut pas comprendre.
bebe non vouloir changer,Le bébé ne veut pas changer.
bebe non vouloir aimer,Le bébé ne veut pas aimer.
bebe non vouloir donner,Le bébé ne veut pas donner.
bebe non vouloir attendre,Le bébé ne veut pas attendre.
chat non vouloir manger,Le chat ne veut pas manger.
chat non vouloir boire,Le chat ne veut pas boire.
chat non vouloir aller,Le chat ne veut pas aller.
chat non vouloir apprendre,Le chat ne veut pas apprendre.
chat non vouloir comprendre,Le chat ne veut pas comprendre.
chat non vouloir changer,Le chat ne veut pas changer.
chat non vouloir aimer,Le chat ne veut pas aimer.
chat non vouloir donner,Le chat ne veut pas donner.
chat non vouloir attendre,Le chat ne veut pas attendre.
aujourd hui moi manger,Aujourd'hui je mange.
aujourd hui moi boire,Aujourd'hui je bois.
aujourd hui moi aller,Aujourd'hui je pars.
aujourd hui moi apprendre,Aujourd'hui j'apprends.
aujourd hui moi comprendre,Aujourd'hui je comprends.
aujourd hui moi changer,Aujourd'hui je change.
aujourd hui moi aimer,Aujourd'hui j'aime.
aujourd hui moi donner,Aujourd'hui je donne.
aujourd hui moi attendre,Aujourd'hui j'attends.
aujourd hui moi vouloir,Aujourd'hui je veux.
aujourd hui tu manger,Aujourd'hui tu manges.
aujourd hui tu boire,Aujourd'hui tu bois.
aujourd hui tu aller,Aujourd'hui tu pars.
aujourd hui tu apprendre,Aujourd'hui tu apprends.
aujourd hui tu comprendre,Aujourd'hui tu comprends.
aujourd hui tu changer,Aujourd'hui tu changes.
aujourd hui tu aimer,Aujourd'hui tu aimes.
aujourd hui tu donner,Aujourd'hui tu donnes.
aujourd hui tu attendre,Aujourd'hui tu attends.
aujourd hui tu vouloir,Aujourd'hui tu veux.
aujourd hui nous manger,Aujourd'hui nous mangeons.
aujourd hui nous boire,Aujourd'hui nous buvons.
aujourd hui nous aller,Aujourd'hui nous partons.
aujourd hui nous apprendre,Aujourd'hui nous apprenons.
aujourd hui nous comprendre,Aujourd'hui nous comprenons.
aujourd hui nous changer,Aujourd'hui nous changeons.
aujourd hui nous aimer,Aujourd'hui nous aimons.
aujourd hui nous donner,Aujourd'hui nous donnons.
aujourd hui nous attendre,Aujourd'hui nous attendons.
aujourd hui nous vouloir,Aujourd'hui nous voulons.
aujourd hui ami manger,Aujourd'hui mon ami mange.
aujourd hui ami boire,Aujourd'hui mon ami boit.
aujourd hui ami aller,Aujourd'hui mon ami part.
aujourd hui ami apprendre,Aujourd'hui mon ami apprend.
aujourd hui ami comprendre,Aujourd'hui mon ami comprend.
aujourd hui ami changer,Aujourd'hui mon ami change.
aujourd hui ami aimer,Aujourd'hui mon ami aime.
aujourd hui ami donner,Aujourd'hui mon ami donne.
aujourd hui ami attendre,Aujourd'hui mon ami attend.
aujourd hui ami vouloir,Aujourd'hui mon ami veut.
aujourd hui bebe manger,Aujourd'hui le bébé mange.
aujourd hui bebe boire,Aujourd'hui le bébé boit.
aujourd hui bebe aller,Aujourd'hui le bébé part.
aujourd hui bebe apprendre,Aujourd'hui le bébé apprend.
aujourd hui bebe comprendre,Aujourd'hui le bébé comprend.
aujourd hui bebe changer,Aujourd'hui le bébé change.
aujourd hui bebe aimer,Aujourd'hui le bébé aime.
aujourd hui bebe donner,Aujourd'hui le bébé donne.
aujourd hui bebe attendre,Aujourd'hui le bébé attend.
aujourd hui bebe vouloir,Aujourd'hui le bébé veut.
aujourd hui chat manger,Aujourd'hui le chat mange.
aujourd hui chat boire,Aujourd'hui le chat boit.
aujourd hui chat aller,Aujourd'hui le chat part.
aujourd hui chat apprendre,Aujourd'hui le chat apprend.
aujourd hui chat comprendre,Aujourd'hui le chat comprend.
aujourd hui chat changer,Aujourd'hui le chat change.
aujourd hui chat aimer,Aujourd'hui le chat aime.
aujourd hui chat donner,Aujourd'hui le chat donne.
aujourd hui chat attendre,Aujourd'hui le chat attend.
aujourd hui chat vouloir,Aujourd'hui le chat veut.
aujourd hui moi non manger,Aujourd'hui je ne mange pas.
aujourd hui moi non boire,Aujourd'hui je ne bois pas.
aujourd hui moi non aller,Aujourd'hui je ne pars pas.
aujourd hui moi non apprendre,Aujourd'hui je n'apprends pas.
aujourd hui moi non comprendre,Aujourd'hui je ne comprends pas.
aujourd hui moi non changer,Aujourd'hui je ne change pas.
aujourd hui moi non aimer,Aujourd'hui je n'aime pas.
aujourd hui moi non vouloir,Aujourd'hui je ne veux pas.
aujourd hui tu non manger,Aujourd'hui tu ne manges pas.
aujourd hui tu non boire,Aujourd'hui tu ne bois pas.
aujourd hui tu non aller,Aujourd'hui tu ne pars pas.
aujourd hui tu non apprendre,Aujourd'hui tu n'apprends pas.
aujourd hui tu non comprendre,Aujourd'hui tu ne comprends pas.
aujourd hui tu non changer,Aujourd'hui tu ne changes pas.
aujourd hui tu non aimer,Aujourd'hui tu n'aimes pas.
aujourd hui tu non vouloir,Aujourd'hui tu ne veux pas.
aujourd hui nous non manger,Aujourd'hui nous ne mangeons pas.
aujourd hui nous non boire,Aujourd'hui nous ne buvons pas.
aujourd hui nous non aller,Aujourd'hui nous ne partons pas.
aujourd hui nous non apprendre,Aujourd'hui nous n'apprenons pas.
aujourd hui nous non comprendre,Aujourd'hui nous ne comprenons pas.
aujourd hui nous non aimer,Aujourd'hui nous n'aimons pas.
aujourd hui nous non vouloir,Aujourd'hui nous ne voulons pas.
aujourd hui ami non manger,Aujourd'hui mon ami ne mange pas.
aujourd hui ami non boire,Aujourd'hui mon ami ne boit pas.
aujourd hui ami non aller,Aujourd'hui mon ami ne part pas.
aujourd hui ami non apprendre,Aujourd'hui mon ami n'apprend pas.
aujourd hui ami non comprendre,Aujourd'hui mon ami ne comprend pas.
aujourd hui ami non aimer,Aujourd'hui mon ami n'aime pas.
aujourd hui ami non vouloir,Aujourd'hui mon ami ne veut pas.
aujourd hui bebe non manger,Aujourd'hui le bébé ne mange pas.
aujourd hui bebe non boire,Aujourd'hui le bébé ne boit pas.
aujourd hui bebe non aller,Aujourd'hui le bébé ne part pas.
aujourd hui bebe non comprendre,Aujourd'hui le bébé ne comprend pas.
aujourd hui bebe non vouloir,Aujourd'hui le bébé ne veut pas.
aujourd hui chat non manger,Aujourd'hui le chat ne mange pas.
aujourd hui chat non boire,Aujourd'hui le chat ne boit pas.
aujourd hui chat non aller,Aujourd'hui le chat ne part pas.
aujourd hui chat non aimer,Aujourd'hui le chat n'aime pas.
aujourd hui chat non vouloir,Aujourd'hui le chat ne veut pas.
comment moi manger,Comment je mange ?
comment moi boire,Comment je bois ?
comment moi aller,Comment je pars ?
comment moi apprendre,Comment j'apprends ?
comment moi comprendre,Comment je comprends ?
comment moi changer,Comment je change ?
comment moi aimer,Comment j'aime ?
comment moi donner,Comment je donne ?
comment moi attendre,Comment j'attends ?
comment moi vouloir,Comment je veux ?
comment tu manger,Comment tu manges ?
comment tu boire,Comment tu bois ?
comment tu aller,Comment tu pars ?
comment tu apprendre,Comment tu apprends ?
comment tu comprendre,Comment tu comprends ?
comment tu changer,Comment tu changes ?
comment tu aimer,Comment tu aimes ?
comment tu donner,Comment tu donnes ?
comment tu attendre,Comment tu attends ?
comment tu vouloir,Comment tu veux ?
comment nous manger,Comment nous mangeons ?
comment nous boire,Comment nous buvons ?
comment nous aller,Comment nous partons ?
comment nous apprendre,Comment nous apprenons ?
comment nous comprendre,Comment nous comprenons ?
comment nous changer,Comment nous changeons ?
comment nous aimer,Comment nous aimons ?
comment nous donner,Comment nous donnons ?
comment nous attendre,Comment nous attendons ?
comment nous vouloir,Comment nous voulons ?
comment ami manger,Comment mon ami mange ?
comment ami boire,Comment mon ami boit ?
comment ami aller,Comment mon ami part ?
comment ami apprendre,Comment mon ami apprend ?
comment ami comprendre,Comment mon ami comprend ?
comment ami changer,Comment mon ami change ?
comment ami aimer,Comment mon ami aime ?
comment ami donner,Comment mon ami donne ?
comment ami attendre,Comment mon ami attend ?
comment ami vouloir,Comment mon ami veut ?
comment bebe manger,Comment le bébé mange ?
comment bebe boire,Comment le bébé boit ?
comment bebe aller,Comment le bébé part ?
comment bebe apprendre,Comment le bébé apprend ?
comment bebe comprendre,Comment le bébé comprend ?
comment bebe aimer,Comment le bébé aime ?
comment bebe vouloir,Comment le bébé veut ?
comment chat manger,Comment le chat mange ?
comment chat boire,Comment le chat boit ?
comment chat aller,Comment le chat part ?
comment chat apprendre,Comment le chat apprend ?
comment chat comprendre,Comment le chat comprend ?
comment chat aimer,Comment le chat aime ?
comment chat vouloir,Comment le chat veut ?
comment moi non manger,Comment je ne mange pas ?
comment moi non boire,Comment je ne bois pas ?
comment moi non aller,Comment je ne pars pas ?
comment moi non apprendre,Comment je n'apprends pas ?
comment moi non comprendre,Comment je ne comprends pas ?
comment moi non aimer,Comment je n'aime pas ?
comment moi non vouloir,Comment je ne veux pas ?
comment tu non manger,Comment tu ne manges pas ?
comment tu non boire,Comment tu ne bois pas ?
comment tu non aller,Comment tu ne pars pas ?
comment tu non apprendre,Comment tu n'apprends pas ?
comment tu non comprendre,Comment tu ne comprends pas ?
comment tu non aimer,Comment tu n'aimes pas ?
comment tu non vouloir,Comment tu ne veux pas ?
comment nous non manger,Comment nous ne mangeons pas ?
comment nous non boire,Comment nous ne buvons pas ?
comment nous non aller,Comment nous ne partons pas ?
comment nous non apprendre,Comment nous n'apprenons pas ?
comment nous non comprendre,Comment nous ne comprenons pas ?
comment nous non aimer,Comment nous n'aimons pas ?
comment nous non vouloir,Comment nous ne voulons pas ?
comment ami non manger,Comment mon ami ne mange pas ?
comment ami non boire,Comment mon ami ne boit pas ?
comment ami non aller,Comment mon ami ne part pas ?
comment ami non apprendre,Comment mon ami n'apprend pas ?
comment ami non comprendre,Comment mon ami ne comprend pas ?
comment ami non aimer,Comment mon ami n'aime pas ?
comment ami non vouloir,Comment mon ami ne veut pas ?
comment bebe non manger,Comment le bébé ne mange pas ?
comment bebe non boire,Comment le bébé ne boit pas ?
comment bebe non vouloir,Comment le bébé ne veut pas ?
comment chat non manger,Comment le chat ne mange pas ?
comment chat non boire,Comment le chat ne boit pas ?
comment chat non aller,Comment le chat ne part pas ?
comment chat non vouloir,Comment le chat ne veut pas ?
bonjour moi manger,Bonjour je mange !
bonjour moi boire,Bonjour je bois !
bonjour moi aller,Bonjour je pars !
bonjour moi apprendre,Bonjour j'apprends !
bonjour moi comprendre,Bonjour je comprends !
bonjour moi changer,Bonjour je change !
bonjour moi vouloir,Bonjour je veux !
bonjour moi aimer,Bonjour j'aime !
bonjour moi attendre,Bonjour j'attends !
bonjour tu manger,Bonjour tu manges !
bonjour tu boire,Bonjour tu bois !
bonjour tu aller,Bonjour tu pars !
bonjour tu apprendre,Bonjour tu apprends !
bonjour tu comprendre,Bonjour tu comprends !
bonjour tu changer,Bonjour tu changes !
bonjour tu vouloir,Bonjour tu veux !
bonjour tu aimer,Bonjour tu aimes !
bonjour nous manger,Bonjour nous mangeons !
bonjour nous boire,Bonjour nous buvons !
bonjour nous aller,Bonjour nous partons !
bonjour nous apprendre,Bonjour nous apprenons !
bonjour nous comprendre,Bonjour nous comprenons !
bonjour nous vouloir,Bonjour nous voulons !
bonjour nous aimer,Bonjour nous aimons !
bonjour ami manger,Bonjour mon ami mange !
bonjour ami boire,Bonjour mon ami boit !
bonjour ami aller,Bonjour mon ami part !
bonjour ami apprendre,Bonjour mon ami apprend !
bonjour ami comprendre,Bonjour mon ami comprend !
bonjour ami vouloir,Bonjour mon ami veut !
bonjour ami aimer,Bonjour mon ami aime !
bonjour bebe manger,Bonjour le bébé mange !
bonjour bebe boire,Bonjour le bébé boit !
bonjour bebe aller,Bonjour le bébé part !
bonjour bebe vouloir,Bonjour le bébé veut !
bonjour bebe aimer,Bonjour le bébé aime !
bonjour chat manger,Bonjour le chat mange !
bonjour chat boire,Bonjour le chat boit !
bonjour chat aller,Bonjour le chat part !
bonjour chat vouloir,Bonjour le chat veut !
bonjour chat aimer,Bonjour le chat aime !
merci moi manger,Merci je mange !
merci moi boire,Merci je bois !
merci moi aller,Merci je pars !
merci moi apprendre,Merci j'apprends !
merci moi comprendre,Merci je comprends !
merci moi vouloir,Merci je veux !
merci moi aimer,Merci j'aime !
merci tu manger,Merci tu manges !
merci tu boire,Merci tu bois !
merci tu aller,Merci tu pars !
merci tu apprendre,Merci tu apprends !
merci tu vouloir,Merci tu veux !
merci tu aimer,Merci tu aimes !
merci nous manger,Merci nous mangeons !
merci nous boire,Merci nous buvons !
merci nous aller,Merci nous partons !
merci nous apprendre,Merci nous apprenons !
merci nous vouloir,Merci nous voulons !
merci ami manger,Merci mon ami mange !
merci ami boire,Merci mon ami boit !
merci ami aller,Merci mon ami part !
merci ami apprendre,Merci mon ami apprend !
merci ami vouloir,Merci mon ami veut !
merci bebe manger,Merci le bébé mange !
merci bebe boire,Merci le bébé boit !
merci bebe aller,Merci le bébé part !
merci chat manger,Merci le chat mange !
merci chat boire,Merci le chat boit !
merci chat aller,Merci le chat part !
au revoir moi manger,Au revoir je mange !
au revoir moi boire,Au revoir je bois !
au revoir moi aller,Au revoir je pars !
au revoir moi apprendre,Au revoir j'apprends !
au revoir moi comprendre,Au revoir je comprends !
au revoir moi vouloir,Au revoir je veux !
au revoir moi aimer,Au revoir j'aime !
au revoir tu manger,Au revoir tu manges !
au revoir tu boire,Au revoir tu bois !
au revoir tu aller,Au revoir tu pars !
au revoir tu apprendre,Au revoir tu apprends !
au revoir tu vouloir,Au revoir tu veux !
au revoir nous manger,Au revoir nous mangeons !
au revoir nous boire,Au revoir nous buvons !
au revoir nous aller,Au revoir nous partons !
au revoir nous apprendre,Au revoir nous apprenons !
au revoir nous vouloir,Au revoir nous voulons !
au revoir ami manger,Au revoir mon ami mange !
au revoir ami boire,Au revoir mon ami boit !
au revoir ami aller,Au revoir mon ami part !
au revoir ami apprendre,Au revoir mon ami apprend !
au revoir ami vouloir,Au revoir mon ami veut !
au revoir bebe manger,Au revoir le bébé mange !
au revoir bebe boire,Au revoir le bébé boit !
au revoir bebe aller,Au revoir le bébé part !
au revoir chat manger,Au revoir le chat mange !
au revoir chat boire,Au revoir le chat boit !
au revoir chat aller,Au revoir le chat part !
moi manger bien,Je mange bien.
moi boire bien,Je bois bien.
moi aller bien,Je pars bien.
moi apprendre bien,J'apprends bien.
moi comprendre bien,Je comprends bien.
moi changer bien,Je change bien.
moi aimer bien,J'aime bien.
moi vouloir bien,Je veux bien.
moi attendre bien,J'attends bien.
tu manger bien,Tu manges bien.
tu boire bien,Tu bois bien.
tu aller bien,Tu pars bien.
tu apprendre bien,Tu apprends bien.
tu comprendre bien,Tu comprends bien.
tu changer bien,Tu changes bien.
tu aimer bien,Tu aimes bien.
tu vouloir bien,Tu veux bien.
nous manger bien,Nous mangeons bien.
nous boire bien,Nous buvons bien.
nous aller bien,Nous partons bien.
nous apprendre bien,Nous apprenons bien.
nous comprendre bien,Nous comprenons bien.
nous aimer bien,Nous aimons bien.
nous vouloir bien,Nous voulons bien.
ami manger bien,Mon ami mange bien.
ami boire bien,Mon ami boit bien.
ami aller bien,Mon ami part bien.
ami apprendre bien,Mon ami apprend bien.
ami aimer bien,Mon ami aime bien.
ami vouloir bien,Mon ami veut bien.
bebe manger bien,Le bébé mange bien.
bebe boire bien,Le bébé boit bien.
bebe apprendre bien,Le bébé apprend bien.
chat manger bien,Le chat mange bien.
chat boire bien,Le chat boit bien.
chat aimer bien,Le chat aime bien.
moi manger bientot,Je mange bientôt.
moi boire bientot,Je bois bientôt.
moi aller bientot,Je pars bientôt.
moi apprendre bientot,J'apprends bientôt.
moi comprendre bientot,Je comprends bientôt.
moi changer bientot,Je change bientôt.
moi vouloir bientot,Je veux bientôt.
moi attendre bientot,J'attends bientôt.
tu manger bientot,Tu manges bientôt.
tu boire bientot,Tu bois bientôt.
tu aller bientot,Tu pars bientôt.
tu apprendre bientot,Tu apprends bientôt.
tu vouloir bientot,Tu veux bientôt.
nous manger bientot,Nous mangeons bientôt.
nous boire bientot,Nous buvons bientôt.
nous aller bientot,Nous partons bientôt.
nous apprendre bientot,Nous apprenons bientôt.
nous vouloir bientot,Nous voulons bientôt.
ami manger bientot,Mon ami mange bientôt.
ami boire bientot,Mon ami boit bientôt.
ami aller bientot,Mon ami part bientôt.
ami vouloir bientot,Mon ami veut bientôt.
bebe manger bientot,Le bébé mange bientôt.
bebe boire bientot,Le bébé boit bientôt.
chat manger bientot,Le chat mange bientôt.
chat boire bientot,Le chat boit bientôt.
moi manger ici,Je mange ici.
moi boire ici,Je bois ici.
moi aller ici,Je pars ici.
moi apprendre ici,J'apprends ici.
moi comprendre ici,Je comprends ici.
moi vouloir ici,Je veux ici.
moi attendre ici,J'attends ici.
tu manger ici,Tu manges ici.
tu boire ici,Tu bois ici.
tu aller ici,Tu pars ici.
tu apprendre ici,Tu apprends ici.
tu vouloir ici,Tu veux ici.
nous manger ici,Nous mangeons ici.
nous boire ici,Nous buvons ici.
nous aller ici,Nous partons ici.
nous apprendre ici,Nous apprenons ici.
nous vouloir ici,Nous voulons ici.
ami manger ici,Mon ami mange ici.
ami boire ici,Mon ami boit ici.
ami aller ici,Mon ami part ici.
ami apprendre ici,Mon ami apprend ici.
bebe manger ici,Le bébé mange ici.
bebe boire ici,Le bébé boit ici.
chat manger ici,Le chat mange ici.
chat boire ici,Le chat boit ici.
moi manger avec ami,Je mange avec mon ami.
moi manger avec tu,Je mange avec toi.
moi manger avec nous,Je mange avec nous.
moi manger avec bebe,Je mange avec le bébé.
moi manger avec chat,Je mange avec le chat.
moi boire avec ami,Je bois avec mon ami.
moi boire avec tu,Je bois avec toi.
moi boire avec nous,Je bois avec nous.
moi boire avec bebe,Je bois avec le bébé.
moi boire avec chat,Je bois avec le chat.
moi aller avec ami,Je pars avec mon ami.
moi aller avec tu,Je pars avec toi.
moi aller avec nous,Je pars avec nous.
moi aller avec bebe,Je pars avec le bébé.
moi aller avec chat,Je pars avec le chat.
moi apprendre avec ami,J'apprends avec mon ami.
moi apprendre avec tu,J'apprends avec toi.
moi apprendre avec nous,J'apprends avec nous.
moi apprendre avec bebe,J'apprends avec le bébé.
moi apprendre avec chat,J'apprends avec le chat.
moi changer avec ami,Je change avec mon ami.
moi changer avec tu,Je change avec toi.
moi vouloir avec ami,Je veux avec mon ami.
moi attendre avec ami,J'attends avec mon ami.
moi attendre avec tu,J'attends avec toi.
tu manger avec ami,Tu manges avec mon ami.
tu manger avec moi,Tu manges avec moi.
tu manger avec nous,Tu manges avec nous.
tu manger avec bebe,Tu manges avec le bébé.
tu boire avec ami,Tu bois avec mon ami.
tu boire avec moi,Tu bois avec moi.
tu boire avec nous,Tu bois avec nous.
tu aller avec ami,Tu pars avec mon ami.
tu aller avec moi,Tu pars avec moi.
tu aller avec nous,Tu pars avec nous.
tu apprendre avec ami,Tu apprends avec mon ami.
tu apprendre avec moi,Tu apprends avec moi.
tu vouloir avec ami,Tu veux avec mon ami.
nous manger avec ami,Nous mangeons avec mon ami.
nous manger avec tu,Nous mangeons avec toi.
nous boire avec ami,Nous buvons avec mon ami.
nous boire avec tu,Nous buvons avec toi.
nous aller avec ami,Nous partons avec mon ami.
nous aller avec tu,Nous partons avec toi.
nous aller avec bebe,Nous partons avec le bébé.
nous apprendre avec ami,Nous apprenons avec mon ami.
nous apprendre avec tu,Nous apprenons avec toi.
nous vouloir avec ami,Nous voulons avec mon ami.
ami manger avec moi,Mon ami mange avec moi.
ami manger avec tu,Mon ami mange avec toi.
ami manger avec nous,Mon ami mange avec nous.
ami manger avec bebe,Mon ami mange avec le bébé.
ami manger avec chat,Mon ami mange avec le chat.
ami boire avec moi,Mon ami boit avec moi.
ami boire avec tu,Mon ami boit avec toi.
ami boire avec nous,Mon ami boit avec nous.
ami aller avec moi,Mon ami part avec moi.
ami aller avec tu,Mon ami part avec toi.
ami aller avec nous,Mon ami part avec nous.
ami apprendre avec moi,Mon ami apprend avec moi.
ami apprendre avec tu,Mon ami apprend avec toi.
ami vouloir avec moi,Mon ami veut avec moi.
bebe manger avec moi,Le bébé mange avec moi.
bebe manger avec ami,Le bébé mange avec mon ami.
bebe boire avec moi,Le bébé boit avec moi.
bebe boire avec ami,Le bébé boit avec mon ami.
bebe aller avec moi,Le bébé part avec moi.
bebe aller avec ami,Le bébé part avec mon ami.
chat manger avec moi,Le chat mange avec moi.
chat manger avec ami,Le chat mange avec mon ami.
chat boire avec moi,Le chat boit avec moi.
chat aller avec moi,Le chat part avec moi.
moi aimer ami,J'aime mon ami.
moi aimer amour,J'aime de l'amour.
moi aimer bebe,J'aime le bébé.
moi aimer chat,J'aime le chat.
moi aimer aide,J'aime de l'aide.
tu aimer ami,Tu aimes mon ami.
tu aimer amour,Tu aimes de l'amour.
tu aimer bebe,Tu aimes le bébé.
tu aimer chat,Tu aimes le chat.
tu aimer aide,Tu aimes de l'aide.
nous aimer ami,Nous aimons mon ami.
nous aimer amour,Nous aimons de l'amour.
nous aimer bebe,Nous aimons le bébé.
nous aimer chat,Nous aimons le chat.
nous aimer aide,Nous aimons de l'aide.
ami aimer moi,Mon ami m'aime.
ami aimer tu,Mon ami t'aime.
ami aimer bebe,Mon ami aime le bébé.
ami aimer chat,Mon ami aime le chat.
ami aimer amour,Mon ami aime de l'amour.
ami aimer aide,Mon ami aime de l'aide.
bebe aimer moi,Le bébé m'aime.
bebe aimer tu,Le bébé t'aime.
bebe aimer ami,Le bébé aime mon ami.
bebe aimer chat,Le bébé aime le chat.
bebe aimer amour,Le bébé aime de l'amour.
chat aimer moi,Le chat m'aime.
chat aimer tu,Le chat t'aime.
chat aimer ami,Le chat aime mon ami.
chat aimer bebe,Le chat aime le bébé.
chat aimer amour,Le chat aime de l'amour.
moi non aimer ami,Je n'aime pas mon ami.
moi non aimer amour,Je n'aime pas de l'amour.
moi non aimer bebe,Je n'aime pas le bébé.
moi non aimer chat,Je n'aime pas le chat.
moi non aimer aide,Je n'aime pas de l'aide.
tu non aimer ami,Tu n'aimes pas mon ami.
tu non aimer amour,Tu n'aimes pas de l'amour.
tu non aimer bebe,Tu n'aimes pas le bébé.
tu non aimer chat,Tu n'aimes pas le chat.
nous non aimer ami,Nous n'aimons pas mon ami.
nous non aimer amour,Nous n'aimons pas de l'amour.
nous non aimer bebe,Nous n'aimons pas le bébé.
nous non aimer chat,Nous n'aimons pas le chat.
ami non aimer moi,Mon ami ne m'aime pas.
ami non aimer tu,Mon ami ne t'aime pas.
ami non aimer bebe,Mon ami n'aime pas le bébé.
ami non aimer chat,Mon ami n'aime pas le chat.
bebe non aimer chat,Le bébé n'aime pas le chat.
chat non aimer bebe,Le chat n'aime pas le bébé.
moi attendre ami,J'attends mon ami.
moi attendre bebe,J'attends le bébé.
moi attendre chat,J'attends le chat.
moi attendre tu,Je t'attends.
tu attendre ami,Tu attends mon ami.
tu attendre bebe,Tu attends le bébé.
tu attendre moi,Tu m'attends.
nous attendre ami,Nous attendons mon ami.
nous attendre bebe,Nous attendons le bébé.
nous attendre moi,Nous m'attendons.
nous attendre tu,Nous t'attendons.
ami attendre moi,Mon ami m'attend.
ami attendre tu,Mon ami t'attend.
ami attendre bebe,Mon ami attend le bébé.
ami attendre chat,Mon ami attend le chat.
bebe attendre moi,Le bébé m'attend.
bebe attendre ami,Le bébé attend mon ami.
chat attendre moi,Le chat m'attend.
chat attendre ami,Le chat attend mon ami.
chat attendre bebe,Le chat attend le bébé.
moi non attendre ami,Je n'attends pas mon ami.
moi non attendre bebe,Je n'attends pas le bébé.
moi non attendre chat,Je n'attends pas le chat.
moi non attendre tu,Je ne t'attends pas.
tu non attendre ami,Tu n'attends pas mon ami.
tu non attendre moi,Tu ne m'attends pas.
nous non attendre ami,Nous n'attendons pas mon ami.
nous non attendre bebe,Nous n'attendons pas le bébé.
ami non attendre moi,Mon ami ne m'attend pas.
ami non attendre tu,Mon ami ne t'attend pas.
ami non attendre bebe,Mon ami n'attend pas le bébé.
bebe non attendre moi,Le bébé ne m'attend pas.
chat non attendre moi,Le chat ne m'attend pas.
moi donner aide ami,Je donne de l'aide à mon ami.
moi donner aide bebe,Je donne de l'aide au bébé.
moi donner aide chat,Je donne de l'aide au chat.
moi donner aide tu,Je te donne de l'aide.
moi donner amour ami,Je donne de l'amour à mon ami.
moi donner amour bebe,Je donne de l'amour au bébé.
moi donner amour chat,Je donne de l'amour au chat.
moi donner amour tu,Je te donne de l'amour.
tu donner aide ami,Tu donnes de l'aide à mon ami.
tu donner aide bebe,Tu donnes de l'aide au bébé.
tu donner aide chat,Tu donnes de l'aide au chat.
tu donner aide moi,Tu me donnes de l'aide.
tu donner amour ami,Tu donnes de l'amour à mon ami.
tu donner amour bebe,Tu donnes de l'amour au bébé.
tu donner amour moi,Tu me donnes de l'amour.
nous donner aide ami,Nous donnons de l'aide à mon ami.
nous donner aide bebe,Nous donnons de l'aide au bébé.
nous donner aide chat,Nous donnons de l'aide au chat.
nous donner aide tu,Nous te donnons de l'aide.
nous donner amour ami,Nous donnons de l'amour à mon ami.
nous donner amour bebe,Nous donnons de l'amour au bébé.
nous donner amour tu,Nous te donnons de l'amour.
ami donner aide moi,Mon ami me donne de l'aide.
ami donner aide tu,Mon ami te donne de l'aide.
ami donner aide bebe,Mon ami donne de l'aide au bébé.
ami donner amour moi,Mon ami me donne de l'amour.
ami donner amour tu,Mon ami te donne de l'amour.
ami donner amour bebe,Mon ami donne de l'amour au bébé.
bebe donner amour moi,Le bébé me donne de l'amour.
bebe donner amour tu,Le bébé te donne de l'amour.
bebe donner amour ami,Le bébé donne de l'amour à mon ami.
chat donner amour moi,Le chat me donne de l'amour.
chat donner amour tu,Le chat te donne de l'amour.
chat donner amour ami,Le chat donne de l'amour à mon ami.
moi non donner aide ami,Je ne donne pas d'aide à mon ami.
moi non donner aide bebe,Je ne donne pas d'aide au bébé.
moi non donner aide tu,Je ne te donne pas d'aide.
moi non donner amour ami,Je ne donne pas d'amour à mon ami.
moi non donner amour bebe,Je ne donne pas d'amour au bébé.
tu non donner aide ami,Tu ne donnes pas d'aide à mon ami.
tu non donner aide moi,Tu ne me donnes pas d'aide.
nous non donner aide ami,Nous ne donnons pas d'aide à mon ami.
nous non donner amour bebe,Nous ne donnons pas d'amour au bébé.
ami non donner aide moi,Mon ami ne me donne pas d'aide.
ami non donner amour tu,Mon ami ne te donne pas d'amour.
moi manger avec ami bien,Je mange avec mon ami bien.
moi manger avec ami bientot,Je mange avec mon ami bientôt.
moi manger avec ami ici,Je mange avec mon ami ici.
moi boire avec ami bien,Je bois avec mon ami bien.
moi boire avec ami bientot,Je bois avec mon ami bientôt.
moi aller avec ami bien,Je pars avec mon ami bien.
moi aller avec ami bientot,Je pars avec mon ami bientôt.
moi aller avec ami ici,Je pars avec mon ami ici.
moi apprendre avec ami bien,J'apprends avec mon ami bien.
moi apprendre avec ami bientot,J'apprends avec mon ami bientôt.
moi apprendre avec ami ici,J'apprends avec mon ami ici.
moi apprendre avec tu bientot,J'apprends avec toi bientôt.
moi apprendre avec nous bien,J'apprends avec nous bien.
tu manger avec ami bien,Tu manges avec mon ami bien.
tu manger avec moi bientot,Tu manges avec moi bientôt.
tu manger avec nous ici,Tu manges avec nous ici.
tu boire avec ami bien,Tu bois avec mon ami bien.
tu boire avec moi bientot,Tu bois avec moi bientôt.
tu aller avec ami bientot,Tu pars avec mon ami bientôt.
tu aller avec moi bien,Tu pars avec moi bien.
tu apprendre avec ami bien,Tu apprends avec mon ami bien.
nous manger avec ami bien,Nous mangeons avec mon ami bien.
nous manger avec tu bientot,Nous mangeons avec toi bientôt.
nous boire avec ami ici,Nous buvons avec mon ami ici.
nous aller avec ami bientot,Nous partons avec mon ami bientôt.
nous apprendre avec ami bien,Nous apprenons avec mon ami bien.
nous apprendre avec tu ici,Nous apprenons avec toi ici.
ami manger avec moi bien,Mon ami mange avec moi bien.
ami manger avec tu bientot,Mon ami mange avec toi bientôt.
ami boire avec moi ici,Mon ami boit avec moi ici.
ami aller avec nous bien,Mon ami part avec nous bien.
ami apprendre avec moi bien,Mon ami apprend avec moi bien.
ami apprendre avec tu bientot,Mon ami apprend avec toi bientôt.
bebe manger avec ami bien,Le bébé mange avec mon ami bien.
bebe boire avec moi bientot,Le bébé boit avec moi bientôt.
chat manger avec ami bien,Le chat mange avec mon ami bien.
chat boire avec moi ici,Le chat boit avec moi ici.
aujourd hui moi vouloir apprendre,Aujourd'hui je veux apprendre.
aujourd hui moi vouloir comprendre,Aujourd'hui je veux comprendre.
aujourd hui moi vouloir aller,Aujourd'hui je veux aller.
aujourd hui moi vouloir manger,Aujourd'hui je veux manger.
aujourd hui moi vouloir boire,Aujourd'hui je veux boire.
aujourd hui moi vouloir changer,Aujourd'hui je veux changer.
aujourd hui moi vouloir aimer,Aujourd'hui je veux aimer.
aujourd hui moi vouloir attendre,Aujourd'hui je veux attendre.
aujourd hui tu vouloir apprendre,Aujourd'hui tu veux apprendre.
aujourd hui tu vouloir comprendre,Aujourd'hui tu veux comprendre.
aujourd hui tu vouloir aller,Aujourd'hui tu veux aller.
aujourd hui tu vouloir manger,Aujourd'hui tu veux manger.
aujourd hui tu vouloir boire,Aujourd'hui tu veux boire.
aujourd hui tu vouloir changer,Aujourd'hui tu veux changer.
aujourd hui tu vouloir aimer,Aujourd'hui tu veux aimer.
aujourd hui nous vouloir apprendre,Aujourd'hui nous voulons apprendre.
aujourd hui nous vouloir comprendre,Aujourd'hui nous voulons comprendre.
aujourd hui nous vouloir aller,Aujourd'hui nous voulons aller.
aujourd hui nous vouloir manger,Aujourd'hui nous voulons manger.
aujourd hui nous vouloir boire,Aujourd'hui nous voulons boire.
aujourd hui nous vouloir changer,Aujourd'hui nous voulons changer.
aujourd hui nous vouloir aimer,Aujourd'hui nous voulons aimer.
aujourd hui ami vouloir apprendre,Aujourd'hui mon ami veut apprendre.
aujourd hui ami vouloir comprendre,Aujourd'hui mon ami veut comprendre.
aujourd hui ami vouloir aller,Aujourd'hui mon ami veut aller.
aujourd hui ami vouloir manger,Aujourd'hui mon ami veut manger.
aujourd hui ami vouloir boire,Aujourd'hui mon ami veut boire.
aujourd hui ami vouloir aimer,Aujourd'hui mon ami veut aimer.
aujourd hui bebe vouloir manger,Aujourd'hui le bébé veut manger.
aujourd hui bebe vouloir boire,Aujourd'hui le bébé veut boire.
aujourd hui bebe vouloir aller,Aujourd'hui le bébé veut aller.
aujourd hui bebe vouloir apprendre,Aujourd'hui le bébé veut apprendre.
aujourd hui chat vouloir manger,Aujourd'hui le chat veut manger.
aujourd hui chat vouloir boire,Aujourd'hui le chat veut boire.
aujourd hui chat vouloir aller,Aujourd'hui le chat veut aller.
aujourd hui chat vouloir apprendre,Aujourd'hui le chat veut apprendre.
aujourd hui moi non vouloir apprendre,Aujourd'hui je ne veux pas apprendre.
aujourd hui moi non vouloir manger,Aujourd'hui je ne veux pas manger.
aujourd hui moi non vouloir boire,Aujourd'hui je ne veux pas boire.
aujourd hui moi non vouloir aller,Aujourd'hui je ne veux pas aller.
aujourd hui tu non vouloir apprendre,Aujourd'hui tu ne veux pas apprendre.
aujourd hui tu non vouloir manger,Aujourd'hui tu ne veux pas manger.
aujourd hui tu non vouloir aller,Aujourd'hui tu ne veux pas aller.
aujourd hui nous non vouloir apprendre,Aujourd'hui nous ne voulons pas apprendre.
aujourd hui nous non vouloir manger,Aujourd'hui nous ne voulons pas manger.
aujourd hui ami non vouloir apprendre,Aujourd'hui mon ami ne veut pas apprendre.
aujourd hui ami non vouloir manger,Aujourd'hui mon ami ne veut pas manger.
moi non manger bien,Je ne mange pas bien.
moi non boire bien,Je ne bois pas bien.
moi non aller bien,Je ne pars pas bien.
moi non apprendre bien,Je n'apprends pas bien.
moi non comprendre bien,Je ne comprends pas bien.
moi non aimer bien,Je n'aime pas bien.
tu non manger bien,Tu ne manges pas bien.
tu non boire bien,Tu ne bois pas bien.
tu non aller bien,Tu ne pars pas bien.
tu non apprendre bien,Tu n'apprends pas bien.
tu non aimer bien,Tu n'aimes pas bien.
nous non manger bien,Nous ne mangeons pas bien.
nous non boire bien,Nous ne buvons pas bien.
nous non aller bien,Nous ne partons pas bien.
nous non apprendre bien,Nous n'apprenons pas bien.
nous non aimer bien,Nous n'aimons pas bien.
ami non manger bien,Mon ami ne mange pas bien.
ami non boire bien,Mon ami ne boit pas bien.
ami non apprendre bien,Mon ami n'apprend pas bien.
ami non aimer bien,Mon ami n'aime pas bien.
moi non manger bientot,Je ne mange pas bientôt.
moi non boire bientot,Je ne bois pas bientôt.
moi non aller bientot,Je ne pars pas bientôt.
moi non apprendre bientot,Je n'apprends pas bientôt.
tu non manger bientot,Tu ne manges pas bientôt.
tu non aller bientot,Tu ne pars pas bientôt.
nous non manger bientot,Nous ne mangeons pas bientôt.
nous non aller bientot,Nous ne partons pas bientôt.
ami non manger bientot,Mon ami ne mange pas bientôt.
ami non aller bientot,Mon ami ne part pas bientôt.
moi non manger ici,Je ne mange pas ici.
moi non boire ici,Je ne bois pas ici.
moi non aller ici,Je ne pars pas ici.
tu non manger ici,Tu ne manges pas ici.
tu non boire ici,Tu ne bois pas ici.
nous non manger ici,Nous ne mangeons pas ici.
nous non aller ici,Nous ne partons pas ici.
ami non manger ici,Mon ami ne mange pas ici.
moi aimer ami bien,J'aime bien mon ami.
moi aimer chat bien,J'aime bien le chat.
moi aimer bebe bien,J'aime bien le bébé.
moi aimer amour bien,J'aime bien de l'amour.
tu aimer ami bien,Tu aimes bien mon ami.
tu aimer chat bien,Tu aimes bien le chat.
tu aimer bebe bien,Tu aimes bien le bébé.
nous aimer ami bien,Nous aimons bien mon ami.
nous aimer chat bien,Nous aimons bien le chat.
ami aimer moi bien,Mon ami m'aime bien.
ami aimer tu bien,Mon ami t'aime bien.
bebe aimer moi bien,Le bébé m'aime bien.
chat aimer moi bien,Le chat m'aime bien.
moi attendre ami bientot,J'attends mon ami bientôt.
moi attendre bebe bientot,J'attends le bébé bientôt.
tu attendre ami bientot,Tu attends mon ami bientôt.
nous attendre ami bientot,Nous attendons mon ami bientôt.
ami attendre moi bientot,Mon ami m'attend bientôt.
moi donner aide ami bientot,Je donne de l'aide à mon ami bientôt.
moi donner amour bebe bien,Je donne de l'amour au bébé bien.
tu donner aide ami bientot,Tu donnes de l'aide à mon ami bientôt.
nous donner amour ami bien,Nous donnons de l'amour à mon ami bien.
moi manger bebe bien,Je mange le bébé bien.
moi manger ami bientot,Je mange mon ami bientôt.
tu manger chat bien,Tu manges le chat bien.
nous manger bebe bientot,Nous mangeons le bébé bientôt.
ami manger chat bien,Mon ami mange le chat bien.
moi non aimer ami bien,Je n'aime pas bien mon ami.
moi non aimer chat bien,Je n'aime pas bien le chat.
tu non aimer bebe bien,Tu n'aimes pas bien le bébé.
nous non aimer chat bien,Nous n'aimons pas bien le chat.
moi non attendre ami bientot,Je n'attends pas mon ami bientôt.
tu non attendre ami bientot,Tu n'attends pas mon ami bientôt.
bonjour moi manger avec ami,Bonjour je mange avec mon ami !
bonjour moi boire avec tu,Bonjour je bois avec toi !
bonjour moi aller avec ami,Bonjour je pars avec mon ami !
bonjour moi apprendre avec tu,Bonjour j'apprends avec toi !
bonjour moi apprendre avec ami,Bonjour j'apprends avec mon ami !
bonjour tu manger avec ami,Bonjour tu manges avec mon ami !
bonjour tu boire avec moi,Bonjour tu bois avec moi !
bonjour tu aller avec nous,Bonjour tu pars avec nous !
bonjour nous manger avec ami,Bonjour nous mangeons avec mon ami !
bonjour nous apprendre avec tu,Bonjour nous apprenons avec toi !
merci moi manger avec ami,Merci je mange avec mon ami !
merci moi boire avec tu,Merci je bois avec toi !
merci moi aller avec ami,Merci je pars avec mon ami !
merci tu manger avec nous,Merci tu manges avec nous !
merci nous apprendre avec ami,Merci nous apprenons avec mon ami !
au revoir moi aller avec ami,Au revoir je pars avec mon ami !
au revoir moi aller avec tu,Au revoir je pars avec toi !
au revoir tu aller avec nous,Au revoir tu pars avec nous !
au revoir nous aller avec ami,Au revoir nous partons avec mon ami !
au revoir ami aller avec moi,Au revoir mon ami part avec moi !
bonjour moi manger bien,Bonjour je mange bien !
bonjour moi boire bientot,Bonjour je bois bientôt !
bonjour moi aller bientot,Bonjour je pars bientôt !
bonjour moi apprendre bien,Bonjour j'apprends bien !
bonjour tu manger bien,Bonjour tu manges bien !
bonjour tu boire bientot,Bonjour tu bois bientôt !
bonjour nous apprendre bien,Bonjour nous apprenons bien !
bonjour nous aller bientot,Bonjour nous partons bientôt !
bonjour ami manger bien,Bonjour mon ami mange bien !
bonjour ami aller bientot,Bonjour mon ami part bientôt !
merci moi manger bien,Merci je mange bien !
merci moi apprendre bien,Merci j'apprends bien !
merci tu manger bientot,Merci tu manges bientôt !
merci nous apprendre bien,Merci nous apprenons bien !
au revoir moi aller bientot,Au revoir je pars bientôt !
au revoir tu aller bientot,Au revoir tu pars bientôt !
au revoir nous aller bientot,Au revoir nous partons bientôt !
au revoir ami aller bientot,Au revoir mon ami part bientôt !
comment moi manger avec ami,Comment je mange avec mon ami ?
comment moi boire avec tu,Comment je bois avec toi ?
comment moi aller avec ami,Comment je pars avec mon ami ?
comment moi apprendre avec tu,Comment j'apprends avec toi ?
comment moi apprendre avec ami,Comment j'apprends avec mon ami ?
comment tu manger avec moi,Comment tu manges avec moi ?
comment tu boire avec ami,Comment tu bois avec mon ami ?
comment tu aller avec nous,Comment tu pars avec nous ?
comment nous manger avec ami,Comment nous mangeons avec mon ami ?
comment nous apprendre avec tu,Comment nous apprenons avec toi ?
comment ami manger avec moi,Comment mon ami mange avec moi ?
comment ami boire avec tu,Comment mon ami boit avec toi ?
comment ami aller avec nous,Comment mon ami part avec nous ?
comment bebe manger avec ami,Comment le bébé mange avec mon ami ?
comment chat manger avec moi,Comment le chat mange avec moi ?
comment moi manger bien,Comment je mange bien ?
comment moi boire bientot,Comment je bois bientôt ?
comment moi aller bientot,Comment je pars bientôt ?
comment moi apprendre bien,Comment j'apprends bien ?
comment tu manger bien,Comment tu manges bien ?
comment tu boire bientot,Comment tu bois bientôt ?
comment nous manger bientot,Comment nous mangeons bientôt ?
comment nous apprendre bien,Comment nous apprenons bien ?
comment ami manger bien,Comment mon ami mange bien ?
comment ami aller bientot,Comment mon ami part bientôt ?
comment bebe manger bien,Comment le bébé mange bien ?
comment chat manger bientot,Comment le chat mange bientôt ?
comment moi aimer ami,Comment j'aime mon ami ?
comment moi aimer chat,Comment j'aime le chat ?
comment tu aimer bebe,Comment tu aimes le bébé ?
comment nous aimer ami,Comment nous aimons mon ami ?
comment ami aimer moi,Comment mon ami m'aime ?
comment moi attendre ami,Comment j'attends mon ami ?
comment tu attendre ami,Comment tu attends mon ami ?
comment nous attendre ami,Comment nous attendons mon ami ?
comment ami attendre moi,Comment mon ami m'attend ?
aujourd hui moi manger avec ami,Aujourd'hui je mange avec mon ami.
aujourd hui moi boire avec tu,Aujourd'hui je bois avec toi.
aujourd hui moi aller avec ami,Aujourd'hui je pars avec mon ami.
aujourd hui moi apprendre avec tu,Aujourd'hui j'apprends avec toi.
aujourd hui moi apprendre avec ami,Aujourd'hui j'apprends avec mon ami.
aujourd hui tu manger avec ami,Aujourd'hui tu manges avec mon ami.
aujourd hui tu boire avec moi,Aujourd'hui tu bois avec moi.
aujourd hui tu aller avec nous,Aujourd'hui tu pars avec nous.
aujourd hui nous manger avec ami,Aujourd'hui nous mangeons avec mon ami.
aujourd hui nous apprendre avec tu,Aujourd'hui nous apprenons avec toi.
aujourd hui ami manger avec moi,Aujourd'hui mon ami mange avec moi.
aujourd hui ami boire avec tu,Aujourd'hui mon ami boit avec toi.
aujourd hui bebe manger avec ami,Aujourd'hui le bébé mange avec mon ami.
aujourd hui chat manger avec moi,Aujourd'hui le chat mange avec moi.
aujourd hui moi manger bien,Aujourd'hui je mange bien.
aujourd hui moi boire bientot,Aujourd'hui je bois bientôt.
aujourd hui moi aller bientot,Aujourd'hui je pars bientôt.
aujourd hui moi apprendre bien,Aujourd'hui j'apprends bien.
aujourd hui tu manger bien,Aujourd'hui tu manges bien.
aujourd hui tu apprendre bientot,Aujourd'hui tu apprends bientôt.
aujourd hui nous manger bientot,Aujourd'hui nous mangeons bientôt.
aujourd hui nous apprendre bien,Aujourd'hui nous apprenons bien.
aujourd hui ami manger bien,Aujourd'hui mon ami mange bien.
aujourd hui ami aller bientot,Aujourd'hui mon ami part bientôt.
aujourd hui moi aimer ami,Aujourd'hui j'aime mon ami.
aujourd hui moi aimer chat,Aujourd'hui j'aime le chat.
aujourd hui tu aimer bebe,Aujourd'hui tu aimes le bébé.
aujourd hui nous aimer ami,Aujourd'hui nous aimons mon ami.
aujourd hui moi attendre ami,Aujourd'hui j'attends mon ami.
aujourd hui tu attendre ami,Aujourd'hui tu attends mon ami.
aujourd hui nous attendre ami,Aujourd'hui nous attendons mon ami.
aujourd hui moi donner aide ami,Aujourd'hui je donne de l'aide à mon ami.
aujourd hui moi donner amour bebe,Aujourd'hui je donne de l'amour au bébé.
aujourd hui tu donner aide ami,Aujourd'hui tu donnes de l'aide à mon ami.
aujourd hui nous donner amour ami,Aujourd'hui nous donnons de l'amour à mon ami.
moi non manger avec ami,Je ne mange pas avec mon ami.
moi non boire avec tu,Je ne bois pas avec toi.
moi non aller avec ami,Je ne pars pas avec mon ami.
moi non apprendre avec tu,Je n'apprends pas avec toi.
tu non manger avec ami,Tu ne manges pas avec mon ami.
tu non boire avec moi,Tu ne bois pas avec moi.
tu non aller avec nous,Tu ne pars pas avec nous.
nous non manger avec ami,Nous ne mangeons pas avec mon ami.
nous non apprendre avec tu,Nous n'apprenons pas avec toi.
ami non manger avec moi,Mon ami ne mange pas avec moi.
ami non boire avec tu,Mon ami ne boit pas avec toi.
ami non aller avec nous,Mon ami ne part pas avec nous.
moi non aimer ami bientot,Je n'aime pas mon ami bientôt.
moi non aimer chat bien,Je n'aime pas le chat bien.
tu non aimer bebe bien,Tu n'aimes pas le bébé bien.
nous non aimer ami bientot,Nous n'aimons pas mon ami bientôt.
moi non attendre ami bientot,Je n'attends pas mon ami bientôt.
tu non attendre bebe bien,Tu n'attends pas le bébé bien.
moi non donner aide ami bientot,Je ne donne pas d'aide à mon ami bientôt.
tu non donner amour bebe bien,Tu ne donnes pas d'amour au bébé bien.
nous non donner aide ami bientot,Nous ne donnons pas d'aide à mon ami bientôt.
moi non manger avec ami bientot,Je ne mange pas avec mon ami bientôt.
tu non aller avec nous bientot,Tu ne pars pas avec nous bientôt.
nous non apprendre avec ami bien,Nous n'apprenons pas avec mon ami bien.
ami non manger avec moi bien,Mon ami ne mange pas avec moi bien.
bonjour moi aimer ami,Bonjour j'aime mon ami !
bonjour moi aimer chat,Bonjour j'aime le chat !
bonjour moi aimer amour,Bonjour j'aime de l'amour !
bonjour tu aimer bebe,Bonjour tu aimes le bébé !
bonjour nous aimer ami,Bonjour nous aimons mon ami !
bonjour ami aimer moi,Bonjour mon ami m'aime !
bonjour moi attendre ami,Bonjour j'attends mon ami !
bonjour tu attendre ami,Bonjour tu attends mon ami !
bonjour nous attendre ami,Bonjour nous attendons mon ami !
bonjour moi donner aide ami,Bonjour je donne de l'aide à mon ami !
bonjour moi donner amour bebe,Bonjour je donne de l'amour au bébé !
bonjour tu donner aide moi,Bonjour tu me donnes de l'aide !
merci moi aimer ami,Merci j'aime mon ami !
merci moi aimer chat,Merci j'aime le chat !
merci tu aimer bebe,Merci tu aimes le bébé !
merci nous aimer ami,Merci nous aimons mon ami !
merci ami aimer moi,Merci mon ami m'aime !
merci moi attendre ami,Merci j'attends mon ami !
merci tu donner aide moi,Merci tu me donnes de l'aide !
merci moi donner amour bebe,Merci je donne de l'amour au bébé !
au revoir moi aimer ami,Au revoir j'aime mon ami !
au revoir moi aimer chat,Au revoir j'aime le chat !
au revoir tu aimer bebe,Au revoir tu aimes le bébé !
au revoir nous aimer ami,Au revoir nous aimons mon ami !
au revoir ami aimer moi,Au revoir mon ami m'aime !
au revoir moi attendre ami,Au revoir j'attends mon ami !
au revoir moi donner aide ami,Au revoir je donne de l'aide à mon ami !
moi vouloir manger avec ami,Je veux manger avec mon ami.
moi vouloir manger avec tu,Je veux manger avec toi.
moi vouloir boire avec ami,Je veux boire avec mon ami.
moi vouloir boire avec tu,Je veux boire avec toi.
moi vouloir aller avec ami,Je veux aller avec mon ami.
moi vouloir aller avec tu,Je veux aller avec toi.
moi vouloir apprendre avec ami,Je veux apprendre avec mon ami.
moi vouloir apprendre avec tu,Je veux apprendre avec toi.
tu vouloir manger avec ami,Tu veux manger avec mon ami.
tu vouloir manger avec moi,Tu veux manger avec moi.
tu vouloir boire avec ami,Tu veux boire avec mon ami.
tu vouloir aller avec ami,Tu veux aller avec mon ami.
tu vouloir aller avec moi,Tu veux aller avec moi.
tu vouloir apprendre avec ami,Tu veux apprendre avec mon ami.
nous vouloir manger avec ami,Nous voulons manger avec mon ami.
nous vouloir manger avec tu,Nous voulons manger avec toi.
nous vouloir boire avec ami,Nous voulons boire avec mon ami.
nous vouloir aller avec ami,Nous voulons aller avec mon ami.
nous vouloir apprendre avec ami,Nous voulons apprendre avec mon ami.
nous vouloir apprendre avec tu,Nous voulons apprendre avec toi.
ami vouloir manger avec moi,Mon ami veut manger avec moi.
ami vouloir boire avec moi,Mon ami veut boire avec moi.
ami vouloir aller avec moi,Mon ami veut aller avec moi.
ami vouloir aller avec tu,Mon ami veut aller avec toi.
ami vouloir apprendre avec moi,Mon ami veut apprendre avec moi.
bebe vouloir manger avec ami,Le bébé veut manger avec mon ami.
chat vouloir manger avec ami,Le chat veut manger avec mon ami.
moi vouloir manger bien,Je veux manger bien.
moi vouloir boire bientot,Je veux boire bientôt.
moi vouloir aller bientot,Je veux aller bientôt.
moi vouloir apprendre bien,Je veux apprendre bien.
tu vouloir manger bien,Tu veux manger bien.
tu vouloir aller bientot,Tu veux aller bientôt.
nous vouloir manger bientot,Nous voulons manger bientôt.
nous vouloir apprendre bien,Nous voulons apprendre bien.
ami vouloir manger bien,Mon ami veut manger bien.
ami vouloir aller bientot,Mon ami veut aller bientôt.
bebe vouloir manger bien,Le bébé veut manger bien.
chat vouloir manger bientot,Le chat veut manger bientôt.
bonjour moi vouloir apprendre,Bonjour je veux apprendre !
bonjour moi vouloir comprendre,Bonjour je veux comprendre !
bonjour moi vouloir aller,Bonjour je veux aller !
bonjour moi vouloir manger,Bonjour je veux manger !
bonjour moi vouloir boire,Bonjour je veux boire !
bonjour tu vouloir apprendre,Bonjour tu veux apprendre !
bonjour tu vouloir manger,Bonjour tu veux manger !
bonjour tu vouloir aller,Bonjour tu veux aller !
bonjour nous vouloir apprendre,Bonjour nous voulons apprendre !
bonjour nous vouloir manger,Bonjour nous voulons manger !
bonjour ami vouloir apprendre,Bonjour mon ami veut apprendre !
bonjour ami vouloir manger,Bonjour mon ami veut manger !
merci moi vouloir apprendre,Merci je veux apprendre !
merci moi vouloir manger,Merci je veux manger !
merci tu vouloir apprendre,Merci tu veux apprendre !
merci nous vouloir apprendre,Merci nous voulons apprendre !
au revoir moi vouloir aller,Au revoir je veux aller !
au revoir tu vouloir aller,Au revoir tu veux aller !
au revoir nous vouloir aller,Au revoir nous voulons aller !
bonjour moi vouloir manger avec ami,Bonjour je veux manger avec mon ami !
bonjour moi vouloir apprendre avec tu,Bonjour je veux apprendre avec toi !
bonjour tu vouloir manger avec moi,Bonjour tu veux manger avec moi !
bonjour nous vouloir apprendre avec ami,Bonjour nous voulons apprendre avec mon ami !
merci moi vouloir manger avec ami,Merci je veux manger avec mon ami !
au revoir moi vouloir aller avec ami,Au revoir je veux aller avec mon ami !
bonjour moi vouloir manger bien,Bonjour je veux manger bien !
bonjour moi vouloir aller bientot,Bonjour je veux aller bientôt !
merci moi vouloir apprendre bien,Merci je veux apprendre bien !
au revoir moi vouloir aller bientot,Au revoir je veux aller bientôt !
aujourd hui moi manger avec ami bien,Aujourd'hui je mange avec mon ami bien.
aujourd hui moi boire avec tu bientot,Aujourd'hui je bois avec toi bientôt.
aujourd hui moi aller avec ami bientot,Aujourd'hui je pars avec mon ami bientôt.
aujourd hui moi apprendre avec tu bien,Aujourd'hui j'apprends avec toi bien.
aujourd hui tu manger avec ami bien,Aujourd'hui tu manges avec mon ami bien.
aujourd hui tu boire avec moi bientot,Aujourd'hui tu bois avec moi bientôt.
aujourd hui nous manger avec ami bientot,Aujourd'hui nous mangeons avec mon ami bientôt.
aujourd hui nous apprendre avec tu bien,Aujourd'hui nous apprenons avec toi bien.
aujourd hui ami manger avec moi bien,Aujourd'hui mon ami mange avec moi bien.
aujourd hui ami aller avec nous bientot,Aujourd'hui mon ami part avec nous bientôt.
aujourd hui moi aimer ami bien,Aujourd'hui j'aime bien mon ami.
aujourd hui moi aimer chat bientot,Aujourd'hui j'aime le chat bientôt.
aujourd hui tu aimer bebe bien,Aujourd'hui tu aimes bien le bébé.
aujourd hui nous aimer ami bien,Aujourd'hui nous aimons bien mon ami.
aujourd hui moi attendre ami bientot,Aujourd'hui j'attends mon ami bientôt.
aujourd hui tu attendre ami bien,Aujourd'hui tu attends mon ami bien.
aujourd hui moi donner aide ami bientot,Aujourd'hui je donne de l'aide à mon ami bientôt.
aujourd hui tu donner amour bebe bien,Aujourd'hui tu donnes de l'amour au bébé bien.
aujourd hui nous donner aide ami bien,Aujourd'hui nous donnons de l'aide à mon ami bien.
aujourd hui moi non manger avec ami,Aujourd'hui je ne mange pas avec mon ami.
aujourd hui tu non aller avec nous,Aujourd'hui tu ne pars pas avec nous.
aujourd hui nous non apprendre avec ami,Aujourd'hui nous n'apprenons pas avec mon ami.
aujourd hui moi non aimer chat,Aujourd'hui je n'aime pas le chat.
aujourd hui tu non attendre ami,Aujourd'hui tu n'attends pas mon ami.
aujourd hui nous non vouloir apprendre,Aujourd'hui nous ne voulons pas apprendre.
comment moi manger avec ami bien,Comment je mange avec mon ami bien ?
comment moi aller avec tu bientot,Comment je pars avec toi bientôt ?
comment tu apprendre avec ami bien,Comment tu apprends avec mon ami bien ?
comment nous manger avec ami bientot,Comment nous mangeons avec mon ami bientôt ?
comment ami manger avec moi bien,Comment mon ami mange avec moi bien ?
comment moi aimer ami bien,Comment j'aime bien mon ami ?
comment tu aimer chat bien,Comment tu aimes bien le chat ?
comment moi attendre ami bientot,Comment j'attends mon ami bientôt ?
comment tu donner aide ami,Comment tu donnes de l'aide à mon ami ?
comment nous donner amour bebe,Comment nous donnons de l'amour au bébé ?
comment ami donner aide moi,Comment mon ami me donne de l'aide ?
comment moi non manger avec ami,Comment je ne mange pas avec mon ami ?
comment tu non aller avec nous,Comment tu ne pars pas avec nous ?
comment nous non apprendre bien,Comment nous n'apprenons pas bien ?
comment moi non aimer chat,Comment je n'aime pas le chat ?
comment tu non attendre ami,Comment tu n'attends pas mon ami ?
comment moi vouloir manger avec ami,Comment je veux manger avec mon ami ?
comment tu vouloir apprendre avec nous,Comment tu veux apprendre avec nous ?
comment nous vouloir aller avec ami,Comment nous voulons aller avec mon ami ?
comment moi vouloir aimer chat,Comment je veux aimer le chat ?
comment ami vouloir apprendre bien,Comment mon ami veut apprendre bien ?
moi non manger avec ami bien,Je ne mange pas avec mon ami bien.
moi non boire avec tu bientot,Je ne bois pas avec toi bientôt.
moi non aller avec ami bientot,Je ne pars pas avec mon ami bientôt.
tu non manger avec moi bien,Tu ne manges pas avec moi bien.
tu non apprendre avec ami bientot,Tu n'apprends pas avec mon ami bientôt.
nous non manger avec ami bien,Nous ne mangeons pas avec mon ami bien.
nous non aller avec tu bientot,Nous ne partons pas avec toi bientôt.
ami non manger avec moi bien,Mon ami ne mange pas avec moi bien.
ami non aller avec nous bientot,Mon ami ne part pas avec nous bientôt.
moi non aimer ami bien,Je n'aime pas bien mon ami.
moi non aimer bebe bientot,Je n'aime pas le bébé bientôt.
tu non aimer chat bien,Tu n'aimes pas bien le chat.
nous non aimer ami bientot,Nous n'aimons pas mon ami bientôt.
moi non attendre ami bientot,Je n'attends pas mon ami bientôt.
tu non attendre bebe bien,Tu n'attends pas bien le bébé.
moi non donner aide ami bientot,Je ne donne pas d'aide à mon ami bientôt.
tu non donner amour bebe bien,Tu ne donnes pas d'amour au bébé bien.
nous non donner aide ami bientot,Nous ne donnons pas d'aide à mon ami bientôt.
moi non vouloir manger avec ami,Je ne veux pas manger avec mon ami.
tu non vouloir aller avec nous,Tu ne veux pas aller avec nous.
nous non vouloir apprendre avec ami,Nous ne voulons pas apprendre avec mon ami.
moi non vouloir manger bien,Je ne veux pas manger bien.
tu non vouloir aller bientot,Tu ne veux pas aller bientôt.
nous non vouloir apprendre bien,Nous ne voulons pas apprendre bien.
moi manger bebe,Je mange le bébé.
moi manger ami,Je mange mon ami.
moi manger chat,Je mange le chat.
tu manger bebe,Tu manges le bébé.
tu manger ami,Tu manges mon ami.
tu manger chat,Tu manges le chat.
nous manger bebe,Nous mangeons le bébé.
nous manger ami,Nous mangeons mon ami.
nous manger chat,Nous mangeons le chat.
ami manger bebe,Mon ami mange le bébé.
ami manger chat,Mon ami mange le chat.
bebe manger chat,Le bébé mange le chat.
chat manger bebe,Le chat mange le bébé.
moi non manger bebe,Je ne mange pas le bébé.
moi non manger ami,Je ne mange pas mon ami.
moi non manger chat,Je ne mange pas le chat.
tu non manger bebe,Tu ne manges pas le bébé.
tu non manger ami,Tu ne manges pas mon ami.
nous non manger bebe,Nous ne mangeons pas le bébé.
nous non manger chat,Nous ne mangeons pas le chat.
ami non manger bebe,Mon ami ne mange pas le bébé.
bebe non manger chat,Le bébé ne mange pas le chat.
chat non manger bebe,Le chat ne mange pas le bébé.
moi comprendre ami,Je comprends mon ami.
moi comprendre bebe,Je comprends le bébé.
tu comprendre moi,Tu me comprends.
nous comprendre ami,Nous comprenons mon ami.
ami comprendre moi,Mon ami me comprend.
bebe comprendre moi,Le bébé me comprend.
chat comprendre moi,Le chat me comprend.
moi non comprendre ami,Je ne comprends pas mon ami.
tu non comprendre moi,Tu ne me comprends pas.
nous non comprendre ami,Nous ne comprenons pas mon ami.
ami non comprendre moi,Mon ami ne me comprend pas.
moi changer ami,Je change mon ami.
moi changer bebe,Je change le bébé.
tu changer moi,Tu me changes.
nous changer ami,Nous changeons mon ami.
ami changer moi,Mon ami me change.
bebe changer moi,Le bébé me change.
moi non changer ami,Je ne change pas mon ami.
tu non changer moi,Tu ne me changes pas.
nous non changer ami,Nous ne changeons pas mon ami.
moi changer avec ami,Je change avec mon ami.
tu changer avec moi,Tu changes avec moi.
nous changer avec ami,Nous changeons avec mon ami.
ami changer avec moi,Mon ami change avec moi.
moi changer bien,Je change bien.
tu changer bientot,Tu changes bientôt.
nous changer bientot,Nous changeons bientôt.
ami changer bien,Mon ami change bien.
moi changer avec ami bien,Je change avec mon ami bien.
tu changer avec moi bientot,Tu changes avec moi bientôt.
moi non changer avec ami,Je ne change pas avec mon ami.
moi apprendre ami,J'apprends avec mon ami.
tu apprendre nous,Tu apprends avec nous.
nous apprendre ami,Nous apprenons avec mon ami.
moi apprendre bebe,J'apprends avec le bébé.
ami apprendre moi,Mon ami apprend avec moi.
moi non apprendre ami,Je n'apprends pas avec mon ami.
moi donner bebe ami,Je donne le bébé à mon ami.
tu donner chat moi,Tu me donnes le chat.
nous donner bebe tu,Nous te donnons le bébé.
ami donner chat moi,Mon ami me donne le chat.
moi non donner bebe ami,Je ne donne pas le bébé à mon ami.
tu non donner chat moi,Tu ne me donnes pas le chat.
aujourd hui moi manger chat,Aujourd'hui je mange le chat.
aujourd hui moi manger ami,Aujourd'hui je mange mon ami.
aujourd hui moi manger bebe,Aujourd'hui je mange le bébé.
aujourd hui tu manger ami,Aujourd'hui tu manges mon ami.
aujourd hui nous manger chat,Aujourd'hui nous mangeons le chat.
aujourd hui moi aimer ami bien,Aujourd'hui j'aime bien mon ami.
aujourd hui moi aimer chat bientot,Aujourd'hui j'aime le chat bientôt.
aujourd hui tu aimer amour bien,Aujourd'hui tu aimes bien de l'amour.
aujourd hui nous aimer bebe bien,Aujourd'hui nous aimons bien le bébé.
aujourd hui moi attendre ami bien,Aujourd'hui j'attends bien mon ami.
aujourd hui tu attendre bebe bientot,Aujourd'hui tu attends le bébé bientôt.
aujourd hui moi comprendre ami,Aujourd'hui je comprends mon ami.
aujourd hui tu comprendre nous,Aujourd'hui tu nous comprends.
aujourd hui moi changer bien,Aujourd'hui je change bien.
aujourd hui tu changer bientot,Aujourd'hui tu changes bientôt.
aujourd hui nous changer bien,Aujourd'hui nous changeons bien.
aujourd hui moi non aimer chat,Aujourd'hui je n'aime pas le chat.
aujourd hui tu non attendre ami,Aujourd'hui tu n'attends pas mon ami.
aujourd hui nous non manger bebe,Aujourd'hui nous ne mangeons pas le bébé.
aujourd hui moi non comprendre ami,Aujourd'hui je ne comprends pas mon ami.
aujourd hui moi non changer bien,Aujourd'hui je ne change pas bien.
comment moi manger chat,Comment je mange le chat ?
comment moi manger ami,Comment je mange mon ami ?
comment tu manger bebe,Comment tu manges le bébé ?
comment nous manger chat,Comment nous mangeons le chat ?
comment moi comprendre ami,Comment je comprends mon ami ?
comment ami comprendre moi,Comment mon ami me comprend ?
comment moi changer bientot,Comment je change bientôt ?
comment moi changer avec ami,Comment je change avec mon ami ?
comment tu changer bien,Comment tu changes bien ?
moi aller bientot,Je pars bientôt.
moi aller bien,Je pars bien.
moi aller ici,Je pars ici.
tu aller bientot,Tu pars bientôt.
tu aller bien,Tu pars bien.
tu aller ici,Tu pars ici.
nous aller bientot,Nous partons bientôt.
nous aller bien,Nous partons bien.
nous aller ici,Nous partons ici.
ami aller bientot,Mon ami part bientôt.
ami aller bien,Mon ami part bien.
ami aller ici,Mon ami part ici.
bebe aller bientot,Le bébé part bientôt.
bebe aller ici,Le bébé part ici.
chat aller bientot,Le chat part bientôt.
chat aller ici,Le chat part ici.
moi non aller bientot,Je ne pars pas bientôt.
moi non aller bien,Je ne pars pas bien.
moi non aller ici,Je ne pars pas ici.
tu non aller bientot,Tu ne pars pas bientôt.
tu non aller ici,Tu ne pars pas ici.
nous non aller bientot,Nous ne partons pas bientôt.
nous non aller ici,Nous ne partons pas ici.
ami non aller bientot,Mon ami ne part pas bientôt.
ami non aller ici,Mon ami ne part pas ici.
moi aller avec ami bientot,Je pars avec mon ami bientôt.
moi aller avec tu bientot,Je pars avec toi bientôt.
moi aller avec nous ici,Je pars avec nous ici.
tu aller avec ami bientot,Tu pars avec mon ami bientôt.
tu aller avec moi bien,Tu pars avec moi bien.
nous aller avec ami bientot,Nous partons avec mon ami bientôt.
nous aller avec tu bien,Nous partons avec toi bien.
ami aller avec moi bientot,Mon ami part avec moi bientôt.
ami aller avec tu bien,Mon ami part avec toi bien.
bebe aller avec ami bientot,Le bébé part avec mon ami bientôt.
chat aller avec moi bientot,Le chat part avec moi bientôt.
moi aimer amour bientot,J'aime de l'amour bientôt.
moi aimer aide bien,J'aime bien de l'aide.
moi aimer ami bientot,J'aime mon ami bientôt.
tu aimer amour bien,Tu aimes bien de l'amour.
tu aimer aide bientot,Tu aimes de l'aide bientôt.
tu aimer chat bientot,Tu aimes le chat bientôt.
nous aimer amour bien,Nous aimons bien de l'amour.
nous aimer bebe bientot,Nous aimons le bébé bientôt.
ami aimer amour bien,Mon ami aime bien de l'amour.
ami aimer bebe bientot,Mon ami aime le bébé bientôt.
moi aimer chat avec ami,J'aime le chat avec mon ami.
moi aimer amour avec tu,J'aime de l'amour avec toi.
tu aimer bebe avec moi,Tu aimes le bébé avec moi.
nous aimer chat avec ami,Nous aimons le chat avec mon ami.
ami aimer chat avec nous,Mon ami aime le chat avec nous.
moi non aimer amour bien,Je n'aime pas bien de l'amour.
moi non aimer aide bientot,Je n'aime pas de l'aide bientôt.
tu non aimer amour bien,Tu n'aimes pas bien de l'amour.
nous non aimer amour bientot,Nous n'aimons pas de l'amour bientôt.
moi attendre ami bien,J'attends bien mon ami.
moi attendre bebe ici,J'attends le bébé ici.
moi attendre chat bien,J'attends bien le chat.
tu attendre ami bien,Tu attends bien mon ami.
tu attendre bebe ici,Tu attends le bébé ici.
nous attendre ami bientot,Nous attendons mon ami bientôt.
nous attendre bebe ici,Nous attendons le bébé ici.
ami attendre moi bien,Mon ami m'attend bien.
ami attendre tu bientot,Mon ami t'attend bientôt.
bebe attendre moi bientot,Le bébé m'attend bientôt.
chat attendre ami bien,Le chat attend mon ami bien.
moi attendre ami avec tu,J'attends mon ami avec toi.
tu attendre moi avec ami,Tu m'attends avec mon ami.
nous attendre ami avec tu,Nous attendons mon ami avec toi.
moi non attendre bebe bien,Je n'attends pas bien le bébé.
tu non attendre moi ici,Tu ne m'attends pas ici.
moi donner aide ami bien,Je donne de l'aide à mon ami bien.
moi donner aide bebe bientot,Je donne de l'aide au bébé bientôt.
moi donner amour ami bientot,Je donne de l'amour à mon ami bientôt.
moi donner amour bebe bien,Je donne de l'amour au bébé bien.
tu donner aide ami bien,Tu donnes de l'aide à mon ami bien.
tu donner aide moi bientot,Tu me donnes de l'aide bientôt.
tu donner amour bebe bien,Tu donnes de l'amour au bébé bien.
nous donner aide ami bien,Nous donnons de l'aide à mon ami bien.
nous donner amour bebe bientot,Nous donnons de l'amour au bébé bientôt.
ami donner aide moi bien,Mon ami me donne de l'aide bien.
ami donner amour tu bientot,Mon ami te donne de l'amour bientôt.
bebe donner amour moi bien,Le bébé me donne de l'amour bien.
moi donner aide ami avec tu,Je donne de l'aide à mon ami avec toi.
tu donner aide moi avec ami,Tu me donnes de l'aide avec mon ami.
nous donner amour bebe avec ami,Nous donnons de l'amour au bébé avec mon ami.
moi non donner aide ami bien,Je ne donne pas d'aide à mon ami bien.
moi non donner amour bebe bientot,Je ne donne pas d'amour au bébé bientôt.
tu non donner aide moi bien,Tu ne me donnes pas d'aide bien.
nous non donner amour ami bientot,Nous ne donnons pas d'amour à mon ami bientôt.
ami non donner aide moi bientot,Mon ami ne me donne pas d'aide bientôt.
bonjour moi aimer chat bien,Bonjour j'aime bien le chat !
bonjour moi aimer ami bien,Bonjour j'aime bien mon ami !
bonjour moi aimer amour bientot,Bonjour j'aime de l'amour bientôt !
bonjour tu aimer bebe bien,Bonjour tu aimes bien le bébé !
bonjour nous aimer ami bientot,Bonjour nous aimons mon ami bientôt !
bonjour moi attendre ami bientot,Bonjour j'attends mon ami bientôt !
bonjour moi attendre bebe bien,Bonjour j'attends bien le bébé !
bonjour tu attendre ami bien,Bonjour tu attends bien mon ami !
bonjour moi donner aide ami bien,Bonjour je donne de l'aide à mon ami bien !
bonjour tu donner amour bebe bien,Bonjour tu donnes de l'amour au bébé bien !
bonjour moi aller avec ami bientot,Bonjour je pars avec mon ami bientôt !
bonjour moi manger avec ami bien,Bonjour je mange avec mon ami bien !
bonjour tu manger avec moi bientot,Bonjour tu manges avec moi bientôt !
bonjour nous aller avec ami bientot,Bonjour nous partons avec mon ami bientôt !
merci moi aimer chat bien,Merci j'aime bien le chat !
merci moi aimer ami bien,Merci j'aime bien mon ami !
merci tu aimer bebe bien,Merci tu aimes bien le bébé !
merci moi attendre ami bientot,Merci j'attends mon ami bientôt !
merci moi aller avec ami bientot,Merci je pars avec mon ami bientôt !
merci nous apprendre avec ami bien,Merci nous apprenons avec mon ami bien !
au revoir moi aller avec ami bientot,Au revoir je pars avec mon ami bientôt !
au revoir moi aller avec tu bientot,Au revoir je pars avec toi bientôt !
au revoir tu aller avec nous bientot,Au revoir tu pars avec nous bientôt !
au revoir nous aller avec ami bientot,Au revoir nous partons avec mon ami bientôt !
au revoir ami aller avec moi bientot,Au revoir mon ami part avec moi bientôt !
moi apprendre avec ami bientot,J'apprends avec mon ami bientôt.
moi apprendre avec tu bien,J'apprends avec toi bien.
moi apprendre avec bebe bien,J'apprends avec le bébé bien.
tu apprendre avec ami bientot,Tu apprends avec mon ami bientôt.
tu apprendre avec moi bien,Tu apprends avec moi bien.
nous apprendre avec ami bientot,Nous apprenons avec mon ami bientôt.
nous apprendre avec tu ici,Nous apprenons avec toi ici.
ami apprendre avec moi bien,Mon ami apprend avec moi bien.
ami apprendre avec tu bientot,Mon ami apprend avec toi bientôt.
bebe apprendre avec ami bien,Le bébé apprend avec mon ami bien.
moi non apprendre avec ami,Je n'apprends pas avec mon ami.
tu non apprendre avec moi,Tu n'apprends pas avec moi.
nous non apprendre avec ami,Nous n'apprenons pas avec mon ami.
moi comprendre avec ami bien,Je comprends avec mon ami bien.
tu comprendre avec moi bientot,Tu comprends avec moi bientôt.
nous comprendre avec ami bien,Nous comprenons avec mon ami bien.
ami comprendre avec moi bientot,Mon ami comprend avec moi bientôt.
moi non comprendre avec ami,Je ne comprends pas avec mon ami.
moi vouloir apprendre avec ami,Je veux apprendre avec mon ami.
moi vouloir apprendre avec tu,Je veux apprendre avec toi.
tu vouloir apprendre avec moi,Tu veux apprendre avec moi.
nous vouloir apprendre avec ami,Nous voulons apprendre avec mon ami.
ami vouloir apprendre avec moi,Mon ami veut apprendre avec moi.
moi vouloir comprendre avec ami,Je veux comprendre avec mon ami.
tu vouloir comprendre avec moi,Tu veux comprendre avec moi.
moi vouloir apprendre avec ami bien,Je veux apprendre avec mon ami bien.
moi vouloir apprendre avec tu bientot,Je veux apprendre avec toi bientôt.
tu vouloir apprendre avec ami bientot,Tu veux apprendre avec mon ami bientôt.
nous vouloir apprendre avec ami bien,Nous voulons apprendre avec mon ami bien.
aujourd hui moi apprendre avec ami bien,Aujourd'hui j'apprends avec mon ami bien.
aujourd hui moi apprendre avec tu bientot,Aujourd'hui j'apprends avec toi bientôt.
aujourd hui tu apprendre avec ami bientot,Aujourd'hui tu apprends avec mon ami bientôt.
aujourd hui nous apprendre avec ami bien,Aujourd'hui nous apprenons avec mon ami bien.
aujourd hui ami apprendre avec moi bien,Aujourd'hui mon ami apprend avec moi bien.
aujourd hui moi comprendre avec ami,Aujourd'hui je comprends avec mon ami.
aujourd hui tu comprendre avec moi,Aujourd'hui tu comprends avec moi.
aujourd hui moi aimer chat avec ami,Aujourd'hui j'aime le chat avec mon ami.
aujourd hui moi aimer amour avec tu,Aujourd'hui j'aime de l'amour avec toi.
aujourd hui tu aimer bebe avec moi,Aujourd'hui tu aimes le bébé avec moi.
aujourd hui nous aimer chat avec ami,Aujourd'hui nous aimons le chat avec mon ami.
aujourd hui moi attendre ami avec tu,Aujourd'hui j'attends mon ami avec toi.
aujourd hui tu attendre moi avec ami,Aujourd'hui tu m'attends avec mon ami.
aujourd hui moi donner aide ami bien,Aujourd'hui je donne de l'aide à mon ami bien.
aujourd hui tu donner amour bebe bientot,Aujourd'hui tu donnes de l'amour au bébé bientôt.
aujourd hui nous donner aide ami bientot,Aujourd'hui nous donnons de l'aide à mon ami bientôt.
comment moi apprendre avec ami bien,Comment j'apprends avec mon ami bien ?
comment tu apprendre avec moi bientot,Comment tu apprends avec moi bientôt ?
comment nous apprendre avec ami bien,Comment nous apprenons avec mon ami bien ?
comment moi aimer chat avec ami,Comment j'aime le chat avec mon ami ?
comment moi attendre ami avec tu,Comment j'attends mon ami avec toi ?
comment moi donner aide ami bien,Comment je donne de l'aide à mon ami bien ?
comment tu donner amour bebe bientot,Comment tu donnes de l'amour au bébé bientôt ?
moi non aller avec ami bientot,Je ne pars pas avec mon ami bientôt.
moi non aller avec tu bien,Je ne pars pas avec toi bien.
tu non aller avec ami bientot,Tu ne pars pas avec mon ami bientôt.
nous non aller avec ami bientot,Nous ne partons pas avec mon ami bientôt.
ami non aller avec moi bientot,Mon ami ne part pas avec moi bientôt.
moi non apprendre avec ami bien,Je n'apprends pas avec mon ami bien.
tu non apprendre avec moi bientot,Tu n'apprends pas avec moi bientôt.
nous non apprendre avec ami bientot,Nous n'apprenons pas avec mon ami bientôt.
moi non comprendre avec ami,Je ne comprends pas avec mon ami.
moi non aimer chat avec ami,Je n'aime pas le chat avec mon ami.
tu non aimer bebe avec moi,Tu n'aimes pas le bébé avec moi.
nous non aimer chat avec ami,Nous n'aimons pas le chat avec mon ami.
moi non attendre ami avec tu,Je n'attends pas mon ami avec toi.
moi non vouloir apprendre avec ami,Je ne veux pas apprendre avec mon ami.
tu non vouloir apprendre avec moi,Tu ne veux pas apprendre avec moi.
moi non vouloir manger avec ami bien,Je ne veux pas manger avec mon ami bien.
tu non vouloir aller avec nous bientot,Tu ne veux pas aller avec nous bientôt.
aujourd hui moi non aller avec ami,Aujourd'hui je ne pars pas avec mon ami.
aujourd hui tu non apprendre avec moi,Aujourd'hui tu n'apprends pas avec moi.
aujourd hui nous non aimer chat,Aujourd'hui nous n'aimons pas le chat.
aujourd hui moi non attendre ami,Aujourd'hui je n'attends pas mon ami.
moi vouloir manger avec ami bien,Je veux manger avec mon ami bien.
moi vouloir manger avec tu bientot,Je veux manger avec toi bientôt.
moi vouloir boire avec ami bien,Je veux boire avec mon ami bien.
moi vouloir aller avec ami bientot,Je veux aller avec mon ami bientôt.
moi vouloir aller avec tu bien,Je veux aller avec toi bien.
moi vouloir apprendre avec ami bien,Je veux apprendre avec mon ami bien.
moi vouloir apprendre avec tu bientot,Je veux apprendre avec toi bientôt.
tu vouloir manger avec ami bien,Tu veux manger avec mon ami bien.
tu vouloir aller avec moi bientot,Tu veux aller avec moi bientôt.
tu vouloir apprendre avec ami bien,Tu veux apprendre avec mon ami bien.
nous vouloir manger avec ami bientot,Nous voulons manger avec mon ami bientôt.
nous vouloir aller avec ami bien,Nous voulons aller avec mon ami bien.
nous vouloir apprendre avec tu bientot,Nous voulons apprendre avec toi bientôt.
ami vouloir manger avec moi bien,Mon ami veut manger avec moi bien.
ami vouloir aller avec tu bientot,Mon ami veut aller avec toi bientôt.
bebe vouloir manger avec ami bien,Le bébé veut manger avec mon ami bien.
chat vouloir manger avec moi bientot,Le chat veut manger avec moi bientôt.
moi non vouloir manger avec ami,Je ne veux pas manger avec mon ami.
moi non vouloir aller avec ami bientot,Je ne veux pas aller avec mon ami bientôt.
tu non vouloir apprendre avec moi,Tu ne veux pas apprendre avec moi.
nous non vouloir manger avec ami,Nous ne voulons pas manger avec mon ami.
ami non vouloir aller avec moi,Mon ami ne veut pas aller avec moi.
bonjour moi vouloir manger avec ami bientot,Bonjour je veux manger avec mon ami bientôt !
bonjour moi vouloir apprendre avec tu bien,Bonjour je veux apprendre avec toi bien !
bonjour tu vouloir aller avec nous bientot,Bonjour tu veux aller avec nous bientôt !
bonjour nous vouloir apprendre avec ami bien,Bonjour nous voulons apprendre avec mon ami bien !
merci moi vouloir manger avec ami bien,Merci je veux manger avec mon ami bien !
merci tu vouloir apprendre avec moi bientot,Merci tu veux apprendre avec moi bientôt !
au revoir moi vouloir aller avec ami bientot,Au revoir je veux aller avec mon ami bientôt !
au revoir tu vouloir aller avec nous bientot,Au revoir tu veux aller avec nous bientôt !
aujourd hui moi vouloir manger avec ami bien,Aujourd'hui je veux manger avec mon ami bien.
aujourd hui moi vouloir aller avec ami bientot,Aujourd'hui je veux aller avec mon ami bientôt.
aujourd hui tu vouloir apprendre avec moi bien,Aujourd'hui tu veux apprendre avec moi bien.
aujourd hui nous vouloir manger avec ami bientot,Aujourd'hui nous voulons manger avec mon ami bientôt.
comment moi vouloir manger avec ami bien,Comment je veux manger avec mon ami bien ?
comment tu vouloir aller avec nous bientot,Comment tu veux aller avec nous bientôt ?
comment nous vouloir apprendre avec ami bien,Comment nous voulons apprendre avec mon ami bien ?
bebe manger bien,Le bébé mange bien.
bebe manger bientot,Le bébé mange bientôt.
bebe manger ici,Le bébé mange ici.
bebe boire bien,Le bébé boit bien.
bebe boire bientot,Le bébé boit bientôt.
bebe apprendre bien,Le bébé apprend bien.
bebe apprendre bientot,Le bébé apprend bientôt.
bebe comprendre bien,Le bébé comprend bien.
bebe changer bien,Le bébé change bien.
bebe vouloir bien,Le bébé veut bien.
bebe aimer bien,Le bébé aime bien.
bebe aimer ami,Le bébé aime mon ami.
bebe aimer chat,Le bébé aime le chat.
bebe aimer amour,Le bébé aime de l'amour.
bebe attendre ami,Le bébé attend mon ami.
bebe attendre moi,Le bébé m'attend.
bebe aller bientot,Le bébé part bientôt.
bebe aller avec ami,Le bébé part avec mon ami.
bebe aller avec moi,Le bébé part avec moi.
bebe non manger bientot,Le bébé ne mange pas bientôt.
bebe non boire bien,Le bébé ne boit pas bien.
bebe non aller bientot,Le bébé ne part pas bientôt.
bebe non apprendre bien,Le bébé n'apprend pas bien.
bebe non aimer chat,Le bébé n'aime pas le chat.
bebe non attendre ami,Le bébé n'attend pas mon ami.
bebe non vouloir manger,Le bébé ne veut pas manger.
bebe non vouloir aller,Le bébé ne veut pas aller.
bebe non vouloir boire,Le bébé ne veut pas boire.
bebe donner amour ami,Le bébé donne de l'amour à mon ami.
bebe donner amour moi,Le bébé me donne de l'amour.
bebe donner aide moi,Le bébé me donne de l'aide.
bebe non donner amour moi,Le bébé ne me donne pas d'amour.
aujourd hui bebe manger bien,Aujourd'hui le bébé mange bien.
aujourd hui bebe apprendre bientot,Aujourd'hui le bébé apprend bientôt.
aujourd hui bebe aimer chat,Aujourd'hui le bébé aime le chat.
aujourd hui bebe aller avec ami,Aujourd'hui le bébé part avec mon ami.
chat manger bien,Le chat mange bien.
chat manger bientot,Le chat mange bientôt.
chat manger ici,Le chat mange ici.
chat boire bien,Le chat boit bien.
chat boire bientot,Le chat boit bientôt.
chat apprendre bien,Le chat apprend bien.
chat comprendre bien,Le chat comprend bien.
chat changer bien,Le chat change bien.
chat vouloir bien,Le chat veut bien.
chat aimer bien,Le chat aime bien.
chat aimer ami,Le chat aime mon ami.
chat aimer bebe,Le chat aime le bébé.
chat aimer amour,Le chat aime de l'amour.
chat attendre ami,Le chat attend mon ami.
chat attendre moi,Le chat m'attend.
chat attendre bebe,Le chat attend le bébé.
chat aller bientot,Le chat part bientôt.
chat aller avec ami,Le chat part avec mon ami.
chat aller avec moi,Le chat part avec moi.
chat non manger bientot,Le chat ne mange pas bientôt.
chat non boire bien,Le chat ne boit pas bien.
chat non aller bientot,Le chat ne part pas bientôt.
chat non apprendre bien,Le chat n'apprend pas bien.
chat non aimer bebe,Le chat n'aime pas le bébé.
chat non attendre ami,Le chat n'attend pas mon ami.
chat non vouloir manger,Le chat ne veut pas manger.
chat non vouloir boire,Le chat ne veut pas boire.
chat donner amour moi,Le chat me donne de l'amour.
chat donner amour ami,Le chat donne de l'amour à mon ami.
chat non donner amour moi,Le chat ne me donne pas d'amour.
aujourd hui chat manger bien,Aujourd'hui le chat mange bien.
aujourd hui chat apprendre bientot,Aujourd'hui le chat apprend bientôt.
aujourd hui chat aimer bebe,Aujourd'hui le chat aime le bébé.
aujourd hui chat aller avec ami,Aujourd'hui le chat part avec mon ami.
bonjour chat manger bien,Bonjour le chat mange bien !
bonjour bebe manger bien,Bonjour le bébé mange bien !
moi vouloir apprendre bientot,Je veux apprendre bientôt.
moi vouloir comprendre bien,Je veux comprendre bien.
moi vouloir changer bientot,Je veux changer bientôt.
moi vouloir aimer bien,Je veux aimer bien.
moi vouloir attendre bientot,Je veux attendre bientôt.
moi vouloir aller ici,Je veux aller ici.
moi vouloir manger ici,Je veux manger ici.
moi vouloir boire bien,Je veux boire bien.
tu vouloir apprendre bientot,Tu veux apprendre bientôt.
tu vouloir comprendre bien,Tu veux comprendre bien.
tu vouloir aller ici,Tu veux aller ici.
tu vouloir manger ici,Tu veux manger ici.
nous vouloir apprendre bientot,Nous voulons apprendre bientôt.
nous vouloir aller ici,Nous voulons aller ici.
nous vouloir comprendre bien,Nous voulons comprendre bien.
ami vouloir apprendre bientot,Mon ami veut apprendre bientôt.
ami vouloir aller ici,Mon ami veut aller ici.
ami vouloir comprendre bien,Mon ami veut comprendre bien.
bebe vouloir apprendre bien,Le bébé veut apprendre bien.
bebe vouloir aller bientot,Le bébé veut aller bientôt.
chat vouloir apprendre bien,Le chat veut apprendre bien.
chat vouloir aller bientot,Le chat veut aller bientôt.
moi non vouloir apprendre bientot,Je ne veux pas apprendre bientôt.
moi non vouloir aller ici,Je ne veux pas aller ici.
tu non vouloir apprendre bien,Tu ne veux pas apprendre bien.
nous non vouloir aller bientot,Nous ne voulons pas aller bientôt.
ami non vouloir apprendre bientot,Mon ami ne veut pas apprendre bientôt.
moi manger ami avec tu,Je mange mon ami avec toi.
moi manger chat avec ami,Je mange le chat avec mon ami.
moi manger bebe avec tu,Je mange le bébé avec toi.
tu manger ami avec moi,Tu manges mon ami avec moi.
nous manger chat avec ami,Nous mangeons le chat avec mon ami.
moi aimer ami avec tu,J'aime mon ami avec toi.
moi aimer chat avec ami,J'aime le chat avec mon ami.
moi aimer bebe avec tu,J'aime le bébé avec toi.
tu aimer ami avec moi,Tu aimes mon ami avec moi.
nous aimer chat avec ami,Nous aimons le chat avec mon ami.
ami aimer chat avec moi,Mon ami aime le chat avec moi.
moi attendre ami avec bebe,J'attends mon ami avec le bébé.
moi attendre bebe avec ami,J'attends le bébé avec mon ami.
tu attendre ami avec moi,Tu attends mon ami avec moi.
nous attendre ami avec tu,Nous attendons mon ami avec toi.
moi manger ami ici,Je mange mon ami ici.
moi manger chat bien,Je mange le chat bien.
moi manger bebe bientot,Je mange le bébé bientôt.
tu manger ami bientot,Tu manges mon ami bientôt.
nous manger chat bien,Nous mangeons le chat bien.
ami manger bebe ici,Mon ami mange le bébé ici.
moi comprendre ami bien,Je comprends mon ami bien.
tu comprendre moi bientot,Tu me comprends bientôt.
nous comprendre ami bientot,Nous comprenons mon ami bientôt.
ami comprendre moi bien,Mon ami me comprend bien.
moi changer ami bientot,Je change mon ami bientôt.
tu changer moi bien,Tu me changes bien.
nous changer ami bientot,Nous changeons mon ami bientôt.
moi non manger ami bientot,Je ne mange pas mon ami bientôt.
moi non manger chat bien,Je ne mange pas le chat bien.
tu non manger ami bien,Tu ne manges pas mon ami bien.
nous non manger chat bientot,Nous ne mangeons pas le chat bientôt.
moi non aimer ami avec tu,Je n'aime pas mon ami avec toi.
moi non aimer chat avec ami,Je n'aime pas le chat avec mon ami.
tu non aimer bebe avec moi,Tu n'aimes pas le bébé avec moi.
nous non aimer chat avec ami,Nous n'aimons pas le chat avec mon ami.
moi non attendre ami avec tu,Je n'attends pas mon ami avec toi.
tu non attendre moi avec ami,Tu ne m'attends pas avec mon ami.
moi non comprendre ami bien,Je ne comprends pas mon ami bien.
tu non comprendre moi bientot,Tu ne me comprends pas bientôt.
nous non comprendre ami bientot,Nous ne comprenons pas mon ami bientôt.
moi non changer ami bientot,Je ne change pas mon ami bientôt.
tu non changer moi bien,Tu ne me changes pas bien.
moi manger ami avec tu bien,Je mange mon ami avec toi bien.
moi aimer chat avec ami bientot,J'aime le chat avec mon ami bientôt.
tu aimer ami avec moi bien,Tu aimes mon ami avec moi bien.
moi attendre ami avec tu bientot,J'attends mon ami avec toi bientôt.
nous attendre ami avec moi bien,Nous attendons mon ami avec moi bien.
bonjour moi non manger,Bonjour je ne mange pas !
bonjour moi non boire,Bonjour je ne bois pas !
bonjour moi non aller,Bonjour je ne pars pas !
bonjour moi non apprendre,Bonjour je n'apprends pas !
bonjour moi non aimer,Bonjour je n'aime pas !
bonjour moi non vouloir,Bonjour je ne veux pas !
bonjour tu non manger,Bonjour tu ne manges pas !
bonjour tu non aller,Bonjour tu ne pars pas !
bonjour tu non apprendre,Bonjour tu n'apprends pas !
bonjour nous non manger,Bonjour nous ne mangeons pas !
bonjour nous non aller,Bonjour nous ne partons pas !
bonjour nous non apprendre,Bonjour nous n'apprenons pas !
bonjour ami non manger,Bonjour mon ami ne mange pas !
bonjour ami non aller,Bonjour mon ami ne part pas !
merci moi non manger,Merci je ne mange pas !
merci moi non aller,Merci je ne pars pas !
merci moi non apprendre,Merci je n'apprends pas !
merci tu non manger,Merci tu ne manges pas !
merci nous non aller,Merci nous ne partons pas !
au revoir moi non aller,Au revoir je ne pars pas !
au revoir tu non aller,Au revoir tu ne pars pas !
au revoir nous non aller,Au revoir nous ne partons pas !
bonjour moi non aimer chat,Bonjour je n'aime pas le chat !
bonjour moi non aimer ami,Bonjour je n'aime pas mon ami !
bonjour tu non aimer bebe,Bonjour tu n'aimes pas le bébé !
merci moi non aimer chat,Merci je n'aime pas le chat !
bonjour moi non attendre ami,Bonjour je n'attends pas mon ami !
merci tu non attendre ami,Merci tu n'attends pas mon ami !
bonjour moi non vouloir manger,Bonjour je ne veux pas manger !
bonjour moi non vouloir aller,Bonjour je ne veux pas aller !
merci nous non vouloir apprendre,Merci nous ne voulons pas apprendre !
comment moi non manger,Comment je ne mange pas ?
comment moi non boire,Comment je ne bois pas ?
comment moi non aller,Comment je ne pars pas ?
comment moi non apprendre,Comment je n'apprends pas ?
comment moi non aimer,Comment je n'aime pas ?
comment moi non vouloir,Comment je ne veux pas ?
comment tu non manger,Comment tu ne manges pas ?
comment tu non aller,Comment tu ne pars pas ?
comment tu non apprendre,Comment tu n'apprends pas ?
comment nous non manger,Comment nous ne mangeons pas ?
comment nous non aller,Comment nous ne partons pas ?
comment nous non apprendre,Comment nous n'apprenons pas ?
comment ami non manger,Comment mon ami ne mange pas ?
comment ami non aller,Comment mon ami ne part pas ?
comment bebe non manger,Comment le bébé ne mange pas ?
comment chat non manger,Comment le chat ne mange pas ?
comment moi non aimer chat,Comment je n'aime pas le chat ?
comment tu non aimer bebe,Comment tu n'aimes pas le bébé ?
comment nous non aimer ami,Comment nous n'aimons pas mon ami ?
comment moi non attendre ami,Comment je n'attends pas mon ami ?
comment tu non attendre moi,Comment tu ne m'attends pas ?
comment moi non vouloir manger,Comment je ne veux pas manger ?
comment moi non vouloir aller,Comment je ne veux pas aller ?
comment tu non vouloir apprendre,Comment tu ne veux pas apprendre ?
comment nous non vouloir manger,Comment nous ne voulons pas manger ?
moi vouloir aimer,Je veux aimer.
moi vouloir attendre,Je veux attendre.
moi vouloir changer,Je veux changer.
moi vouloir comprendre,Je veux comprendre.
tu vouloir aimer,Tu veux aimer.
tu vouloir attendre,Tu veux attendre.
tu vouloir changer,Tu veux changer.
tu vouloir comprendre,Tu veux comprendre.
nous vouloir aimer,Nous voulons aimer.
nous vouloir attendre,Nous voulons attendre.
nous vouloir comprendre,Nous voulons comprendre.
ami vouloir aimer,Mon ami veut aimer.
ami vouloir attendre,Mon ami veut attendre.
ami vouloir comprendre,Mon ami veut comprendre.
bebe vouloir apprendre,Le bébé veut apprendre.
bebe vouloir comprendre,Le bébé veut comprendre.
bebe vouloir aimer,Le bébé veut aimer.
chat vouloir apprendre,Le chat veut apprendre.
chat vouloir comprendre,Le chat veut comprendre.
chat vouloir aimer,Le chat veut aimer.
aujourd hui moi vouloir aimer,Aujourd'hui je veux aimer.
aujourd hui moi vouloir attendre,Aujourd'hui je veux attendre.
aujourd hui moi vouloir changer,Aujourd'hui je veux changer.
aujourd hui tu vouloir aimer,Aujourd'hui tu veux aimer.
aujourd hui nous vouloir aimer,Aujourd'hui nous voulons aimer.
aujourd hui ami vouloir aimer,Aujourd'hui mon ami veut aimer.
comment moi vouloir aimer,Comment je veux aimer ?
comment tu vouloir attendre,Comment tu veux attendre ?
comment nous vouloir comprendre,Comment nous voulons comprendre ?
bonjour moi vouloir aimer,Bonjour je veux aimer !
bonjour moi vouloir attendre,Bonjour je veux attendre !
merci moi vouloir comprendre,Merci je veux comprendre !
au revoir moi vouloir changer,Au revoir je veux changer !
ami apprendre bien,Mon ami apprend bien.
ami apprendre bientot,Mon ami apprend bientôt.
ami apprendre ici,Mon ami apprend ici.
ami comprendre bien,Mon ami comprend bien.
ami comprendre bientot,Mon ami comprend bientôt.
ami changer bien,Mon ami change bien.
ami changer bientot,Mon ami change bientôt.
ami vouloir bien,Mon ami veut bien.
ami vouloir ici,Mon ami veut ici.
ami attendre bien,Mon ami attend bien.
ami attendre bientot,Mon ami attend bientôt.
ami donner bien,Mon ami donne bien.
ami non apprendre bien,Mon ami n'apprend pas bien.
ami non comprendre bientot,Mon ami ne comprend pas bientôt.
ami non changer bien,Mon ami ne change pas bien.
ami non attendre bien,Mon ami n'attend pas bien.
ami manger avec tu bientot,Mon ami mange avec toi bientôt.
ami manger avec nous bien,Mon ami mange avec nous bien.
ami boire avec tu bientot,Mon ami boit avec toi bientôt.
ami aller avec bebe bientot,Mon ami part avec le bébé bientôt.
ami apprendre avec tu bien,Mon ami apprend avec toi bien.
ami aimer amour bien,Mon ami aime bien de l'amour.
ami aimer aide bientot,Mon ami aime de l'aide bientôt.
ami attendre bebe bientot,Mon ami attend le bébé bientôt.
ami attendre chat bien,Mon ami attend le chat bien.
ami donner aide bebe bien,Mon ami donne de l'aide au bébé bien.
ami donner amour tu bientot,Mon ami te donne de l'amour bientôt.
ami non aimer amour bien,Mon ami n'aime pas bien de l'amour.
ami non attendre bebe bientot,Mon ami n'attend pas le bébé bientôt.
ami non donner aide moi,Mon ami ne me donne pas d'aide.
moi bon,Je vais bien.
tu bon,Tu vas bien.
nous bon,Nous allons bien.
ami bon,Mon ami va bien.
bebe bon,Le bébé va bien.
chat bon,Le chat va bien.
moi non bon,Je ne vais pas bien.
tu non bon,Tu ne vas pas bien.
nous non bon,Nous n'allons pas bien.
ami non bon,Mon ami ne va pas bien.
comment moi bon,Comment je vais bien ?
comment tu bon,Comment tu vas bien ?
bonjour moi bon,Bonjour je vais bien !
bonjour tu bon,Bonjour tu vas bien !
merci moi bon,Merci je vais bien !
au revoir moi bon,Au revoir je vais bien !
aujourd hui moi bon,Aujourd'hui je vais bien.
aujourd hui tu bon,Aujourd'hui tu vas bien.
aujourd hui nous bon,Aujourd'hui nous allons bien.
aujourd hui ami bon,Aujourd'hui mon ami va bien.
moi manger bon,Je mange bien.
tu manger bon,Tu manges bien.
nous manger bon,Nous mangeons bien.
ami manger bon,Mon ami mange bien.
moi boire bon,Je bois bien.
tu boire bon,Tu bois bien.
moi apprendre bon,J'apprends bien.
tu apprendre bon,Tu apprends bien.
moi aller bon,Je pars bien.
tu aller bon,Tu pars bien.
nous aller bon,Nous partons bien.
moi vouloir,Je veux.
tu vouloir,Tu veux.
nous vouloir,Nous voulons.
ami vouloir,Mon ami veut.
bebe vouloir,Le bébé veut.
chat vouloir,Le chat veut.
moi non vouloir,Je ne veux pas.
tu non vouloir,Tu ne veux pas.
nous non vouloir,Nous ne voulons pas.
ami non vouloir,Mon ami ne veut pas.
bebe non vouloir,Le bébé ne veut pas.
chat non vouloir,Le chat ne veut pas.
moi manger,Je mange.
moi boire,Je bois.
moi aller,Je pars.
moi apprendre,J'apprends.
moi comprendre,Je comprends.
moi changer,Je change.
moi aimer,J'aime.
moi donner,Je donne.
moi attendre,J'attends.
tu manger,Tu manges.
tu boire,Tu bois.
tu aller,Tu pars.
tu apprendre,Tu apprends.
tu comprendre,Tu comprends.
tu changer,Tu changes.
tu aimer,Tu aimes.
tu donner,Tu donnes.
tu attendre,Tu attends.
nous manger,Nous mangeons.
nous boire,Nous buvons.
nous aller,Nous partons.
nous apprendre,Nous apprenons.
nous comprendre,Nous comprenons.
nous changer,Nous changeons.
nous aimer,Nous aimons.
nous donner,Nous donnons.
nous attendre,Nous attendons.
ami manger,Mon ami mange.
ami boire,Mon ami boit.
ami aller,Mon ami part.
ami apprendre,Mon ami apprend.
ami comprendre,Mon ami comprend.
ami changer,Mon ami change.
ami aimer,Mon ami aime.
ami donner,Mon ami donne.
ami attendre,Mon ami attend.
bebe manger,Le bébé mange.
bebe boire,Le bébé boit.
bebe aller,Le bébé part.
bebe apprendre,Le bébé apprend.
bebe aimer,Le bébé aime.
bebe attendre,Le bébé attend.
chat manger,Le chat mange.
chat boire,Le chat boit.
chat aller,Le chat part.
chat apprendre,Le chat apprend.
chat aimer,Le chat aime.
chat attendre,Le chat attend.
moi non manger,Je ne mange pas.
moi non boire,Je ne bois pas.
moi non aller,Je ne pars pas.
moi non apprendre,Je n'apprends pas.
moi non comprendre,Je ne comprends pas.
moi non changer,Je ne change pas.
moi non aimer,Je n'aime pas.
moi non donner,Je ne donne pas.
moi non attendre,Je n'attends pas.
tu non manger,Tu ne manges pas.
tu non boire,Tu ne bois pas.
tu non aller,Tu ne pars pas.
tu non apprendre,Tu n'apprends pas.
tu non comprendre,Tu ne comprends pas.
tu non changer,Tu ne changes pas.
tu non aimer,Tu n'aimes pas.
tu non donner,Tu ne donnes pas.
tu non attendre,Tu n'attends pas.
nous non manger,Nous ne mangeons pas.
nous non boire,Nous ne buvons pas.
nous non aller,Nous ne partons pas.
nous non apprendre,Nous n'apprenons pas.
nous non comprendre,Nous ne comprenons pas.
nous non changer,Nous ne changeons pas.
nous non aimer,Nous n'aimons pas.
nous non donner,Nous ne donnons pas.
nous non attendre,Nous n'attendons pas.
ami non manger,Mon ami ne mange pas.
ami non boire,Mon ami ne boit pas.
ami non aller,Mon ami ne part pas.
ami non apprendre,Mon ami n'apprend pas.
ami non comprendre,Mon ami ne comprend pas.
ami non changer,Mon ami ne change pas.
ami non aimer,Mon ami n'aime pas.
ami non donner,Mon ami ne donne pas.
ami non attendre,Mon ami n'attend pas.
bebe non manger,Le bébé ne mange pas.
bebe non boire,Le bébé ne boit pas.
bebe non aller,Le bébé ne part pas.
bebe non apprendre,Le bébé n'apprend pas.
bebe non aimer,Le bébé n'aime pas.
chat non manger,Le chat ne mange pas.
chat non boire,Le chat ne boit pas.
chat non aller,Le chat ne part pas.
chat non apprendre,Le chat n'apprend pas.
chat non aimer,Le chat n'aime pas.
moi manger avec ami aujourd hui,Aujourd'hui je mange avec mon ami.
moi boire avec tu aujourd hui,Aujourd'hui je bois avec toi.
moi aller avec ami aujourd hui,Aujourd'hui je pars avec mon ami.
moi apprendre avec tu aujourd hui,Aujourd'hui j'apprends avec toi.
tu manger avec moi aujourd hui,Aujourd'hui tu manges avec moi.
tu aller avec nous aujourd hui,Aujourd'hui tu pars avec nous.
nous manger avec ami aujourd hui,Aujourd'hui nous mangeons avec mon ami.
nous apprendre avec tu aujourd hui,Aujourd'hui nous apprenons avec toi.
ami manger avec moi aujourd hui,Aujourd'hui mon ami mange avec moi.
moi manger ami aujourd hui,Aujourd'hui je mange mon ami.
moi aimer chat aujourd hui,Aujourd'hui j'aime le chat.
moi attendre ami aujourd hui,Aujourd'hui j'attends mon ami.
tu aimer bebe aujourd hui,Aujourd'hui tu aimes le bébé.
nous aimer ami aujourd hui,Aujourd'hui nous aimons mon ami.
moi donner aide ami aujourd hui,Aujourd'hui je donne de l'aide à mon ami.
tu donner amour bebe aujourd hui,Aujourd'hui tu donnes de l'amour au bébé.
moi non manger aujourd hui,Aujourd'hui je ne mange pas.
moi non boire aujourd hui,Aujourd'hui je ne bois pas.
moi non aller aujourd hui,Aujourd'hui je ne pars pas.
moi non apprendre aujourd hui,Aujourd'hui je n'apprends pas.
tu non manger aujourd hui,Aujourd'hui tu ne manges pas.
nous non manger aujourd hui,Aujourd'hui nous ne mangeons pas.
ami non manger aujourd hui,Aujourd'hui mon ami ne mange pas.
moi non aimer chat aujourd hui,Aujourd'hui je n'aime pas le chat.
tu non attendre ami aujourd hui,Aujourd'hui tu n'attends pas mon ami.
moi non manger avec ami aujourd hui,Aujourd'hui je ne mange pas avec mon ami.
moi aimer moi,J'aime.
moi aimer amour avec ami,J'aime de l'amour avec mon ami.
moi aimer amour avec tu,J'aime de l'amour avec toi.
moi aimer aide avec ami,J'aime de l'aide avec mon ami.
tu aimer amour avec moi,Tu aimes de l'amour avec moi.
nous aimer amour avec ami,Nous aimons de l'amour avec mon ami.
ami aimer amour avec moi,Mon ami aime de l'amour avec moi.
moi aimer ami avec bebe,J'aime mon ami avec le bébé.
moi aimer chat avec bebe,J'aime le chat avec le bébé.
tu aimer chat avec bebe,Tu aimes le chat avec le bébé.
moi aimer bebe avec chat,J'aime le bébé avec le chat.
moi aimer ami bientot,J'aime mon ami bientôt.
moi aimer chat ici,J'aime le chat ici.
moi aimer bebe ici,J'aime le bébé ici.
tu aimer ami bientot,Tu aimes mon ami bientôt.
tu aimer amour ici,Tu aimes de l'amour ici.
nous aimer bebe bientot,Nous aimons le bébé bientôt.
nous aimer ami ici,Nous aimons mon ami ici.
ami aimer moi bientot,Mon ami m'aime bientôt.
ami aimer tu ici,Mon ami t'aime ici.
bebe aimer moi bientot,Le bébé m'aime bientôt.
chat aimer moi ici,Le chat m'aime ici.
moi non aimer amour avec ami,Je n'aime pas de l'amour avec mon ami.
moi non aimer aide bientot,Je n'aime pas de l'aide bientôt.
tu non aimer amour ici,Tu n'aimes pas de l'amour ici.
moi vouloir apprendre avec ami bientot,Je veux apprendre avec mon ami bientôt.
moi vouloir apprendre avec tu bien,Je veux apprendre avec toi bien.
moi vouloir comprendre avec ami bien,Je veux comprendre avec mon ami bien.
moi vouloir aller avec ami bientot,Je veux aller avec mon ami bientôt.
moi vouloir manger avec ami ici,Je veux manger avec mon ami ici.
moi vouloir boire avec tu bientot,Je veux boire avec toi bientôt.
tu vouloir apprendre avec moi bientot,Tu veux apprendre avec moi bientôt.
tu vouloir aller avec ami bien,Tu veux aller avec mon ami bien.
tu vouloir manger avec moi ici,Tu veux manger avec moi ici.
nous vouloir apprendre avec ami bien,Nous voulons apprendre avec mon ami bien.
nous vouloir aller avec ami bientot,Nous voulons aller avec mon ami bientôt.
nous vouloir manger avec tu ici,Nous voulons manger avec toi ici.
ami vouloir apprendre avec moi bien,Mon ami veut apprendre avec moi bien.
ami vouloir aller avec tu bientot,Mon ami veut aller avec toi bientôt.
bebe vouloir manger avec ami bientot,Le bébé veut manger avec mon ami bientôt.
chat vouloir manger avec moi bien,Le chat veut manger avec moi bien.
moi non vouloir apprendre avec ami,Je ne veux pas apprendre avec mon ami.
moi non vouloir aller avec tu,Je ne veux pas aller avec toi.
tu non vouloir manger avec moi,Tu ne veux pas manger avec moi.
nous non vouloir apprendre avec ami,Nous ne voulons pas apprendre avec mon ami.
ami non vouloir aller avec moi,Mon ami ne veut pas aller avec moi.
aujourd hui moi vouloir apprendre avec ami bien,Aujourd'hui je veux apprendre avec mon ami bien.
aujourd hui tu vouloir aller avec nous bientot,Aujourd'hui tu veux aller avec nous bientôt.
aujourd hui nous vouloir manger avec ami ici,Aujourd'hui nous voulons manger avec mon ami ici.
bonjour moi apprendre avec ami bien,Bonjour j'apprends avec mon ami bien !
bonjour moi aller avec ami bientot,Bonjour je pars avec mon ami bientôt !
bonjour moi aimer chat bien,Bonjour j'aime bien le chat !
bonjour moi aimer ami bientot,Bonjour j'aime mon ami bientôt !
bonjour moi attendre ami bientot,Bonjour j'attends mon ami bientôt !
bonjour moi donner aide ami bien,Bonjour je donne de l'aide à mon ami bien !
bonjour tu apprendre avec moi bientot,Bonjour tu apprends avec moi bientôt !
bonjour tu aimer bebe bien,Bonjour tu aimes bien le bébé !
bonjour nous apprendre avec ami bien,Bonjour nous apprenons avec mon ami bien !
bonjour nous aller avec ami bientot,Bonjour nous partons avec mon ami bientôt !
bonjour ami manger avec moi bientot,Bonjour mon ami mange avec moi bientôt !
merci moi apprendre avec ami bien,Merci j'apprends avec mon ami bien !
merci moi aimer chat bientot,Merci j'aime le chat bientôt !
merci moi attendre ami bien,Merci j'attends mon ami bien !
merci tu apprendre avec moi bientot,Merci tu apprends avec moi bientôt !
merci nous aller avec ami bientot,Merci nous partons avec mon ami bientôt !
au revoir moi apprendre avec ami bien,Au revoir j'apprends avec mon ami bien !
au revoir moi aller avec ami bientot,Au revoir je pars avec mon ami bientôt !
au revoir tu aller avec moi bientot,Au revoir tu pars avec moi bientôt !
au revoir nous aller avec ami bientot,Au revoir nous partons avec mon ami bientôt !
au revoir ami aller avec moi bien,Au revoir mon ami part avec moi bien !
aujourd hui moi non manger avec ami,Aujourd'hui je ne mange pas avec mon ami.
aujourd hui moi non boire avec tu,Aujourd'hui je ne bois pas avec toi.
aujourd hui moi non aller avec ami,Aujourd'hui je ne pars pas avec mon ami.
aujourd hui tu non manger avec moi,Aujourd'hui tu ne manges pas avec moi.
aujourd hui nous non manger avec ami,Aujourd'hui nous ne mangeons pas avec mon ami.
aujourd hui moi non aimer chat bien,Aujourd'hui je n'aime pas bien le chat.
aujourd hui tu non aimer bebe bientot,Aujourd'hui tu n'aimes pas le bébé bientôt.
aujourd hui moi non attendre ami,Aujourd'hui je n'attends pas mon ami.
aujourd hui moi non donner aide ami,Aujourd'hui je ne donne pas d'aide à mon ami.
aujourd hui tu non donner amour bebe,Aujourd'hui tu ne donnes pas d'amour au bébé.
aujourd hui moi non vouloir apprendre avec ami,Aujourd'hui je ne veux pas apprendre avec mon ami.
aujourd hui tu non vouloir aller avec nous,Aujourd'hui tu ne veux pas aller avec nous.
comment moi non manger avec ami,Comment je ne mange pas avec mon ami ?
comment tu non aller avec nous,Comment tu ne pars pas avec nous ?
comment moi non aimer chat bientot,Comment je n'aime pas le chat bientôt ?
comment tu non attendre ami bien,Comment tu n'attends pas mon ami bien ?
comment moi non vouloir apprendre avec ami,Comment je ne veux pas apprendre avec mon ami ?
bonjour moi non manger avec ami,Bonjour je ne mange pas avec mon ami !
bonjour tu non aller avec nous,Bonjour tu ne pars pas avec nous !
bonjour moi non aimer chat,Bonjour je n'aime pas le chat !
merci tu non apprendre avec moi,Merci tu n'apprends pas avec moi !
moi boire ici,Je bois ici.
tu boire ici,Tu bois ici.
nous boire ici,Nous buvons ici.
ami boire ici,Mon ami boit ici.
bebe boire ici,Le bébé boit ici.
chat boire ici,Le chat boit ici.
moi comprendre ici,Je comprends ici.
tu comprendre ici,Tu comprends ici.
moi changer ici,Je change ici.
tu changer ici,Tu changes ici.
nous changer ici,Nous changeons ici.
ami changer ici,Mon ami change ici.
moi donner ici,Je donne ici.
tu donner ici,Tu donnes ici.
nous donner ici,Nous donnons ici.
ami donner ici,Mon ami donne ici.
moi attendre ici,J'attends ici.
tu attendre ici,Tu attends ici.
nous attendre ici,Nous attendons ici.
ami attendre ici,Mon ami attend ici.
bebe attendre ici,Le bébé attend ici.
chat attendre ici,Le chat attend ici.
moi vouloir aimer bientot,Je veux aimer bientôt.
moi vouloir attendre bientot,Je veux attendre bientôt.
moi vouloir comprendre bientot,Je veux comprendre bientôt.
moi vouloir changer bientot,Je veux changer bientôt.
tu vouloir aimer bientot,Tu veux aimer bientôt.
tu vouloir comprendre ici,Tu veux comprendre ici.
nous vouloir aimer bientot,Nous voulons aimer bientôt.
nous vouloir comprendre ici,Nous voulons comprendre ici.
ami vouloir aimer bientot,Mon ami veut aimer bientôt.
ami vouloir comprendre ici,Mon ami veut comprendre ici.
moi aimer aide avec tu bien,J'aime de l'aide avec toi bien.
moi aimer aide avec ami bientot,J'aime de l'aide avec mon ami bientôt.
moi aimer amour avec ami bien,J'aime de l'amour avec mon ami bien.
tu aimer aide avec ami bientot,Tu aimes de l'aide avec mon ami bientôt.
nous aimer aide avec ami bien,Nous aimons de l'aide avec mon ami bien.
moi attendre ami avec tu bientot,J'attends mon ami avec toi bientôt.
moi attendre bebe avec ami bien,J'attends le bébé avec mon ami bien.
tu attendre moi avec ami bientot,Tu m'attends avec mon ami bientôt.
nous attendre ami avec tu bien,Nous attendons mon ami avec toi bien.
ami attendre moi avec tu bientot,Mon ami m'attend avec toi bientôt.
moi donner aide ami avec tu bien,Je donne de l'aide à mon ami avec toi bien.
moi donner amour bebe avec tu bientot,Je donne de l'amour au bébé avec toi bientôt.
tu donner aide moi avec ami bien,Tu me donnes de l'aide avec mon ami bien.
nous donner amour ami avec tu bientot,Nous donnons de l'amour à mon ami avec toi bientôt.
moi comprendre ami avec tu,Je comprends mon ami avec toi.
moi comprendre ami ici,Je comprends mon ami ici.
tu comprendre moi avec ami,Tu me comprends avec mon ami.
nous comprendre ami avec tu,Nous comprenons mon ami avec toi.
moi changer ami avec tu bientot,Je change mon ami avec toi bientôt.
tu changer moi avec ami bien,Tu me changes avec mon ami bien.
moi manger ami avec bebe bien,Je mange mon ami avec le bébé bien.
moi manger chat avec ami bientot,Je mange le chat avec mon ami bientôt.
tu manger bebe avec moi ici,Tu manges le bébé avec moi ici.
aujourd hui moi aimer aide avec ami,Aujourd'hui j'aime de l'aide avec mon ami.
aujourd hui moi attendre ami avec tu,Aujourd'hui j'attends mon ami avec toi.
aujourd hui moi donner aide ami avec tu,Aujourd'hui je donne de l'aide à mon ami avec toi.
aujourd hui moi donner amour bebe avec ami,Aujourd'hui je donne de l'amour au bébé avec mon ami.
aujourd hui tu attendre moi avec ami,Aujourd'hui tu m'attends avec mon ami.
aujourd hui nous donner amour ami avec tu,Aujourd'hui nous donnons de l'amour à mon ami avec toi.
aujourd hui moi comprendre ami ici,Aujourd'hui je comprends mon ami ici.
aujourd hui moi changer avec ami bientot,Aujourd'hui je change avec mon ami bientôt.
comment moi aimer aide avec ami,Comment j'aime de l'aide avec mon ami ?
comment moi attendre ami avec tu,Comment j'attends mon ami avec toi ?
comment moi donner aide ami avec tu,Comment je donne de l'aide à mon ami avec toi ?
comment tu donner amour bebe bien,Comment tu donnes de l'amour au bébé bien ?
comment nous donner amour ami avec tu,Comment nous donnons de l'amour à mon ami avec toi ?
comment moi comprendre ami ici,Comment je comprends mon ami ici ?
bonjour moi donner aide ami avec tu bien,Bonjour je donne de l'aide à mon ami avec toi bien !
bonjour moi attendre ami avec tu bientot,Bonjour j'attends mon ami avec toi bientôt !
merci moi donner amour bebe avec ami bien,Merci je donne de l'amour au bébé avec mon ami bien !
au revoir moi donner aide ami avec tu bientot,Au revoir je donne de l'aide à mon ami avec toi bientôt !
moi non aimer aide avec ami,Je n'aime pas de l'aide avec mon ami.
moi non aimer amour avec tu,Je n'aime pas de l'amour avec toi.
tu non aimer aide avec moi,Tu n'aimes pas de l'aide avec moi.
moi non attendre ami avec tu bientot,Je n'attends pas mon ami avec toi bientôt.
tu non attendre moi avec ami bien,Tu ne m'attends pas avec mon ami bien.
moi non comprendre ami ici,Je ne comprends pas mon ami ici.
tu non comprendre moi avec ami,Tu ne me comprends pas avec mon ami.
moi non changer avec ami bientot,Je ne change pas avec mon ami bientôt.
moi non donner aide ami avec tu,Je ne donne pas d'aide à mon ami avec toi.
tu non donner amour bebe avec ami,Tu ne donnes pas d'amour au bébé avec mon ami.
nous non donner amour ami avec tu,Nous ne donnons pas d'amour à mon ami avec toi.
aujourd hui moi non aimer aide avec ami,Aujourd'hui je n'aime pas de l'aide avec mon ami.
aujourd hui tu non attendre ami avec moi,Aujourd'hui tu n'attends pas mon ami avec moi.
aujourd hui moi non donner aide ami avec tu,Aujourd'hui je ne donne pas d'aide à mon ami avec toi.
comment moi non aimer aide avec ami,Comment je n'aime pas de l'aide avec mon ami ?
comment tu non attendre moi avec ami,Comment tu ne m'attends pas avec mon ami ?
bonjour moi non attendre ami avec tu,Bonjour je n'attends pas mon ami avec toi !
merci moi non donner aide ami avec tu,Merci je ne donne pas d'aide à mon ami avec toi !
moi vouloir apprendre avec ami ici,Je veux apprendre avec mon ami ici.
moi vouloir comprendre avec tu bientot,Je veux comprendre avec toi bientôt.
moi vouloir changer avec ami bientot,Je veux changer avec mon ami bientôt.
moi vouloir attendre avec ami bientot,Je veux attendre avec mon ami bientôt.
tu vouloir apprendre avec ami ici,Tu veux apprendre avec mon ami ici.
tu vouloir comprendre avec moi bientot,Tu veux comprendre avec moi bientôt.
nous vouloir comprendre avec ami bientot,Nous voulons comprendre avec mon ami bientôt.
nous vouloir changer avec tu bien,Nous voulons changer avec toi bien.
ami vouloir comprendre avec moi bien,Mon ami veut comprendre avec moi bien.
ami vouloir changer avec tu bientot,Mon ami veut changer avec toi bientôt.
moi vouloir apprendre avec ami ici bientot,Je veux apprendre avec mon ami ici bientôt.
moi non vouloir comprendre avec ami,Je ne veux pas comprendre avec mon ami.
moi non vouloir changer avec tu,Je ne veux pas changer avec toi.
tu non vouloir apprendre avec moi,Tu ne veux pas apprendre avec moi.
nous non vouloir comprendre avec ami,Nous ne voulons pas comprendre avec mon ami.
aujourd hui moi vouloir comprendre avec ami,Aujourd'hui je veux comprendre avec mon ami.
aujourd hui tu vouloir changer avec nous,Aujourd'hui tu veux changer avec nous.
comment moi vouloir comprendre avec ami,Comment je veux comprendre avec mon ami ?
comment tu vouloir changer avec moi,Comment tu veux changer avec moi ?
moi boire avec ami bientot,Je bois avec mon ami bientôt.
moi boire avec tu ici,Je bois avec toi ici.
moi boire avec nous bientot,Je bois avec nous bientôt.
tu boire avec moi bientot,Tu bois avec moi bientôt.
tu boire avec ami ici,Tu bois avec mon ami ici.
nous boire avec ami bientot,Nous buvons avec mon ami bientôt.
nous boire avec tu ici,Nous buvons avec toi ici.
ami boire avec moi bientot,Mon ami boit avec moi bientôt.
ami boire avec tu ici,Mon ami boit avec toi ici.
bebe boire avec ami bientot,Le bébé boit avec mon ami bientôt.
chat boire avec moi ici,Le chat boit avec moi ici.
moi non boire avec ami bientot,Je ne bois pas avec mon ami bientôt.
tu non boire avec moi ici,Tu ne bois pas avec moi ici.
moi boire avec ami bien,Je bois avec mon ami bien.
tu boire avec nous bien,Tu bois avec nous bien.
nous boire avec ami bien,Nous buvons avec mon ami bien.
aujourd hui moi boire avec ami,Aujourd'hui je bois avec mon ami.
aujourd hui tu boire avec nous,Aujourd'hui tu bois avec nous.
comment moi boire avec ami,Comment je bois avec mon ami ?
bonjour moi boire avec ami bientot,Bonjour je bois avec mon ami bientôt !
merci moi boire avec tu bientot,Merci je bois avec toi bientôt !
moi manger avec bebe bientot,Je mange avec le bébé bientôt.
moi manger avec chat ici,Je mange avec le chat ici.
moi aller avec bebe bientot,Je pars avec le bébé bientôt.
moi aller avec chat ici,Je pars avec le chat ici.
moi boire avec bebe bientot,Je bois avec le bébé bientôt.
moi boire avec chat ici,Je bois avec le chat ici.
moi apprendre avec bebe bien,J'apprends avec le bébé bien.
moi apprendre avec chat bientot,J'apprends avec le chat bientôt.
tu manger avec bebe bientot,Tu manges avec le bébé bientôt.
tu manger avec chat ici,Tu manges avec le chat ici.
tu aller avec bebe bien,Tu pars avec le bébé bien.
tu apprendre avec bebe ici,Tu apprends avec le bébé ici.
nous manger avec bebe bientot,Nous mangeons avec le bébé bientôt.
nous aller avec bebe bien,Nous partons avec le bébé bien.
nous apprendre avec bebe ici,Nous apprenons avec le bébé ici.
ami manger avec bebe bientot,Mon ami mange avec le bébé bientôt.
ami aller avec bebe bien,Mon ami part avec le bébé bien.
ami apprendre avec chat ici,Mon ami apprend avec le chat ici.
moi non manger avec bebe bientot,Je ne mange pas avec le bébé bientôt.
moi non aller avec chat ici,Je ne pars pas avec le chat ici.
tu non apprendre avec bebe bien,Tu n'apprends pas avec le bébé bien.
aujourd hui moi manger avec bebe,Aujourd'hui je mange avec le bébé.
aujourd hui moi aller avec chat,Aujourd'hui je pars avec le chat.
comment moi manger avec bebe,Comment je mange avec le bébé ?
bonjour moi manger avec bebe bientot,Bonjour je mange avec le bébé bientôt !
bebe apprendre avec moi bien,Le bébé apprend avec moi bien.
bebe apprendre avec ami bientot,Le bébé apprend avec mon ami bientôt.
bebe comprendre avec moi,Le bébé comprend avec moi.
bebe changer avec ami,Le bébé change avec mon ami.
bebe vouloir manger avec ami bientot,Le bébé veut manger avec mon ami bientôt.
bebe vouloir boire avec moi bien,Le bébé veut boire avec moi bien.
bebe vouloir aller avec ami bientot,Le bébé veut aller avec mon ami bientôt.
bebe vouloir apprendre avec moi bien,Le bébé veut apprendre avec moi bien.
bebe non manger avec ami,Le bébé ne mange pas avec mon ami.
bebe non aller avec moi,Le bébé ne part pas avec moi.
bebe non vouloir manger avec ami,Le bébé ne veut pas manger avec mon ami.
chat apprendre avec moi bien,Le chat apprend avec moi bien.
chat apprendre avec ami bientot,Le chat apprend avec mon ami bientôt.
chat comprendre avec moi,Le chat comprend avec moi.
chat changer avec ami,Le chat change avec mon ami.
chat vouloir manger avec ami bientot,Le chat veut manger avec mon ami bientôt.
chat vouloir boire avec moi bien,Le chat veut boire avec moi bien.
chat vouloir aller avec ami bientot,Le chat veut aller avec mon ami bientôt.
chat vouloir apprendre avec moi bien,Le chat veut apprendre avec moi bien.
chat non manger avec ami,Le chat ne mange pas avec mon ami.
chat non aller avec moi,Le chat ne part pas avec moi.
chat non vouloir manger avec ami,Le chat ne veut pas manger avec mon ami.
aujourd hui bebe apprendre avec moi,Aujourd'hui le bébé apprend avec moi.
aujourd hui bebe vouloir manger avec ami,Aujourd'hui le bébé veut manger avec mon ami.
aujourd hui bebe non manger avec ami,Aujourd'hui le bébé ne mange pas avec mon ami.
aujourd hui chat apprendre avec moi,Aujourd'hui le chat apprend avec moi.
aujourd hui chat vouloir manger avec ami,Aujourd'hui le chat veut manger avec mon ami.
aujourd hui chat non aller avec moi,Aujourd'hui le chat ne part pas avec moi.
comment bebe apprendre avec moi,Comment le bébé apprend avec moi ?
comment bebe vouloir manger avec ami,Comment le bébé veut manger avec mon ami ?
comment chat apprendre avec moi,Comment le chat apprend avec moi ?
comment chat vouloir manger avec ami,Comment le chat veut manger avec mon ami ?
bonjour bebe apprendre avec moi bien,Bonjour le bébé apprend avec moi bien !
bonjour bebe vouloir manger avec ami bientot,Bonjour le bébé veut manger avec mon ami bientôt !
bonjour chat apprendre avec moi bientot,Bonjour le chat apprend avec moi bientôt !
merci bebe apprendre avec ami bien,Merci le bébé apprend avec mon ami bien !
merci chat vouloir aller avec ami bientot,Merci le chat veut aller avec mon ami bientôt !
moi apprendre bebe,J'apprends avec le bébé.
moi apprendre chat,J'apprends avec le chat.
moi comprendre bebe,Je comprends avec le bébé.
moi comprendre chat,Je comprends avec le chat.
tu apprendre bebe,Tu apprends avec le bébé.
tu comprendre chat,Tu comprends avec le chat.
nous apprendre bebe,Nous apprenons avec le bébé.
nous comprendre bebe,Nous comprenons avec le bébé.
moi changer bebe,Je change le bébé.
moi changer chat,Je change le chat.
tu changer bebe,Tu changes le bébé.
nous changer bebe,Nous changeons le bébé.
ami changer bebe,Mon ami change le bébé.
moi non apprendre bebe,Je n'apprends pas avec le bébé.
moi non comprendre chat,Je ne comprends pas avec le chat.
tu non changer bebe,Tu ne changes pas le bébé.
moi attendre chat bientot,J'attends le chat bientôt.
tu attendre bebe bientot,Tu attends le bébé bientôt.
nous attendre chat bientot,Nous attendons le chat bientôt.
ami attendre bebe bientot,Mon ami attend le bébé bientôt.
moi non attendre chat,Je n'attends pas le chat.
tu non attendre bebe,Tu n'attends pas le bébé.
nous non attendre chat,Nous n'attendons pas le chat.
ami non attendre bebe,Mon ami n'attend pas le bébé.
aujourd hui moi apprendre bebe,Aujourd'hui j'apprends avec le bébé.
aujourd hui moi comprendre chat,Aujourd'hui je comprends avec le chat.
aujourd hui tu attendre bebe,Aujourd'hui tu attends le bébé.
aujourd hui nous attendre chat,Aujourd'hui nous attendons le chat.
aujourd hui moi non attendre chat,Aujourd'hui je n'attends pas le chat.
comment moi attendre bebe,Comment j'attends le bébé ?
comment moi attendre chat,Comment j'attends le chat ?
comment tu apprendre bebe,Comment tu apprends avec le bébé ?
comment nous comprendre bebe,Comment nous comprenons avec le bébé ?
bonjour moi attendre bebe bientot,Bonjour j'attends le bébé bientôt !
bonjour moi attendre chat bien,Bonjour j'attends le chat bien !
merci moi apprendre bebe bien,Merci j'apprends avec le bébé bien !
moi donner aide bebe bientot,Je donne de l'aide au bébé bientôt.
moi donner aide chat bien,Je donne de l'aide au chat bien.
tu donner aide bebe bientot,Tu donnes de l'aide au bébé bientôt.
nous donner amour chat bientot,Nous donnons de l'amour au chat bientôt.
ami donner aide bebe bientot,Mon ami donne de l'aide au bébé bientôt.
moi non donner aide bebe bientot,Je ne donne pas d'aide au bébé bientôt.
tu non donner amour chat bien,Tu ne donnes pas d'amour au chat bien.
aujourd hui moi donner aide bebe,Aujourd'hui je donne de l'aide au bébé.
aujourd hui tu donner amour chat,Aujourd'hui tu donnes de l'amour au chat.
comment moi donner aide bebe,Comment je donne de l'aide au bébé ?
bonjour moi donner aide bebe bientot,Bonjour je donne de l'aide au bébé bientôt !
moi manger bon,Je mange bien.
moi boire bon,Je bois bien.
moi aller bon,Je pars bien.
moi apprendre bon,J'apprends bien.
moi comprendre bon,Je comprends bien.
moi aimer bon,J'aime bien.
moi vouloir bon,Je veux bien.
moi attendre bon,J'attends bien.
tu manger bon,Tu manges bien.
tu boire bon,Tu bois bien.
tu aller bon,Tu pars bien.
tu apprendre bon,Tu apprends bien.
tu aimer bon,Tu aimes bien.
tu vouloir bon,Tu veux bien.
nous manger bon,Nous mangeons bien.
nous aller bon,Nous partons bien.
nous apprendre bon,Nous apprenons bien.
nous aimer bon,Nous aimons bien.
ami manger bon,Mon ami mange bien.
ami aller bon,Mon ami part bien.
ami apprendre bon,Mon ami apprend bien.
ami aimer bon,Mon ami aime bien.
bebe manger bon,Le bébé mange bien.
bebe boire bon,Le bébé boit bien.
chat manger bon,Le chat mange bien.
chat boire bon,Le chat boit bien.
aujourd hui moi manger bon,Aujourd'hui je mange bien.
aujourd hui moi aller bon,Aujourd'hui je pars bien.
aujourd hui tu manger bon,Aujourd'hui tu manges bien.
comment moi manger bon,Comment je mange bien ?
bonjour moi manger bon,Bonjour je mange bien !
merci moi apprendre bon,Merci j'apprends bien !
moi manger avec ami bon,Je mange avec mon ami bien.
moi boire avec tu bon,Je bois avec toi bien.
moi aller avec ami bon,Je pars avec mon ami bien.
moi apprendre avec tu bon,J'apprends avec toi bien.
tu manger avec moi bon,Tu manges avec moi bien.
nous aller avec ami bon,Nous partons avec mon ami bien.
ami manger avec moi bon,Mon ami mange avec moi bien.
moi aimer ami bon,J'aime bien mon ami.
moi aimer chat bon,J'aime bien le chat.
tu aimer bebe bon,Tu aimes bien le bébé.
moi attendre ami bon,J'attends bien mon ami.
moi donner aide ami bon,Je donne de l'aide à mon ami bien.
tu donner amour bebe bon,Tu donnes de l'amour au bébé bien.
moi manger avec ami bientot bon,Je mange avec mon ami bientôt bien.
moi non manger bon,Je ne mange pas bien.
tu non aller bon,Tu ne pars pas bien.
nous non apprendre bon,Nous n'apprenons pas bien.
ami non manger bon,Mon ami ne mange pas bien.
moi non aimer bon,Je n'aime pas bien.
moi vouloir manger bon,Je veux manger bien.
tu vouloir aller bon,Tu veux aller bien.
nous vouloir apprendre bon,Nous voulons apprendre bien.
ami vouloir manger bon,Mon ami veut manger bien.
aujourd hui moi manger avec ami bon,Aujourd'hui je mange avec mon ami bien.
bonjour moi manger avec ami bon,Bonjour je mange avec mon ami bien !
moi manger aujourd hui,Aujourd'hui je mange.
moi boire aujourd hui,Aujourd'hui je bois.
moi aller aujourd hui,Aujourd'hui je pars.
moi apprendre aujourd hui,Aujourd'hui j'apprends.
moi comprendre aujourd hui,Aujourd'hui je comprends.
moi changer aujourd hui,Aujourd'hui je change.
moi aimer aujourd hui,Aujourd'hui j'aime.
moi vouloir aujourd hui,Aujourd'hui je veux.
moi attendre aujourd hui,Aujourd'hui j'attends.
tu manger aujourd hui,Aujourd'hui tu manges.
tu boire aujourd hui,Aujourd'hui tu bois.
tu aller aujourd hui,Aujourd'hui tu pars.
tu apprendre aujourd hui,Aujourd'hui tu apprends.
tu vouloir aujourd hui,Aujourd'hui tu veux.
tu aimer aujourd hui,Aujourd'hui tu aimes.
nous manger aujourd hui,Aujourd'hui nous mangeons.
nous boire aujourd hui,Aujourd'hui nous buvons.
nous aller aujourd hui,Aujourd'hui nous partons.
nous apprendre aujourd hui,Aujourd'hui nous apprenons.
nous vouloir aujourd hui,Aujourd'hui nous voulons.
ami manger aujourd hui,Aujourd'hui mon ami mange.
ami boire aujourd hui,Aujourd'hui mon ami boit.
ami aller aujourd hui,Aujourd'hui mon ami part.
ami apprendre aujourd hui,Aujourd'hui mon ami apprend.
ami vouloir aujourd hui,Aujourd'hui mon ami veut.
bebe manger aujourd hui,Aujourd'hui le bébé mange.
bebe boire aujourd hui,Aujourd'hui le bébé boit.
bebe aller aujourd hui,Aujourd'hui le bébé part.
chat manger aujourd hui,Aujourd'hui le chat mange.
chat boire aujourd hui,Aujourd'hui le chat boit.
chat aller aujourd hui,Aujourd'hui le chat part.
moi manger avec ami aujourd hui bien,Aujourd'hui je mange avec mon ami bien.
moi boire avec tu aujourd hui bientot,Aujourd'hui je bois avec toi bientôt.
moi aller avec ami aujourd hui bientot,Aujourd'hui je pars avec mon ami bientôt.
moi apprendre avec tu aujourd hui bien,Aujourd'hui j'apprends avec toi bien.
tu manger avec moi aujourd hui bien,Aujourd'hui tu manges avec moi bien.
nous aller avec ami aujourd hui bientot,Aujourd'hui nous partons avec mon ami bientôt.
moi aimer chat aujourd hui bien,Aujourd'hui j'aime bien le chat.
moi aimer ami aujourd hui bientot,Aujourd'hui j'aime mon ami bientôt.
moi attendre ami aujourd hui bientot,Aujourd'hui j'attends mon ami bientôt.
moi donner aide ami aujourd hui bientot,Aujourd'hui je donne de l'aide à mon ami bientôt.
moi non manger avec ami aujourd hui,Aujourd'hui je ne mange pas avec mon ami.
moi non aimer chat aujourd hui,Aujourd'hui je n'aime pas le chat.
moi vouloir apprendre avec ami aujourd hui bien,Aujourd'hui je veux apprendre avec mon ami bien.
tu vouloir manger avec moi aujourd hui bientot,Aujourd'hui tu veux manger avec moi bientôt.
moi comprendre moi,Je comprends.
tu comprendre tu,Tu comprends.
moi changer moi,Je change.
ami changer ami,Mon ami change.
moi donner aide moi,Je donne de l'aide.
moi donner amour moi,Je donne de l'amour.
moi attendre moi,J'attends.
tu attendre tu,Tu attends.
moi aimer aide bientot,J'aime de l'aide bientôt.
moi aimer aide bien,J'aime bien de l'aide.
moi aimer aide ici,J'aime de l'aide ici.
tu aimer aide bientot,Tu aimes de l'aide bientôt.
nous aimer aide bien,Nous aimons bien de l'aide.
ami aimer aide bientot,Mon ami aime de l'aide bientôt.
bebe aimer aide bien,Le bébé aime bien de l'aide.
chat aimer aide bientot,Le chat aime de l'aide bientôt.
moi non aimer aide bien,Je n'aime pas bien de l'aide.
tu non aimer aide bientot,Tu n'aimes pas de l'aide bientôt.
moi aimer aide avec ami bien,J'aime de l'aide avec mon ami bien.
moi aimer aide avec tu bientot,J'aime de l'aide avec toi bientôt.
tu aimer aide avec moi bien,Tu aimes de l'aide avec moi bien.
moi aimer amour ici,J'aime de l'amour ici.
tu aimer amour ici,Tu aimes de l'amour ici.
nous aimer amour ici,Nous aimons de l'amour ici.
ami aimer amour ici,Mon ami aime de l'amour ici.
bebe aimer amour ici,Le bébé aime de l'amour ici.
chat aimer amour ici,Le chat aime de l'amour ici.
moi aimer amour avec ami ici,J'aime de l'amour avec mon ami ici.
moi aimer amour avec tu bientot,J'aime de l'amour avec toi bientôt.
tu aimer amour avec moi bien,Tu aimes de l'amour avec moi bien.
nous aimer amour avec ami bientot,Nous aimons de l'amour avec mon ami bientôt.
moi non aimer amour ici,Je n'aime pas de l'amour ici.
tu non aimer amour bientot,Tu n'aimes pas de l'amour bientôt.
nous non aimer amour ici,Nous n'aimons pas de l'amour ici.
moi donner aide bebe avec ami bientot,Je donne de l'aide au bébé avec mon ami bientôt.
moi donner aide chat avec tu bien,Je donne de l'aide au chat avec toi bien.
tu donner amour bebe avec moi bientot,Tu donnes de l'amour au bébé avec moi bientôt.
nous donner aide ami avec tu bien,Nous donnons de l'aide à mon ami avec toi bien.
ami donner amour bebe avec moi bientot,Mon ami donne de l'amour au bébé avec moi bientôt.
moi non donner aide bebe avec ami,Je ne donne pas d'aide au bébé avec mon ami.
tu non donner amour chat avec moi,Tu ne donnes pas d'amour au chat avec moi.
aujourd hui moi aimer amour avec ami,Aujourd'hui j'aime de l'amour avec mon ami.
aujourd hui moi donner aide bebe avec ami,Aujourd'hui je donne de l'aide au bébé avec mon ami.
comment moi aimer amour avec ami,Comment j'aime de l'amour avec mon ami ?
bonjour moi aimer amour avec ami bientot,Bonjour j'aime de l'amour avec mon ami bientôt !
moi vouloir manger bebe,Je veux le bébé.
moi vouloir manger chat,Je veux le chat.
moi vouloir manger ami,Je veux mon ami.
moi vouloir aide,Je veux de l'aide.
moi vouloir amour,Je veux de l'amour.
moi vouloir aide bientot,Je veux de l'aide bientôt.
moi vouloir aide bien,Je veux de l'aide bien.
moi vouloir aide ici,Je veux de l'aide ici.
moi vouloir amour bientot,Je veux de l'amour bientôt.
moi vouloir amour bien,Je veux de l'amour bien.
tu vouloir aide,Tu veux de l'aide.
tu vouloir amour,Tu veux de l'amour.
tu vouloir aide bientot,Tu veux de l'aide bientôt.
tu vouloir amour bientot,Tu veux de l'amour bientôt.
nous vouloir aide,Nous voulons de l'aide.
nous vouloir amour,Nous voulons de l'amour.
nous vouloir aide bientot,Nous voulons de l'aide bientôt.
ami vouloir aide,Mon ami veut de l'aide.
ami vouloir amour,Mon ami veut de l'amour.
ami vouloir aide bientot,Mon ami veut de l'aide bientôt.
bebe vouloir aide,Le bébé veut de l'aide.
bebe vouloir amour,Le bébé veut de l'amour.
chat vouloir aide,Le chat veut de l'aide.
chat vouloir amour,Le chat veut de l'amour.
moi non vouloir aide,Je ne veux pas d'aide.
moi non vouloir amour,Je ne veux pas d'amour.
tu non vouloir aide,Tu ne veux pas d'aide.
nous non vouloir aide,Nous ne voulons pas d'aide.
ami non vouloir aide,Mon ami ne veut pas d'aide.
bebe non vouloir aide,Le bébé ne veut pas d'aide.
aujourd hui moi vouloir aide,Aujourd'hui je veux de l'aide.
aujourd hui moi vouloir amour,Aujourd'hui je veux de l'amour.
aujourd hui moi vouloir aide bientot,Aujourd'hui je veux de l'aide bientôt.
aujourd hui tu vouloir aide,Aujourd'hui tu veux de l'aide.
aujourd hui nous vouloir aide,Aujourd'hui nous voulons de l'aide.
comment moi vouloir aide,Comment je veux de l'aide ?
comment tu vouloir amour,Comment tu veux de l'amour ?
bonjour moi vouloir aide bientot,Bonjour je veux de l'aide bientôt !
merci moi vouloir aide,Merci je veux de l'aide !
moi vouloir aide avec ami,Je veux de l'aide avec mon ami.
moi vouloir aide avec tu,Je veux de l'aide avec toi.
moi vouloir amour avec ami,Je veux de l'amour avec mon ami.
tu vouloir aide avec moi,Tu veux de l'aide avec moi.
nous vouloir aide avec ami,Nous voulons de l'aide avec mon ami.
moi non vouloir aide avec ami,Je ne veux pas d'aide avec mon ami.
tu non vouloir amour avec moi,Tu ne veux pas d'amour avec moi.
aujourd hui moi vouloir aide avec ami,Aujourd'hui je veux de l'aide avec mon ami.
comment moi vouloir aide avec ami,Comment je veux de l'aide avec mon ami ?
bonjour moi vouloir aide avec ami bientot,Bonjour je veux de l'aide avec mon ami bientôt !
moi non manger bebe bientot,Je ne mange pas le bébé bientôt.
moi non manger chat bien,Je ne mange pas le chat bien.
moi non manger ami ici,Je ne mange pas mon ami ici.
tu non manger bebe bientot,Tu ne manges pas le bébé bientôt.
nous non manger chat bien,Nous ne mangeons pas le chat bien.
ami non manger bebe bientot,Mon ami ne mange pas le bébé bientôt.
moi non comprendre ami bientot,Je ne comprends pas mon ami bientôt.
moi non comprendre bebe bien,Je ne comprends pas le bébé bien.
tu non comprendre moi bien,Tu ne me comprends pas bien.
nous non comprendre ami bientot,Nous ne comprenons pas mon ami bientôt.
moi non changer ami bien,Je ne change pas mon ami bien.
moi non changer bebe bientot,Je ne change pas le bébé bientôt.
tu non changer moi bientot,Tu ne me changes pas bientôt.
moi non attendre chat bien,Je n'attends pas le chat bien.
tu non attendre bebe bientot,Tu n'attends pas le bébé bientôt.
nous non attendre chat ici,Nous n'attendons pas le chat ici.
ami non attendre bebe bien,Mon ami n'attend pas le bébé bien.
moi non aimer aide avec ami bientot,Je n'aime pas de l'aide avec mon ami bientôt.
tu non aimer amour avec moi bien,Tu n'aimes pas de l'amour avec moi bien.
moi non donner aide chat avec ami,Je ne donne pas d'aide au chat avec mon ami.
moi apprendre avec ami aujourd hui bientot,Aujourd'hui j'apprends avec mon ami bientôt.
moi aller avec ami aujourd hui bientot,Aujourd'hui je pars avec mon ami bientôt.
moi aimer ami aujourd hui bien,Aujourd'hui j'aime bien mon ami.
moi attendre ami aujourd hui bientot,Aujourd'hui j'attends mon ami bientôt.
moi donner aide ami aujourd hui bien,Aujourd'hui je donne de l'aide à mon ami bien.
tu apprendre avec moi aujourd hui bien,Aujourd'hui tu apprends avec moi bien.
nous aller avec ami aujourd hui bientot,Aujourd'hui nous partons avec mon ami bientôt.
moi vouloir apprendre avec ami aujourd hui,Aujourd'hui je veux apprendre avec mon ami.
moi vouloir manger avec tu aujourd hui bientot,Aujourd'hui je veux manger avec toi bientôt.
tu vouloir aller avec nous aujourd hui bientot,Aujourd'hui tu veux aller avec nous bientôt.
moi non manger avec ami aujourd hui,Aujourd'hui je ne mange pas avec mon ami.
tu non apprendre avec moi aujourd hui,Aujourd'hui tu n'apprends pas avec moi.
moi non aimer chat aujourd hui bien,Aujourd'hui je n'aime pas bien le chat.
moi non attendre ami aujourd hui,Aujourd'hui je n'attends pas mon ami.
moi non vouloir apprendre aujourd hui,Aujourd'hui je ne veux pas apprendre.
moi aller,Je pars.
tu aller,Tu pars.
nous aller,Nous partons.
ami aller,Mon ami part.
bebe aller,Le bébé part.
chat aller,Le chat part.
moi non aller,Je ne pars pas.
tu non aller,Tu ne pars pas.
nous non aller,Nous ne partons pas.
ami non aller,Mon ami ne part pas.
bebe non aller,Le bébé ne part pas.
chat non aller,Le chat ne part pas.
moi comprendre,Je comprends.
tu comprendre,Tu comprends.
nous comprendre,Nous comprenons.
ami comprendre,Mon ami comprend.
bebe comprendre,Le bébé comprend.
chat comprendre,Le chat comprend.
moi non comprendre,Je ne comprends pas.
tu non comprendre,Tu ne comprends pas.
nous non comprendre,Nous ne comprenons pas.
ami non comprendre,Mon ami ne comprend pas.
moi changer,Je change.
tu changer,Tu changes.
nous changer,Nous changeons.
ami changer,Mon ami change.
moi non changer,Je ne change pas.
tu non changer,Tu ne changes pas.
nous non changer,Nous ne changeons pas.
ami non changer,Mon ami ne change pas.
moi donner,Je donne.
tu donner,Tu donnes.
nous donner,Nous donnons.
ami donner,Mon ami donne.
moi non donner,Je ne donne pas.
tu non donner,Tu ne donnes pas.
nous non donner,Nous ne donnons pas.
ami non donner,Mon ami ne donne pas.
bonjour moi non aller avec ami,Bonjour je ne pars pas avec mon ami !
bonjour moi non aimer chat bien,Bonjour je n'aime pas bien le chat !
bonjour moi non attendre ami bientot,Bonjour je n'attends pas mon ami bientôt !
bonjour tu non manger avec moi,Bonjour tu ne manges pas avec moi !
bonjour nous non apprendre avec ami,Bonjour nous n'apprenons pas avec mon ami !
merci moi non aller avec ami,Merci je ne pars pas avec mon ami !
merci moi non aimer chat,Merci je n'aime pas le chat !
merci tu non apprendre avec moi,Merci tu n'apprends pas avec moi !
au revoir moi non aller avec ami,Au revoir je ne pars pas avec mon ami !
au revoir tu non aller avec nous,Au revoir tu ne pars pas avec nous !
bonjour moi non vouloir manger avec ami,Bonjour je ne veux pas manger avec mon ami !
merci moi non vouloir aller bientot,Merci je ne veux pas aller bientôt !
comment moi non manger avec ami bientot,Comment je ne mange pas avec mon ami bientôt ?
comment tu non apprendre avec moi bien,Comment tu n'apprends pas avec moi bien ?
comment nous non aller avec ami,Comment nous ne partons pas avec mon ami ?
comment moi non vouloir manger avec ami,Comment je ne veux pas manger avec mon ami ?
comment bebe non manger avec moi,Comment le bébé ne mange pas avec moi ?
comment chat non aller avec ami,Comment le chat ne part pas avec mon ami ?
moi manger bientot aujourd hui,Aujourd'hui je mange bientôt.
moi boire bientot aujourd hui,Aujourd'hui je bois bientôt.
moi aller bientot aujourd hui,Aujourd'hui je pars bientôt.
moi apprendre bientot aujourd hui,Aujourd'hui j'apprends bientôt.
tu manger bientot aujourd hui,Aujourd'hui tu manges bientôt.
nous aller bientot aujourd hui,Aujourd'hui nous partons bientôt.
moi manger bien aujourd hui,Aujourd'hui je mange bien.
tu apprendre bien aujourd hui,Aujourd'hui tu apprends bien.
nous boire bien aujourd hui,Aujourd'hui nous buvons bien.
moi non manger bientot aujourd hui,Aujourd'hui je ne mange pas bientôt.
tu non aller bientot aujourd hui,Aujourd'hui tu ne pars pas bientôt.
moi manger avec ami bientot aujourd hui,Aujourd'hui je mange avec mon ami bientôt.
tu apprendre avec moi bien aujourd hui,Aujourd'hui tu apprends avec moi bien.
moi aimer ami bientot aujourd hui,Aujourd'hui j'aime mon ami bientôt.
moi attendre ami bientot aujourd hui,Aujourd'hui j'attends mon ami bientôt.
moi vouloir manger bientot aujourd hui,Aujourd'hui je veux manger bientôt.
tu vouloir apprendre bien aujourd hui,Aujourd'hui tu veux apprendre bien.
moi non manger ami,Je ne mange pas mon ami.
moi non manger bebe,Je ne mange pas le bébé.
moi non manger chat,Je ne mange pas le chat.
tu non manger ami,Tu ne manges pas mon ami.
tu non manger bebe,Tu ne manges pas le bébé.
tu non manger chat,Tu ne manges pas le chat.
nous non manger ami,Nous ne mangeons pas mon ami.
nous non manger bebe,Nous ne mangeons pas le bébé.
ami non manger bebe,Mon ami ne mange pas le bébé.
ami non manger chat,Mon ami ne mange pas le chat.
bebe non manger chat,Le bébé ne mange pas le chat.
chat non manger bebe,Le chat ne mange pas le bébé.
moi non comprendre bebe,Je ne comprends pas le bébé.
moi non comprendre chat,Je ne comprends pas le chat.
tu non comprendre moi,Tu ne me comprends pas.
nous non comprendre bebe,Nous ne comprenons pas le bébé.
ami non comprendre moi,Mon ami ne me comprend pas.
moi non changer bebe,Je ne change pas le bébé.
moi non changer chat,Je ne change pas le chat.
tu non changer moi,Tu ne me changes pas.
moi non attendre bebe,Je n'attends pas le bébé.
moi non attendre chat,Je n'attends pas le chat.
tu non attendre moi,Tu ne m'attends pas.
nous non attendre bebe,Nous n'attendons pas le bébé.
ami non attendre moi,Mon ami ne m'attend pas.
bebe non attendre moi,Le bébé ne m'attend pas.
chat non attendre moi,Le chat ne m'attend pas.
moi aimer bebe avec chat,J'aime le bébé avec le chat.
moi aimer chat avec bebe,J'aime le chat avec le bébé.
moi manger bebe avec chat,Je mange le bébé avec le chat.
tu aimer bebe avec chat,Tu aimes le bébé avec le chat.
nous aimer bebe avec chat,Nous aimons le bébé avec le chat.
moi attendre bebe avec chat,J'attends le bébé avec le chat.
moi attendre chat avec bebe,J'attends le chat avec le bébé.
tu attendre bebe avec chat,Tu attends le bébé avec le chat.
moi non aimer bebe avec chat,Je n'aime pas le bébé avec le chat.
moi non attendre bebe avec chat,Je n'attends pas le bébé avec le chat.
aujourd hui moi aimer bebe avec chat,Aujourd'hui j'aime le bébé avec le chat.
comment moi aimer bebe avec chat,Comment j'aime le bébé avec le chat ?
bonjour moi aimer bebe avec chat,Bonjour j'aime le bébé avec le chat !
moi aimer bebe avec chat bientot,J'aime le bébé avec le chat bientôt.
moi aimer bebe avec chat bien,J'aime bien le bébé avec le chat.
moi attendre bebe avec chat bientot,J'attends le bébé avec le chat bientôt.
moi comprendre bebe bientot,Je comprends le bébé bientôt.
moi comprendre chat ici,Je comprends le chat ici.
moi comprendre ami ici,Je comprends mon ami ici.
tu comprendre bebe bientot,Tu comprends le bébé bientôt.
nous comprendre bebe ici,Nous comprenons le bébé ici.
ami comprendre bebe bientot,Mon ami comprend le bébé bientôt.
moi changer bebe bientot,Je change le bébé bientôt.
moi changer chat bien,Je change le chat bien.
tu changer bebe bien,Tu changes le bébé bien.
nous changer bebe bientot,Nous changeons le bébé bientôt.
ami changer bebe bien,Mon ami change le bébé bien.
moi comprendre bebe avec ami,Je comprends le bébé avec mon ami.
moi comprendre chat avec tu,Je comprends le chat avec toi.
moi changer bebe avec ami,Je change le bébé avec mon ami.
tu changer bebe avec moi,Tu changes le bébé avec moi.
moi non comprendre bebe bientot,Je ne comprends pas le bébé bientôt.
moi non changer bebe bien,Je ne change pas le bébé bien.
aujourd hui moi comprendre bebe,Aujourd'hui je comprends le bébé.
aujourd hui moi changer bebe,Aujourd'hui je change le bébé.
comment moi comprendre bebe,Comment je comprends le bébé ?
comment moi changer bebe,Comment je change le bébé ?
bonjour moi comprendre bebe bientot,Bonjour je comprends le bébé bientôt !
bonjour moi aujourd hui apprendre avec ami,Bonjour aujourd'hui j'apprends avec mon ami !
bonjour moi aujourd hui aimer chat,Bonjour aujourd'hui j'aime le chat !
bonjour moi aujourd hui vouloir manger,Bonjour aujourd'hui je veux manger !
bonjour moi aujourd hui aller avec ami bientot,Bonjour aujourd'hui je pars avec mon ami bientôt !
merci moi aujourd hui apprendre bien,Merci aujourd'hui j'apprends bien !
merci tu aujourd hui vouloir apprendre avec moi,Merci aujourd'hui tu veux apprendre avec moi !
au revoir moi aujourd hui aller bientot,Au revoir aujourd'hui je pars bientôt !
au revoir nous aujourd hui aller avec ami,Au revoir aujourd'hui nous partons avec mon ami !
comment moi aujourd hui vouloir apprendre avec ami,Comment aujourd'hui je veux apprendre avec mon ami ?
comment tu aujourd hui manger avec nous,Comment aujourd'hui tu manges avec nous ?
bonjour moi aujourd hui non manger,Bonjour aujourd'hui je ne mange pas !
merci moi aujourd hui non aller avec ami,Merci aujourd'hui je ne pars pas avec mon ami !
moi donner aide chat bientot,Je donne de l'aide au chat bientôt.
moi donner aide chat bien,Je donne de l'aide au chat bien.
moi donner aide chat ici,Je donne de l'aide au chat ici.
tu donner aide chat bientot,Tu donnes de l'aide au chat bientôt.
nous donner aide chat bien,Nous donnons de l'aide au chat bien.
ami donner aide chat bientot,Mon ami donne de l'aide au chat bientôt.
moi donner amour chat bientot,Je donne de l'amour au chat bientôt.
moi donner amour chat bien,Je donne de l'amour au chat bien.
tu donner amour chat bientot,Tu donnes de l'amour au chat bientôt.
nous donner amour chat bien,Nous donnons de l'amour au chat bien.
ami donner amour chat bientot,Mon ami donne de l'amour au chat bientôt.
moi non donner aide chat bientot,Je ne donne pas d'aide au chat bientôt.
tu non donner amour chat bien,Tu ne donnes pas d'amour au chat bien.
moi donner aide chat avec tu,Je donne de l'aide au chat avec toi.
moi donner amour chat avec ami,Je donne de l'amour au chat avec mon ami.
aujourd hui moi donner aide chat,Aujourd'hui je donne de l'aide au chat.
aujourd hui tu donner amour chat,Aujourd'hui tu donnes de l'amour au chat.
comment moi donner aide chat,Comment je donne de l'aide au chat ?
bonjour moi donner aide chat bientot,Bonjour je donne de l'aide au chat bientôt !
moi manger ami bebe,Je mange mon ami le bébé.
moi manger ami chat,Je mange mon ami le chat.
moi manger bebe ami,Je mange le bébé mon ami.
tu manger ami bebe,Tu manges mon ami le bébé.
nous manger ami chat,Nous mangeons mon ami le chat.
moi aimer ami bebe,J'aime mon ami le bébé.
moi aimer ami chat,J'aime mon ami le chat.
moi aimer bebe chat,J'aime le bébé le chat.
tu aimer ami chat,Tu aimes mon ami le chat.
nous aimer ami bebe,Nous aimons mon ami le bébé.
ami aimer moi bebe,Mon ami m'aime le bébé.
moi attendre ami chat,J'attends mon ami le chat.
moi attendre bebe ami,J'attends le bébé mon ami.
tu attendre ami chat,Tu attends mon ami le chat.
moi non aimer ami bebe,Je n'aime pas mon ami le bébé.
moi non aimer ami chat,Je n'aime pas mon ami le chat.
moi non attendre ami chat,Je n'attends pas mon ami le chat.
comment moi manger ami,Comment je mange mon ami ?
comment moi manger bebe,Comment je mange le bébé ?
comment moi manger chat,Comment je mange le chat ?
comment tu manger ami,Comment tu manges mon ami ?
comment nous manger bebe,Comment nous mangeons le bébé ?
comment moi aimer bebe,Comment j'aime le bébé ?
comment moi aimer amour,Comment j'aime de l'amour ?
comment moi aimer aide,Comment j'aime de l'aide ?
comment tu aimer ami,Comment tu aimes mon ami ?
comment nous aimer bebe,Comment nous aimons le bébé ?
comment ami aimer chat,Comment mon ami aime le chat ?
comment moi attendre bebe,Comment j'attends le bébé ?
comment moi attendre chat,Comment j'attends le chat ?
comment tu attendre bebe,Comment tu attends le bébé ?
comment nous attendre ami,Comment nous attendons mon ami ?
comment moi donner aide bebe,Comment je donne de l'aide au bébé ?
comment moi donner amour chat,Comment je donne de l'amour au chat ?
comment tu donner aide bebe,Comment tu donnes de l'aide au bébé ?
comment nous donner amour ami,Comment nous donnons de l'amour à mon ami ?
comment moi comprendre bebe,Comment je comprends le bébé ?
comment moi changer bebe,Comment je change le bébé ?
comment moi non manger ami,Comment je ne mange pas mon ami ?
comment moi non aimer bebe,Comment je n'aime pas le bébé ?
comment moi non attendre ami,Comment je n'attends pas mon ami ?
comment tu non aimer chat,Comment tu n'aimes pas le chat ?
bonjour moi manger ami,Bonjour je mange mon ami !
bonjour moi manger bebe,Bonjour je mange le bébé !
bonjour moi manger chat,Bonjour je mange le chat !
bonjour moi aimer bebe,Bonjour j'aime le bébé !
bonjour moi aimer amour,Bonjour j'aime de l'amour !
bonjour moi aimer aide,Bonjour j'aime de l'aide !
bonjour tu aimer ami,Bonjour tu aimes mon ami !
bonjour nous aimer bebe,Bonjour nous aimons le bébé !
bonjour moi attendre bebe,Bonjour j'attends le bébé !
bonjour moi attendre chat,Bonjour j'attends le chat !
bonjour tu attendre ami,Bonjour tu attends mon ami !
bonjour moi donner aide bebe,Bonjour je donne de l'aide au bébé !
bonjour moi donner amour chat,Bonjour je donne de l'amour au chat !
bonjour tu donner aide moi,Bonjour tu me donnes de l'aide !
bonjour moi comprendre bebe,Bonjour je comprends le bébé !
bonjour moi changer bebe,Bonjour je change le bébé !
merci moi manger ami,Merci je mange mon ami !
merci moi aimer bebe,Merci j'aime le bébé !
merci moi attendre chat,Merci j'attends le chat !
merci moi donner aide bebe,Merci je donne de l'aide au bébé !
merci tu donner amour moi,Merci tu me donnes de l'amour !
au revoir moi aimer ami,Au revoir j'aime mon ami !
au revoir moi aimer amour,Au revoir j'aime de l'amour !
au revoir tu attendre moi,Au revoir tu m'attends !
aujourd hui moi manger ami,Aujourd'hui je mange mon ami.
aujourd hui moi manger bebe,Aujourd'hui je mange le bébé.
aujourd hui moi manger chat,Aujourd'hui je mange le chat.
aujourd hui tu manger bebe,Aujourd'hui tu manges le bébé.
aujourd hui nous manger ami,Aujourd'hui nous mangeons mon ami.
aujourd hui moi aimer bebe,Aujourd'hui j'aime le bébé.
aujourd hui moi aimer amour,Aujourd'hui j'aime de l'amour.
aujourd hui tu aimer ami,Aujourd'hui tu aimes mon ami.
aujourd hui nous aimer bebe,Aujourd'hui nous aimons le bébé.
aujourd hui moi attendre bebe,Aujourd'hui j'attends le bébé.
aujourd hui moi attendre chat,Aujourd'hui j'attends le chat.
aujourd hui tu attendre ami,Aujourd'hui tu attends mon ami.
aujourd hui moi donner aide bebe,Aujourd'hui je donne de l'aide au bébé.
aujourd hui moi donner amour chat,Aujourd'hui je donne de l'amour au chat.
aujourd hui tu donner aide moi,Aujourd'hui tu me donnes de l'aide.
aujourd hui moi comprendre bebe,Aujourd'hui je comprends le bébé.
aujourd hui moi changer bebe,Aujourd'hui je change le bébé.
aujourd hui moi non manger ami,Aujourd'hui je ne mange pas mon ami.
aujourd hui tu non aimer bebe,Aujourd'hui tu n'aimes pas le bébé.
aujourd hui moi non attendre chat,Aujourd'hui je n'attends pas le chat.
aujourd hui nous non donner aide bebe,Aujourd'hui nous ne donnons pas d'aide au bébé.
moi manger ami bientot,Je mange mon ami bientôt.
moi manger bebe bien,Je mange le bébé bien.
moi manger chat bientot,Je mange le chat bientôt.
tu manger ami bien,Tu manges mon ami bien.
nous manger bebe bientot,Nous mangeons le bébé bientôt.
ami manger chat bientot,Mon ami mange le chat bientôt.
moi aimer bebe bientot,J'aime le bébé bientôt.
moi aimer aide bientot,J'aime de l'aide bientôt.
moi aimer amour bientot,J'aime de l'amour bientôt.
tu aimer chat bientot,Tu aimes le chat bientôt.
nous aimer ami bientot,Nous aimons mon ami bientôt.
ami aimer bebe bien,Mon ami aime le bébé bien.
moi attendre ami ici,J'attends mon ami ici.
moi attendre bebe ici,J'attends le bébé ici.
moi attendre chat ici,J'attends le chat ici.
tu attendre ami ici,Tu attends mon ami ici.
nous attendre bebe ici,Nous attendons le bébé ici.
ami attendre moi ici,Mon ami m'attend ici.
moi donner aide ami ici,Je donne de l'aide à mon ami ici.
moi donner amour bebe ici,Je donne de l'amour au bébé ici.
tu donner aide moi ici,Tu me donnes de l'aide ici.
moi non manger ami bientot,Je ne mange pas mon ami bientôt.
moi non aimer bebe bientot,Je n'aime pas le bébé bientôt.
tu non attendre moi ici,Tu ne m'attends pas ici.
moi manger ami avec bebe,Je mange mon ami avec le bébé.
moi manger bebe avec chat,Je mange le bébé avec le chat.
moi manger chat avec ami,Je mange le chat avec mon ami.
tu manger ami avec nous,Tu manges mon ami avec nous.
moi aimer aide avec tu bientot,J'aime de l'aide avec toi bientôt.
moi aimer aide avec ami bien,J'aime de l'aide avec mon ami bien.
tu aimer aide avec moi bientot,Tu aimes de l'aide avec moi bientôt.
moi aimer amour avec tu bien,J'aime de l'amour avec toi bien.
moi aimer bebe avec ami bientot,J'aime le bébé avec mon ami bientôt.
moi aimer chat avec tu bien,J'aime le chat avec toi bien.
tu aimer ami avec bebe bien,Tu aimes mon ami avec le bébé bien.
nous aimer bebe avec ami bientot,Nous aimons le bébé avec mon ami bientôt.
moi attendre bebe avec ami bientot,J'attends le bébé avec mon ami bientôt.
moi attendre chat avec tu bien,J'attends le chat avec toi bien.
tu attendre ami avec nous bientot,Tu attends mon ami avec nous bientôt.
moi donner aide bebe avec ami,Je donne de l'aide au bébé avec mon ami.
moi donner amour chat avec tu,Je donne de l'amour au chat avec toi.
tu donner aide ami avec nous,Tu donnes de l'aide à mon ami avec nous.
moi non manger ami avec bebe,Je ne mange pas mon ami avec le bébé.
moi non aimer aide avec tu bientot,Je n'aime pas de l'aide avec toi bientôt.
bebe aimer chat avec moi,Le bébé aime le chat avec moi.
bebe aimer amour avec ami,Le bébé aime de l'amour avec mon ami.
bebe aimer aide avec tu,Le bébé aime de l'aide avec toi.
bebe attendre ami avec moi,Le bébé attend mon ami avec moi.
bebe attendre chat avec ami,Le bébé attend le chat avec mon ami.
bebe vouloir apprendre avec moi bientot,Le bébé veut apprendre avec moi bientôt.
bebe vouloir aller avec ami bien,Le bébé veut aller avec mon ami bien.
bebe non aimer chat avec moi,Le bébé n'aime pas le chat avec moi.
bebe non attendre ami,Le bébé n'attend pas mon ami.
bebe non vouloir apprendre avec moi,Le bébé ne veut pas apprendre avec moi.
chat aimer bebe avec moi,Le chat aime le bébé avec moi.
chat aimer amour avec ami,Le chat aime de l'amour avec mon ami.
chat aimer aide avec tu,Le chat aime de l'aide avec toi.
chat attendre ami avec moi,Le chat attend mon ami avec moi.
chat attendre bebe avec ami,Le chat attend le bébé avec mon ami.
chat vouloir apprendre avec moi bientot,Le chat veut apprendre avec moi bientôt.
chat vouloir aller avec ami bien,Le chat veut aller avec mon ami bien.
chat non aimer bebe avec moi,Le chat n'aime pas le bébé avec moi.
chat non attendre ami,Le chat n'attend pas mon ami.
chat non vouloir aller avec moi,Le chat ne veut pas aller avec moi.
moi manger avec moi,Je mange avec moi.
tu manger avec tu,Tu manges avec toi.
nous manger avec nous,Nous mangeons avec nous.
moi boire avec moi,Je bois avec moi.
moi aller avec moi,Je pars avec moi.
moi apprendre avec moi,J'apprends avec moi.
moi non manger avec moi,Je ne mange pas avec moi.
tu non manger avec tu,Tu ne manges pas avec toi.
moi donner aide moi,Je donne de l'aide.
tu donner aide tu,Tu donnes de l'aide.
nous donner aide nous,Nous donnons de l'aide.
ami donner aide ami,Mon ami donne de l'aide.
moi donner amour moi,Je donne de l'amour.
tu donner amour tu,Tu donnes de l'amour.
nous donner amour nous,Nous donnons de l'amour.
moi non donner aide moi,Je ne donne pas d'aide.
moi non donner amour moi,Je ne donne pas d'amour.
bonjour moi aimer aide avec ami bientot,Bonjour j'aime de l'aide avec mon ami bientôt !
bonjour moi aimer amour avec tu bien,Bonjour j'aime de l'amour avec toi bien !
bonjour moi attendre ami avec tu bientot,Bonjour j'attends mon ami avec toi bientôt !
bonjour moi donner aide bebe avec ami,Bonjour je donne de l'aide au bébé avec mon ami !
bonjour tu aimer aide avec moi bientot,Bonjour tu aimes de l'aide avec moi bientôt !
merci moi aimer aide avec ami bien,Merci j'aime de l'aide avec mon ami bien !
merci moi attendre bebe avec ami bientot,Merci j'attends le bébé avec mon ami bientôt !
au revoir moi aimer amour avec ami bientot,Au revoir j'aime de l'amour avec mon ami bientôt !
au revoir moi attendre ami avec tu bientot,Au revoir j'attends mon ami avec toi bientôt !
comment moi aimer aide avec ami bientot,Comment j'aime de l'aide avec mon ami bientôt ?
comment moi attendre ami avec tu bientot,Comment j'attends mon ami avec toi bientôt ?
comment moi donner aide bebe avec ami,Comment je donne de l'aide au bébé avec mon ami ?
aujourd hui moi aimer aide avec ami bientot,Aujourd'hui j'aime de l'aide avec mon ami bientôt.
aujourd hui moi attendre ami avec tu bien,Aujourd'hui j'attends mon ami avec toi bien.
aujourd hui moi donner aide bebe avec ami,Aujourd'hui je donne de l'aide au bébé avec mon ami.
moi manger avec nous bientot,Je mange avec nous bientôt.
moi manger avec nous bien,Je mange avec nous bien.
moi manger avec nous ici,Je mange avec nous ici.
tu manger avec nous bientot,Tu manges avec nous bientôt.
ami manger avec nous bien,Mon ami mange avec nous bien.
moi boire avec nous bientot,Je bois avec nous bientôt.
tu boire avec nous bien,Tu bois avec nous bien.
moi aller avec nous bien,Je pars avec nous bien.
tu aller avec nous bientot,Tu pars avec nous bientôt.
moi apprendre avec nous bien,J'apprends avec nous bien.
tu apprendre avec nous bientot,Tu apprends avec nous bientôt.
nous apprendre avec nous,Nous apprenons avec nous.
moi non manger avec nous,Je ne mange pas avec nous.
tu non aller avec nous bien,Tu ne pars pas avec nous bien.
moi vouloir manger avec nous,Je veux manger avec nous.
moi vouloir aller avec nous bientot,Je veux aller avec nous bientôt.
tu vouloir apprendre avec nous bien,Tu veux apprendre avec nous bien.
aujourd hui moi manger avec nous,Aujourd'hui je mange avec nous.
comment moi manger avec nous,Comment je mange avec nous ?
bonjour moi manger avec nous bientot,Bonjour je mange avec nous bientôt !
moi manger avec tu bientot,Je mange avec toi bientôt.
moi manger avec tu bien,Je mange avec toi bien.
moi manger avec tu ici,Je mange avec toi ici.
moi boire avec tu bientot,Je bois avec toi bientôt.
moi boire avec tu bien,Je bois avec toi bien.
moi boire avec tu ici,Je bois avec toi ici.
moi aller avec tu bientot,Je pars avec toi bientôt.
moi aller avec tu bien,Je pars avec toi bien.
moi aller avec tu ici,Je pars avec toi ici.
moi apprendre avec tu bientot,J'apprends avec toi bientôt.
moi apprendre avec tu bien,J'apprends avec toi bien.
moi apprendre avec tu ici,J'apprends avec toi ici.
moi changer avec tu bientot,Je change avec toi bientôt.
moi changer avec tu bien,Je change avec toi bien.
moi comprendre avec tu bientot,Je comprends avec toi bientôt.
moi comprendre avec tu bien,Je comprends avec toi bien.
moi attendre avec tu bientot,J'attends avec toi bientôt.
moi non manger avec tu bientot,Je ne mange pas avec toi bientôt.
moi non aller avec tu bien,Je ne pars pas avec toi bien.
moi non apprendre avec tu bientot,Je n'apprends pas avec toi bientôt.
moi manger avec moi bientot,Je mange avec moi bientôt.
tu manger avec toi,Tu manges avec toi.
moi boire avec moi bientot,Je bois avec moi bientôt.
moi aller avec moi bientot,Je pars avec moi bientôt.
moi apprendre avec moi bien,J'apprends avec moi bien.
tu apprendre avec toi bientot,Tu apprends avec toi bientôt.
nous aller avec nous bientot,Nous partons avec nous bientôt.
moi non aller avec moi,Je ne pars pas avec moi.
moi vouloir manger avec moi,Je veux manger avec moi.
moi comprendre ami avec nous,Je comprends mon ami avec nous.
moi changer bebe avec nous,Je change le bébé avec nous.
moi attendre ami avec nous,J'attends mon ami avec nous.
tu comprendre moi avec nous,Tu me comprends avec nous.
nous comprendre ami avec nous,Nous comprenons mon ami avec nous.
moi aimer ami avec nous bien,J'aime mon ami avec nous bien.
moi aimer amour avec nous bientot,J'aime de l'amour avec nous bientôt.
moi attendre ami avec nous bientot,J'attends mon ami avec nous bientôt.
moi donner aide ami avec nous,Je donne de l'aide à mon ami avec nous.
tu donner amour bebe avec nous,Tu donnes de l'amour au bébé avec nous.
moi non aimer aide avec nous,Je n'aime pas de l'aide avec nous.
moi vouloir manger avec nous bientot,Je veux manger avec nous bientôt.
moi vouloir aller avec nous bien,Je veux aller avec nous bien.
moi vouloir apprendre avec nous bientot,Je veux apprendre avec nous bientôt.
tu vouloir manger avec nous bien,Tu veux manger avec nous bien.
nous vouloir manger avec nous,Nous voulons manger avec nous.
moi vouloir manger avec tu bientot,Je veux manger avec toi bientôt.
moi vouloir boire avec tu bien,Je veux boire avec toi bien.
moi vouloir aller avec tu bientot,Je veux aller avec toi bientôt.
moi vouloir apprendre avec tu bien,Je veux apprendre avec toi bien.
tu vouloir manger avec moi bientot,Tu veux manger avec moi bientôt.
tu vouloir aller avec moi bien,Tu veux aller avec moi bien.
nous vouloir manger avec tu bientot,Nous voulons manger avec toi bientôt.
nous vouloir aller avec tu bien,Nous voulons aller avec toi bien.
ami vouloir manger avec nous bien,Mon ami veut manger avec nous bien.
ami vouloir aller avec nous bientot,Mon ami veut aller avec nous bientôt.
moi non vouloir manger avec nous,Je ne veux pas manger avec nous.
moi non vouloir aller avec tu,Je ne veux pas aller avec toi.
tu non vouloir manger avec moi,Tu ne veux pas manger avec moi.
nous non vouloir aller avec nous,Nous ne voulons pas aller avec nous.
moi apprendre bientot aujourd hui,Aujourd'hui j'apprends bientôt.
moi comprendre bien aujourd hui,Aujourd'hui je comprends bien.
moi changer bientot aujourd hui,Aujourd'hui je change bientôt.
moi aimer bien aujourd hui,Aujourd'hui j'aime bien.
moi vouloir bientot aujourd hui,Aujourd'hui je veux bientôt.
tu apprendre bientot aujourd hui,Aujourd'hui tu apprends bientôt.
nous aller bientot aujourd hui,Aujourd'hui nous partons bientôt.
ami manger bientot aujourd hui,Aujourd'hui mon ami mange bientôt.
moi manger avec ami bientot aujourd hui,Aujourd'hui je mange avec mon ami bientôt.
moi apprendre avec tu bien aujourd hui,Aujourd'hui j'apprends avec toi bien.
moi aimer chat bientot aujourd hui,Aujourd'hui j'aime le chat bientôt.
moi attendre ami bientot aujourd hui,Aujourd'hui j'attends mon ami bientôt.
moi donner aide ami bientot aujourd hui,Aujourd'hui je donne de l'aide à mon ami bientôt.
moi vouloir manger bientot aujourd hui,Aujourd'hui je veux manger bientôt.
moi vouloir apprendre avec ami bientot aujourd hui,Aujourd'hui je veux apprendre avec mon ami bientôt.
moi non manger bientot aujourd hui,Aujourd'hui je ne mange pas bientôt.
moi non aller bien aujourd hui,Aujourd'hui je ne pars pas bien.
moi aimer ami moi,J'aime mon ami.
moi aimer bebe moi,J'aime le bébé.
moi aimer chat moi,J'aime le chat.
moi aimer amour moi,J'aime de l'amour.
moi aimer aide moi,J'aime de l'aide.
tu aimer ami tu,Tu aimes mon ami.
tu aimer bebe tu,Tu aimes le bébé.
tu aimer amour tu,Tu aimes de l'amour.
nous aimer ami nous,Nous aimons mon ami.
nous aimer bebe nous,Nous aimons le bébé.
ami aimer chat ami,Mon ami aime le chat.
moi attendre ami moi,J'attends mon ami.
tu attendre moi tu,Tu m'attends.
moi comprendre ami moi,Je comprends mon ami.
tu comprendre moi tu,Tu me comprends.
moi donner aide ami moi,Je donne de l'aide à mon ami.
tu donner amour bebe tu,Tu donnes de l'amour au bébé.
moi manger ami moi,Je mange mon ami.
tu manger bebe tu,Tu manges le bébé.
moi changer bebe moi,Je change le bébé.
moi vouloir manger bebe,Je veux le bébé.
moi vouloir manger ami,Je veux mon ami.
moi vouloir aide avec ami bientot,Je veux de l'aide avec mon ami bientôt.
moi vouloir aide avec tu bien,Je veux de l'aide avec toi bien.
moi vouloir amour avec ami bientot,Je veux de l'amour avec mon ami bientôt.
moi vouloir amour avec tu bien,Je veux de l'amour avec toi bien.
tu vouloir aide avec ami bientot,Tu veux de l'aide avec mon ami bientôt.
tu vouloir amour avec moi bien,Tu veux de l'amour avec moi bien.
nous vouloir aide avec ami bientot,Nous voulons de l'aide avec mon ami bientôt.
nous vouloir amour avec tu bien,Nous voulons de l'amour avec toi bien.
ami vouloir aide avec moi bientot,Mon ami veut de l'aide avec moi bientôt.
ami vouloir amour avec tu bien,Mon ami veut de l'amour avec toi bien.
bebe vouloir aide avec ami,Le bébé veut de l'aide avec mon ami.
chat vouloir amour avec moi,Le chat veut de l'amour avec moi.
moi non vouloir aide avec ami,Je ne veux pas d'aide avec mon ami.
moi non vouloir amour avec tu,Je ne veux pas d'amour avec toi.
tu non vouloir aide avec moi,Tu ne veux pas d'aide avec moi.
nous non vouloir aide avec ami,Nous ne voulons pas d'aide avec mon ami.
aujourd hui moi vouloir aide avec ami bientot,Aujourd'hui je veux de l'aide avec mon ami bientôt.
comment moi vouloir aide avec ami,Comment je veux de l'aide avec mon ami ?
bonjour moi vouloir aide avec ami bientot,Bonjour je veux de l'aide avec mon ami bientôt !
merci moi vouloir amour avec tu bien,Merci je veux de l'amour avec toi bien !
moi manger avec ami ici,Je mange avec mon ami ici.
moi boire avec ami ici,Je bois avec mon ami ici.
moi aller avec ami ici,Je pars avec mon ami ici.
moi apprendre avec ami ici,J'apprends avec mon ami ici.
moi changer avec ami ici,Je change avec mon ami ici.
moi comprendre avec ami ici,Je comprends avec mon ami ici.
tu manger avec moi ici,Tu manges avec moi ici.
tu boire avec ami ici,Tu bois avec mon ami ici.
tu aller avec moi ici,Tu pars avec moi ici.
tu apprendre avec ami ici,Tu apprends avec mon ami ici.
nous manger avec ami ici,Nous mangeons avec mon ami ici.
nous aller avec ami ici,Nous partons avec mon ami ici.
nous apprendre avec tu ici,Nous apprenons avec toi ici.
ami manger avec moi ici,Mon ami mange avec moi ici.
ami boire avec tu ici,Mon ami boit avec toi ici.
moi non manger avec ami ici,Je ne mange pas avec mon ami ici.
moi non aller avec tu ici,Je ne pars pas avec toi ici.
moi vouloir manger avec ami ici,Je veux manger avec mon ami ici.
moi vouloir aller avec tu ici,Je veux aller avec toi ici.
tu vouloir apprendre avec moi ici,Tu veux apprendre avec moi ici.
moi manger avec ami,Je mange avec mon ami.
moi manger avec moi,Je mange avec moi.
moi manger avec tu,Je mange avec toi.
moi manger avec nous,Je mange avec nous.
moi manger avec bebe,Je mange avec le bébé.
moi manger avec chat,Je mange avec le chat.
tu manger avec ami,Tu manges avec mon ami.
tu manger avec moi,Tu manges avec moi.
tu manger avec nous,Tu manges avec nous.
tu manger avec bebe,Tu manges avec le bébé.
tu manger avec chat,Tu manges avec le chat.
nous manger avec ami,Nous mangeons avec mon ami.
nous manger avec tu,Nous mangeons avec toi.
nous manger avec bebe,Nous mangeons avec le bébé.
nous manger avec chat,Nous mangeons avec le chat.
ami manger avec moi,Mon ami mange avec moi.
ami manger avec tu,Mon ami mange avec toi.
ami manger avec nous,Mon ami mange avec nous.
ami manger avec bebe,Mon ami mange avec le bébé.
ami manger avec chat,Mon ami mange avec le chat.
bebe manger avec moi,Le bébé mange avec moi.
bebe manger avec tu,Le bébé mange avec toi.
bebe manger avec ami,Le bébé mange avec mon ami.
chat manger avec moi,Le chat mange avec moi.
chat manger avec tu,Le chat mange avec toi.
chat manger avec ami,Le chat mange avec mon ami.
moi boire avec ami,Je bois avec mon ami.
moi boire avec moi,Je bois avec moi.
moi boire avec nous,Je bois avec nous.
moi boire avec bebe,Je bois avec le bébé.
moi boire avec chat,Je bois avec le chat.
tu boire avec moi,Tu bois avec moi.
tu boire avec nous,Tu bois avec nous.
tu boire avec bebe,Tu bois avec le bébé.
tu boire avec chat,Tu bois avec le chat.
nous boire avec tu,Nous buvons avec toi.
nous boire avec bebe,Nous buvons avec le bébé.
nous boire avec chat,Nous buvons avec le chat.
ami boire avec moi,Mon ami boit avec moi.
ami boire avec nous,Mon ami boit avec nous.
ami boire avec bebe,Mon ami boit avec le bébé.
bebe boire avec moi,Le bébé boit avec moi.
bebe boire avec ami,Le bébé boit avec mon ami.
chat boire avec moi,Le chat boit avec moi.
chat boire avec ami,Le chat boit avec mon ami.
moi non boire avec ami,Je ne bois pas avec mon ami.
tu non boire avec moi,Tu ne bois pas avec moi.
nous non boire avec ami,Nous ne buvons pas avec mon ami.
moi aller avec ami,Je pars avec mon ami.
moi aller avec moi,Je pars avec moi.
moi aller avec tu,Je pars avec toi.
moi aller avec nous,Je pars avec nous.
moi aller avec bebe,Je pars avec le bébé.
moi aller avec chat,Je pars avec le chat.
tu aller avec ami,Tu pars avec mon ami.
tu aller avec moi,Tu pars avec moi.
tu aller avec nous,Tu pars avec nous.
tu aller avec bebe,Tu pars avec le bébé.
tu aller avec chat,Tu pars avec le chat.
nous aller avec ami,Nous partons avec mon ami.
nous aller avec tu,Nous partons avec toi.
nous aller avec bebe,Nous partons avec le bébé.
nous aller avec chat,Nous partons avec le chat.
ami aller avec moi,Mon ami part avec moi.
ami aller avec tu,Mon ami part avec toi.
ami aller avec nous,Mon ami part avec nous.
ami aller avec bebe,Mon ami part avec le bébé.
ami aller avec chat,Mon ami part avec le chat.
bebe aller avec moi,Le bébé part avec moi.
bebe aller avec tu,Le bébé part avec toi.
bebe aller avec ami,Le bébé part avec mon ami.
chat aller avec moi,Le chat part avec moi.
chat aller avec tu,Le chat part avec toi.
chat aller avec ami,Le chat part avec mon ami.
moi non aller avec bebe,Je ne pars pas avec le bébé.
tu non aller avec chat,Tu ne pars pas avec le chat.
nous non aller avec bebe,Nous ne partons pas avec le bébé.
moi apprendre avec ami,J'apprends avec mon ami.
moi apprendre avec moi,J'apprends avec moi.
moi apprendre avec nous,J'apprends avec nous.
moi apprendre avec bebe,J'apprends avec le bébé.
moi apprendre avec chat,J'apprends avec le chat.
tu apprendre avec ami,Tu apprends avec mon ami.
tu apprendre avec moi,Tu apprends avec moi.
tu apprendre avec nous,Tu apprends avec nous.
tu apprendre avec bebe,Tu apprends avec le bébé.
tu apprendre avec chat,Tu apprends avec le chat.
nous apprendre avec ami,Nous apprenons avec mon ami.
nous apprendre avec tu,Nous apprenons avec toi.
nous apprendre avec bebe,Nous apprenons avec le bébé.
nous apprendre avec chat,Nous apprenons avec le chat.
ami apprendre avec moi,Mon ami apprend avec moi.
ami apprendre avec tu,Mon ami apprend avec toi.
ami apprendre avec nous,Mon ami apprend avec nous.
ami apprendre avec bebe,Mon ami apprend avec le bébé.
bebe apprendre avec moi,Le bébé apprend avec moi.
bebe apprendre avec ami,Le bébé apprend avec mon ami.
chat apprendre avec moi,Le chat apprend avec moi.
chat apprendre avec ami,Le chat apprend avec mon ami.
moi non apprendre avec bebe,Je n'apprends pas avec le bébé.
tu non apprendre avec chat,Tu n'apprends pas avec le chat.
moi aimer avec ami,J'aime avec mon ami.
moi aimer avec moi,J'aime avec moi.
moi aimer avec tu,J'aime avec toi.
moi aimer avec nous,J'aime avec nous.
moi aimer avec bebe,J'aime avec le bébé.
moi aimer avec chat,J'aime avec le chat.
tu aimer avec ami,Tu aimes avec mon ami.
tu aimer avec moi,Tu aimes avec moi.
tu aimer avec nous,Tu aimes avec nous.
tu aimer avec bebe,Tu aimes avec le bébé.
nous aimer avec ami,Nous aimons avec mon ami.
nous aimer avec tu,Nous aimons avec toi.
nous aimer avec bebe,Nous aimons avec le bébé.
ami aimer avec moi,Mon ami aime avec moi.
ami aimer avec tu,Mon ami aime avec toi.
ami aimer avec bebe,Mon ami aime avec le bébé.
bebe aimer avec moi,Le bébé aime avec moi.
bebe aimer avec ami,Le bébé aime avec mon ami.
chat aimer avec moi,Le chat aime avec moi.
chat aimer avec ami,Le chat aime avec mon ami.
moi non aimer avec bebe,Je n'aime pas avec le bébé.
tu non aimer avec chat,Tu n'aimes pas avec le chat.
moi attendre avec ami,J'attends avec mon ami.
moi attendre avec tu,J'attends avec toi.
moi attendre avec nous,J'attends avec nous.
moi attendre avec bebe,J'attends avec le bébé.
moi attendre avec chat,J'attends avec le chat.
tu attendre avec ami,Tu attends avec mon ami.
tu attendre avec moi,Tu attends avec moi.
tu attendre avec nous,Tu attends avec nous.
tu attendre avec bebe,Tu attends avec le bébé.
nous attendre avec ami,Nous attendons avec mon ami.
nous attendre avec tu,Nous attendons avec toi.
nous attendre avec bebe,Nous attendons avec le bébé.
ami attendre avec moi,Mon ami attend avec moi.
ami attendre avec tu,Mon ami attend avec toi.
ami attendre avec bebe,Mon ami attend avec le bébé.
bebe attendre avec moi,Le bébé attend avec moi.
bebe attendre avec ami,Le bébé attend avec mon ami.
chat attendre avec moi,Le chat attend avec moi.
chat attendre avec ami,Le chat attend avec mon ami.
moi non attendre avec bebe,Je n'attends pas avec le bébé.
tu non attendre avec chat,Tu n'attends pas avec le chat.
moi vouloir attendre avec ami,Je veux attendre avec mon ami.
tu vouloir attendre avec moi,Tu veux attendre avec moi.
moi comprendre avec ami,Je comprends avec mon ami.
moi comprendre avec tu,Je comprends avec toi.
moi comprendre avec nous,Je comprends avec nous.
moi comprendre avec bebe,Je comprends avec le bébé.
moi comprendre avec chat,Je comprends avec le chat.
tu comprendre avec ami,Tu comprends avec mon ami.
tu comprendre avec moi,Tu comprends avec moi.
nous comprendre avec ami,Nous comprenons avec mon ami.
nous comprendre avec tu,Nous comprenons avec toi.
ami comprendre avec moi,Mon ami comprend avec moi.
ami comprendre avec tu,Mon ami comprend avec toi.
moi changer avec ami,Je change avec mon ami.
moi changer avec tu,Je change avec toi.
moi changer avec nous,Je change avec nous.
tu changer avec ami,Tu changes avec mon ami.
tu changer avec moi,Tu changes avec moi.
nous changer avec ami,Nous changeons avec mon ami.
nous changer avec tu,Nous changeons avec toi.
ami changer avec moi,Mon ami change avec moi.
ami changer avec tu,Mon ami change avec toi.
moi non comprendre avec bebe,Je ne comprends pas avec le bébé.
moi non changer avec chat,Je ne change pas avec le chat.
moi vouloir comprendre avec ami,Je veux comprendre avec mon ami.
moi vouloir changer avec tu,Je veux changer avec toi.
moi donner avec ami,Je donne avec mon ami.
moi donner avec tu,Je donne avec toi.
moi donner avec nous,Je donne avec nous.
tu donner avec moi,Tu donnes avec moi.
tu donner avec ami,Tu donnes avec mon ami.
nous donner avec ami,Nous donnons avec mon ami.
nous donner avec tu,Nous donnons avec toi.
ami donner avec moi,Mon ami donne avec moi.
ami donner avec tu,Mon ami donne avec toi.
moi non donner avec ami,Je ne donne pas avec mon ami.
moi donner aide ami avec nous,Je donne de l'aide à mon ami avec nous.
moi donner amour bebe avec nous,Je donne de l'amour au bébé avec nous.
tu donner aide moi avec ami,Tu me donnes de l'aide avec mon ami.
nous donner amour ami avec tu,Nous donnons de l'amour à mon ami avec toi.
ami donner aide moi avec tu,Mon ami me donne de l'aide avec toi.
moi donner aide bebe avec tu bientot,Je donne de l'aide au bébé avec toi bientôt.
moi donner amour ami avec nous bien,Je donne de l'amour à mon ami avec nous bien.
tu donner aide bebe avec moi bientot,Tu donnes de l'aide au bébé avec moi bientôt.
nous donner amour chat avec ami bien,Nous donnons de l'amour au chat avec mon ami bien.
moi aimer ami avec moi bientot,J'aime mon ami avec moi bientôt.
moi aimer bebe avec moi bien,J'aime le bébé avec moi bien.
moi aimer chat avec moi bientot,J'aime le chat avec moi bientôt.
tu aimer ami avec toi bien,Tu aimes mon ami avec toi bien.
nous aimer ami avec nous bientot,Nous aimons mon ami avec nous bientôt.
moi attendre ami avec moi bientot,J'attends mon ami avec moi bientôt.
moi attendre bebe avec moi bien,J'attends le bébé avec moi bien.
tu attendre ami avec toi bientot,Tu attends mon ami avec toi bientôt.
nous attendre ami avec nous bien,Nous attendons mon ami avec nous bien.
moi comprendre ami avec moi,Je comprends mon ami avec moi.
moi comprendre bebe avec moi,Je comprends le bébé avec moi.
tu comprendre moi avec toi,Tu me comprends avec toi.
moi changer bebe avec moi bientot,Je change le bébé avec moi bientôt.
moi changer ami avec moi bien,Je change mon ami avec moi bien.
tu changer moi avec toi bientot,Tu me changes avec toi bientôt.
moi manger ami avec moi bientot,Je mange mon ami avec moi bientôt.
moi manger bebe avec moi bien,Je mange le bébé avec moi bien.
tu manger ami avec toi bientot,Tu manges mon ami avec toi bientôt.
moi donner aide ami avec moi bientot,Je donne de l'aide à mon ami avec moi bientôt.
tu donner amour bebe avec toi bien,Tu donnes de l'amour au bébé avec toi bien.
moi manger ami avec ami,Je mange mon ami avec mon ami.
moi aimer ami avec ami bientot,J'aime mon ami avec mon ami bientôt.
moi attendre ami avec ami bien,J'attends mon ami avec mon ami bien.
moi manger bebe avec bebe,Je mange le bébé avec le bébé.
moi aimer bebe avec bebe bientot,J'aime le bébé avec le bébé bientôt.
moi manger chat avec chat,Je mange le chat avec le chat.
moi aimer chat avec chat bientot,J'aime le chat avec le chat bientôt.
moi manger ami avec ami bientot,Je mange mon ami avec mon ami bientôt.
moi aimer aide avec aide bien,J'aime de l'aide avec de l'aide bien.
moi aimer amour avec amour bientot,J'aime de l'amour avec de l'amour bientôt.
moi manger ami avec ami ici,Je mange mon ami avec mon ami ici.
moi attendre bebe avec bebe ici,J'attends le bébé avec le bébé ici.
moi comprendre ami avec ami bien,Je comprends mon ami avec mon ami bien.
moi changer bebe avec bebe bientot,Je change le bébé avec le bébé bientôt.
moi donner aide ami avec ami bien,Je donne de l'aide à mon ami avec mon ami bien.
moi non manger avec bebe,Je ne mange pas avec le bébé.
moi non manger avec chat,Je ne mange pas avec le chat.
moi non boire avec bebe,Je ne bois pas avec le bébé.
moi non boire avec chat,Je ne bois pas avec le chat.
moi non aller avec bebe,Je ne pars pas avec le bébé.
moi non aller avec chat,Je ne pars pas avec le chat.
moi non apprendre avec bebe,Je n'apprends pas avec le bébé.
moi non apprendre avec chat,Je n'apprends pas avec le chat.
moi non aimer avec bebe,Je n'aime pas avec le bébé.
moi non aimer avec chat,Je n'aime pas avec le chat.
moi non attendre avec bebe,Je n'attends pas avec le bébé.
moi non attendre avec chat,Je n'attends pas avec le chat.
moi non comprendre avec bebe,Je ne comprends pas avec le bébé.
moi non changer avec bebe,Je ne change pas avec le bébé.
tu non manger avec bebe,Tu ne manges pas avec le bébé.
tu non manger avec chat,Tu ne manges pas avec le chat.
tu non aller avec bebe,Tu ne pars pas avec le bébé.
tu non apprendre avec bebe,Tu n'apprends pas avec le bébé.
nous non manger avec bebe,Nous ne mangeons pas avec le bébé.
nous non aller avec chat,Nous ne partons pas avec le chat.
ami manger avec ami,Mon ami mange avec mon ami.
ami boire avec ami,Mon ami boit avec mon ami.
ami aller avec ami,Mon ami part avec mon ami.
ami apprendre avec ami,Mon ami apprend avec mon ami.
ami aimer avec ami,Mon ami aime avec mon ami.
ami attendre avec ami,Mon ami attend avec mon ami.
ami comprendre avec ami,Mon ami comprend avec mon ami.
ami changer avec ami,Mon ami change avec mon ami.
ami donner avec ami,Mon ami donne avec mon ami.
bebe manger avec bebe,Le bébé mange avec le bébé.
bebe boire avec bebe,Le bébé boit avec le bébé.
bebe aller avec bebe,Le bébé part avec le bébé.
bebe apprendre avec bebe,Le bébé apprend avec le bébé.
bebe aimer avec bebe,Le bébé aime avec le bébé.
chat manger avec chat,Le chat mange avec le chat.
chat boire avec chat,Le chat boit avec le chat.
chat aller avec chat,Le chat part avec le chat.
chat aimer avec chat,Le chat aime avec le chat.
ami non manger avec ami,Mon ami ne mange pas avec mon ami.
bebe non aimer avec bebe,Le bébé n'aime pas avec le bébé.
moi apprendre bientot avec ami,J'apprends bientôt avec mon ami.
moi boire bientot avec ami,Je bois bientôt avec mon ami.
moi aller bientot avec tu,Je pars bientôt avec toi.
moi aimer bien avec ami,J'aime bien avec mon ami.
moi comprendre bien avec tu,Je comprends bien avec toi.
moi changer bientot avec ami,Je change bientôt avec mon ami.
tu manger bientot avec moi,Tu manges bientôt avec moi.
tu boire bien avec ami,Tu bois bien avec mon ami.
nous aller bientot avec ami,Nous partons bientôt avec mon ami.
nous apprendre bien avec tu,Nous apprenons bien avec toi.
ami manger bientot avec moi,Mon ami mange bientôt avec moi.
ami boire bien avec tu,Mon ami boit bien avec toi.
moi non manger bientot avec ami,Je ne mange pas bientôt avec mon ami.
moi non aller bientot avec tu,Je ne pars pas bientôt avec toi.
tu non apprendre bien avec moi,Tu n'apprends pas bien avec moi.
moi vouloir manger bientot avec ami,Je veux manger bientôt avec mon ami.
moi vouloir aller bientot avec tu,Je veux aller bientôt avec toi.
tu vouloir apprendre bien avec moi,Tu veux apprendre bien avec moi.
moi donner aide tu,Je te donne de l'aide.
moi donner aide ami,Je donne de l'aide à mon ami.
moi donner aide bebe,Je donne de l'aide au bébé.
moi donner aide chat,Je donne de l'aide au chat.
moi donner amour tu,Je te donne de l'amour.
moi donner amour ami,Je donne de l'amour à mon ami.
moi donner amour bebe,Je donne de l'amour au bébé.
moi donner amour chat,Je donne de l'amour au chat.
tu donner aide moi,Tu me donnes de l'aide.
tu donner aide ami,Tu donnes de l'aide à mon ami.
tu donner aide bebe,Tu donnes de l'aide au bébé.
tu donner aide chat,Tu donnes de l'aide au chat.
tu donner amour moi,Tu me donnes de l'amour.
tu donner amour ami,Tu donnes de l'amour à mon ami.
tu donner amour bebe,Tu donnes de l'amour au bébé.
nous donner aide moi,Nous me donnons de l'aide.
nous donner aide tu,Nous te donnons de l'aide.
nous donner aide ami,Nous donnons de l'aide à mon ami.
nous donner aide bebe,Nous donnons de l'aide au bébé.
nous donner amour moi,Nous me donnons de l'amour.
nous donner amour tu,Nous te donnons de l'amour.
nous donner amour ami,Nous donnons de l'amour à mon ami.
ami donner aide moi,Mon ami me donne de l'aide.
ami donner aide tu,Mon ami te donne de l'aide.
ami donner aide bebe,Mon ami donne de l'aide au bébé.
ami donner amour moi,Mon ami me donne de l'amour.
ami donner amour tu,Mon ami te donne de l'amour.
bebe donner aide moi,Le bébé me donne de l'aide.
bebe donner amour tu,Le bébé te donne de l'amour.
chat donner aide moi,Le chat me donne de l'aide.
chat donner amour tu,Le chat te donne de l'amour.
moi non donner aide tu,Je ne te donne pas d'aide.
moi non donner aide ami,Je ne donne pas d'aide à mon ami.
moi non donner aide bebe,Je ne donne pas d'aide au bébé.
moi non donner aide chat,Je ne donne pas d'aide au chat.
moi non donner amour tu,Je ne te donne pas d'amour.
moi non donner amour ami,Je ne donne pas d'amour à mon ami.
moi non donner amour bebe,Je ne donne pas d'amour au bébé.
moi non donner amour chat,Je ne donne pas d'amour au chat.
tu non donner aide moi,Tu ne me donnes pas d'aide.
tu non donner aide ami,Tu ne donnes pas d'aide à mon ami.
tu non donner amour moi,Tu ne me donnes pas d'amour.
tu non donner amour bebe,Tu ne donnes pas d'amour au bébé.
nous non donner aide ami,Nous ne donnons pas d'aide à mon ami.
nous non donner amour bebe,Nous ne donnons pas d'amour au bébé.
ami non donner aide moi,Mon ami ne me donne pas d'aide.
ami non donner amour tu,Mon ami ne te donne pas d'amour.
bebe non donner amour moi,Le bébé ne me donne pas d'amour.
chat non donner aide moi,Le chat ne me donne pas d'aide.
moi aimer moi tu,Je t'aime.
moi aimer moi ami,J'aime mon ami.
moi aimer moi bebe,J'aime le bébé.
moi aimer moi chat,J'aime le chat.
tu aimer tu moi,Tu m'aimes.
tu aimer tu ami,Tu aimes mon ami.
tu aimer tu bebe,Tu aimes le bébé.
nous aimer nous ami,Nous aimons mon ami.
nous aimer nous bebe,Nous aimons le bébé.
ami aimer ami moi,Mon ami m'aime.
ami aimer ami tu,Mon ami t'aime.
moi attendre moi tu,Je t'attends.
moi attendre moi ami,J'attends mon ami.
tu attendre tu moi,Tu m'attends.
tu attendre tu ami,Tu attends mon ami.
moi donner aide moi tu,Je te donne de l'aide.
moi donner amour moi bebe,Je donne de l'amour au bébé.
tu donner aide tu moi,Tu me donnes de l'aide.
moi comprendre moi ami,Je comprends mon ami.
moi changer moi bebe,Je change le bébé.
bonjour moi aimer ami avec tu bientot,Bonjour j'aime mon ami avec toi bientôt !
bonjour moi aimer bebe avec ami bien,Bonjour j'aime le bébé avec mon ami bien !
bonjour moi attendre ami avec tu bientot,Bonjour j'attends mon ami avec toi bientôt !
bonjour moi donner aide ami avec nous,Bonjour je donne de l'aide à mon ami avec nous !
bonjour tu aimer bebe avec moi bien,Bonjour tu aimes le bébé avec moi bien !
bonjour nous aimer ami avec tu bientot,Bonjour nous aimons mon ami avec toi bientôt !
bonjour ami aimer moi avec tu bien,Bonjour mon ami m'aime avec toi bien !
merci moi aimer ami avec tu bientot,Merci j'aime mon ami avec toi bientôt !
merci moi attendre bebe avec ami bien,Merci j'attends le bébé avec mon ami bien !
merci tu donner aide moi avec ami,Merci tu me donnes de l'aide avec mon ami !
au revoir moi aimer ami avec tu bientot,Au revoir j'aime mon ami avec toi bientôt !
au revoir moi attendre ami avec tu bientot,Au revoir j'attends mon ami avec toi bientôt !
au revoir nous aller avec ami bientot,Au revoir nous partons avec mon ami bientôt !
comment moi aimer ami avec tu bientot,Comment j'aime mon ami avec toi bientôt ?
comment moi attendre bebe avec ami bien,Comment j'attends le bébé avec mon ami bien ?
comment tu donner aide moi avec ami,Comment tu me donnes de l'aide avec mon ami ?
comment nous aimer ami avec tu bientot,Comment nous aimons mon ami avec toi bientôt ?
aujourd hui moi aimer ami avec tu bientot,Aujourd'hui j'aime mon ami avec toi bientôt.
aujourd hui moi aimer bebe avec ami bien,Aujourd'hui j'aime le bébé avec mon ami bien.
aujourd hui moi attendre ami avec tu bientot,Aujourd'hui j'attends mon ami avec toi bientôt.
aujourd hui moi donner aide ami avec nous,Aujourd'hui je donne de l'aide à mon ami avec nous.
aujourd hui tu aimer bebe avec moi bien,Aujourd'hui tu aimes le bébé avec moi bien.
aujourd hui nous aimer ami avec tu bientot,Aujourd'hui nous aimons mon ami avec toi bientôt.
aujourd hui ami aimer moi avec tu bien,Aujourd'hui mon ami m'aime avec toi bien.
aujourd hui bebe aimer moi avec ami bientot,Aujourd'hui le bébé m'aime avec mon ami bientôt.
aujourd hui chat aimer moi avec ami bien,Aujourd'hui le chat m'aime avec mon ami bien.
aujourd hui moi non aimer ami avec tu,Aujourd'hui je n'aime pas mon ami avec toi.
aujourd hui tu non attendre moi avec ami,Aujourd'hui tu ne m'attends pas avec mon ami.
aujourd hui nous non donner aide ami avec tu,Aujourd'hui nous ne donnons pas d'aide à mon ami avec toi.
moi non aimer ami avec tu bientot,Je n'aime pas mon ami avec toi bientôt.
moi non aimer bebe avec ami bien,Je n'aime pas le bébé avec mon ami bien.
moi non attendre ami avec tu bientot,Je n'attends pas mon ami avec toi bientôt.
moi non donner aide ami avec nous,Je ne donne pas d'aide à mon ami avec nous.
tu non aimer bebe avec moi bien,Tu n'aimes pas le bébé avec moi bien.
nous non aimer ami avec tu bientot,Nous n'aimons pas mon ami avec toi bientôt.
ami non aimer moi avec tu bien,Mon ami ne m'aime pas avec toi bien.
moi non manger ami avec bebe bientot,Je ne mange pas mon ami avec le bébé bientôt.
moi non comprendre bebe avec ami,Je ne comprends pas le bébé avec mon ami.
moi non changer bebe avec tu bientot,Je ne change pas le bébé avec toi bientôt.
tu non donner aide moi avec ami,Tu ne me donnes pas d'aide avec mon ami.
nous non donner amour bebe avec tu,Nous ne donnons pas d'amour au bébé avec toi.
moi aimer,J'aime.
moi attendre,J'attends.
moi donner,Je donne.
moi comprendre,Je comprends.
moi changer,Je change.
moi manger,Je mange.
moi boire,Je bois.
tu aimer,Tu aimes.
tu attendre,Tu attends.
tu donner,Tu donnes.
tu comprendre,Tu comprends.
tu changer,Tu changes.
nous aimer,Nous aimons.
nous attendre,Nous attendons.
nous donner,Nous donnons.
nous comprendre,Nous comprenons.
nous changer,Nous changeons.
ami aimer,Mon ami aime.
ami attendre,Mon ami attend.
ami donner,Mon ami donne.
ami comprendre,Mon ami comprend.
ami changer,Mon ami change.
bebe aimer,Le bébé aime.
bebe attendre,Le bébé attend.
bebe comprendre,Le bébé comprend.
chat aimer,Le chat aime.
chat attendre,Le chat attend.
chat comprendre,Le chat comprend.
moi non aimer,Je n'aime pas.
moi non attendre,Je n'attends pas.
moi non donner,Je ne donne pas.
moi non comprendre,Je ne comprends pas.
moi non changer,Je ne change pas.
tu non aimer,Tu n'aimes pas.
tu non attendre,Tu n'attends pas.
tu non donner,Tu ne donnes pas.
tu non comprendre,Tu ne comprends pas.
tu non changer,Tu ne changes pas.
nous non aimer,Nous n'aimons pas.
nous non attendre,Nous n'attendons pas.
nous non donner,Nous ne donnons pas.
nous non comprendre,Nous ne comprenons pas.
nous non changer,Nous ne changeons pas.
ami non aimer,Mon ami n'aime pas.
ami non attendre,Mon ami n'attend pas.
ami non comprendre,Mon ami ne comprend pas.
ami non changer,Mon ami ne change pas.
bebe non aimer,Le bébé n'aime pas.
bebe non attendre,Le bébé n'attend pas.
bebe non comprendre,Le bébé ne comprend pas.
chat non aimer,Le chat n'aime pas.
chat non attendre,Le chat n'attend pas.
chat non comprendre,Le chat ne comprend pas.
moi aimer tu,Je t'aime.
moi aimer moi,J'aime.
moi aimer ami,J'aime mon ami.
moi aimer bebe,J'aime le bébé.
moi aimer chat,J'aime le chat.
moi aimer amour,J'aime de l'amour.
moi aimer aide,J'aime de l'aide.
tu aimer moi,Tu m'aimes.
tu aimer tu,Tu aimes.
tu aimer ami,Tu aimes mon ami.
tu aimer bebe,Tu aimes le bébé.
tu aimer chat,Tu aimes le chat.
tu aimer amour,Tu aimes de l'amour.
nous aimer moi,Nous m'aimons.
nous aimer tu,Nous t'aimons.
nous aimer ami,Nous aimons mon ami.
nous aimer bebe,Nous aimons le bébé.
nous aimer chat,Nous aimons le chat.
ami aimer moi,Mon ami m'aime.
ami aimer tu,Mon ami t'aime.
ami aimer ami,Mon ami aime mon ami.
ami aimer bebe,Mon ami aime le bébé.
ami aimer chat,Mon ami aime le chat.
ami aimer amour,Mon ami aime de l'amour.
bebe aimer moi,Le bébé m'aime.
bebe aimer tu,Le bébé t'aime.
bebe aimer ami,Le bébé aime mon ami.
bebe aimer chat,Le bébé aime le chat.
chat aimer moi,Le chat m'aime.
chat aimer tu,Le chat t'aime.
chat aimer ami,Le chat aime mon ami.
chat aimer bebe,Le chat aime le bébé.
moi attendre moi,J'attends.
moi attendre tu,Je t'attends.
moi attendre ami,J'attends mon ami.
moi attendre bebe,J'attends le bébé.
moi attendre chat,J'attends le chat.
tu attendre moi,Tu m'attends.
tu attendre tu,Tu attends.
tu attendre ami,Tu attends mon ami.
tu attendre bebe,Tu attends le bébé.
tu attendre chat,Tu attends le chat.
nous attendre moi,Nous m'attendons.
nous attendre tu,Nous t'attendons.
nous attendre ami,Nous attendons mon ami.
nous attendre bebe,Nous attendons le bébé.
nous attendre chat,Nous attendons le chat.
ami attendre moi,Mon ami m'attend.
ami attendre tu,Mon ami t'attend.
ami attendre ami,Mon ami attend mon ami.
ami attendre bebe,Mon ami attend le bébé.
ami attendre chat,Mon ami attend le chat.
bebe attendre moi,Le bébé m'attend.
bebe attendre tu,Le bébé t'attend.
bebe attendre ami,Le bébé attend mon ami.
bebe attendre chat,Le bébé attend le chat.
chat attendre moi,Le chat m'attend.
chat attendre tu,Le chat t'attend.
chat attendre ami,Le chat attend mon ami.
chat attendre bebe,Le chat attend le bébé.
moi non aimer tu,Je ne t'aime pas.
moi non aimer moi,Je n'aime pas.
moi non aimer ami,Je n'aime pas mon ami.
moi non aimer bebe,Je n'aime pas le bébé.
moi non aimer chat,Je n'aime pas le chat.
moi non aimer amour,Je n'aime pas de l'amour.
tu non aimer moi,Tu ne m'aimes pas.
tu non aimer ami,Tu n'aimes pas mon ami.
tu non aimer bebe,Tu n'aimes pas le bébé.
tu non aimer chat,Tu n'aimes pas le chat.
nous non aimer moi,Nous ne m'aimons pas.
nous non aimer ami,Nous n'aimons pas mon ami.
nous non aimer bebe,Nous n'aimons pas le bébé.
ami non aimer moi,Mon ami ne m'aime pas.
ami non aimer tu,Mon ami ne t'aime pas.
ami non aimer bebe,Mon ami n'aime pas le bébé.
ami non aimer chat,Mon ami n'aime pas le chat.
bebe non aimer moi,Le bébé ne m'aime pas.
bebe non aimer chat,Le bébé n'aime pas le chat.
chat non aimer moi,Le chat ne m'aime pas.
chat non aimer bebe,Le chat n'aime pas le bébé.
moi non attendre tu,Je ne t'attends pas.
moi non attendre ami,Je n'attends pas mon ami.
moi non attendre bebe,Je n'attends pas le bébé.
moi non attendre chat,Je n'attends pas le chat.
tu non attendre moi,Tu ne m'attends pas.
tu non attendre ami,Tu n'attends pas mon ami.
nous non attendre moi,Nous ne m'attendons pas.
ami non attendre moi,Mon ami ne m'attend pas.
ami non attendre tu,Mon ami ne t'attend pas.
moi comprendre moi,Je comprends.
moi comprendre tu,Je te comprends.
moi comprendre ami,Je comprends mon ami.
moi comprendre bebe,Je comprends le bébé.
moi comprendre chat,Je comprends le chat.
tu comprendre moi,Tu me comprends.
tu comprendre tu,Tu comprends.
tu comprendre ami,Tu comprends mon ami.
tu comprendre bebe,Tu comprends le bébé.
nous comprendre moi,Nous me comprenons.
nous comprendre ami,Nous comprenons mon ami.
nous comprendre bebe,Nous comprenons le bébé.
ami comprendre moi,Mon ami me comprend.
ami comprendre tu,Mon ami te comprend.
ami comprendre bebe,Mon ami comprend le bébé.
bebe comprendre moi,Le bébé me comprend.
chat comprendre moi,Le chat me comprend.
moi non comprendre tu,Je ne te comprends pas.
moi non comprendre ami,Je ne comprends pas mon ami.
tu non comprendre moi,Tu ne me comprends pas.
nous non comprendre ami,Nous ne comprenons pas mon ami.
ami non comprendre moi,Mon ami ne me comprend pas.
moi changer moi,Je change.
moi changer tu,Je te change.
moi changer ami,Je change mon ami.
moi changer bebe,Je change le bébé.
moi changer chat,Je change le chat.
tu changer moi,Tu me changes.
tu changer ami,Tu changes mon ami.
nous changer ami,Nous changeons mon ami.
ami changer moi,Mon ami me change.
moi non changer tu,Je ne te change pas.
moi non changer ami,Je ne change pas mon ami.
tu non changer moi,Tu ne me changes pas.
moi manger moi,Je mange.
moi manger tu,Je te mange.
moi manger ami,Je mange mon ami.
moi manger bebe,Je mange le bébé.
moi manger chat,Je mange le chat.
moi manger amour,Je mange de l'amour.
moi manger aide,Je mange de l'aide.
tu manger moi,Tu me manges.
tu manger ami,Tu manges mon ami.
tu manger bebe,Tu manges le bébé.
tu manger chat,Tu manges le chat.
nous manger moi,Nous me mangeons.
nous manger ami,Nous mangeons mon ami.
nous manger bebe,Nous mangeons le bébé.
nous manger chat,Nous mangeons le chat.
ami manger moi,Mon ami me mange.
ami manger tu,Mon ami te mange.
ami manger bebe,Mon ami mange le bébé.
ami manger chat,Mon ami mange le chat.
bebe manger moi,Le bébé me mange.
bebe manger tu,Le bébé te mange.
bebe manger ami,Le bébé mange mon ami.
bebe manger chat,Le bébé mange le chat.
chat manger moi,Le chat me mange.
chat manger tu,Le chat te mange.
chat manger ami,Le chat mange mon ami.
chat manger bebe,Le chat mange le bébé.
moi non manger tu,Je ne te mange pas.
moi non manger ami,Je ne mange pas mon ami.
tu non manger moi,Tu ne me manges pas.
moi boire moi,Je bois.
moi boire tu,Je te bois.
moi boire ami,Je bois mon ami.
moi boire bebe,Je bois le bébé.
moi boire chat,Je bois le chat.
tu boire moi,Tu me bois.
tu boire ami,Tu bois mon ami.
nous boire moi,Nous me buvons.
nous boire ami,Nous buvons mon ami.
ami boire moi,Mon ami me boit.
ami boire tu,Mon ami te boit.
bebe boire moi,Le bébé me boit.
chat boire moi,Le chat me boit.
moi non boire moi,Je ne bois pas.
moi non boire ami,Je ne bois pas mon ami.
tu non boire moi,Tu ne me bois pas.
moi aller moi,Je pars.
moi aller tu,Je te pars.
moi aller ami,Je pars mon ami.
tu aller moi,Tu me pars.
tu aller ami,Tu pars mon ami.
nous aller ami,Nous partons mon ami.
ami aller moi,Mon ami me part.
ami aller tu,Mon ami te part.
moi non aller moi,Je ne pars pas.
moi non aller ami,Je ne pars pas mon ami.
moi apprendre moi,J'apprends.
moi apprendre tu,Je t'apprends.
moi apprendre ami,J'apprends mon ami.
moi apprendre bebe,J'apprends le bébé.
moi apprendre chat,J'apprends le chat.
tu apprendre moi,Tu m'apprends.
tu apprendre ami,Tu apprends mon ami.
nous apprendre moi,Nous m'apprenons.
nous apprendre ami,Nous apprenons mon ami.
ami apprendre moi,Mon ami m'apprend.
ami apprendre tu,Mon ami t'apprend.
bebe apprendre moi,Le bébé m'apprend.
chat apprendre moi,Le chat m'apprend.
moi non apprendre moi,Je n'apprends pas.
moi non apprendre ami,Je n'apprends pas mon ami.
tu non apprendre moi,Tu ne m'apprends pas.
moi donner moi,Je donne.
moi donner tu,Je te donne.
moi donner ami,Je donne mon ami.
tu donner moi,Tu me donnes.
tu donner ami,Tu donnes mon ami.
nous donner ami,Nous donnons mon ami.
ami donner moi,Mon ami me donne.
ami donner tu,Mon ami te donne.
moi non donner moi,Je ne donne pas.
tu non donner moi,Tu ne me donnes pas.
moi changer moi bien,Je change bien.
moi changer tu bien,Je te change bien.
moi changer ami bien,Je change mon ami bien.
moi changer bebe bientot,Je change le bébé bientôt.
moi changer chat ici,Je change le chat ici.
tu changer moi bientot,Tu me changes bientôt.
tu changer ami bien,Tu changes mon ami bien.
nous changer bebe bien,Nous changeons le bébé bien.
ami changer moi bientot,Mon ami me change bientôt.
bebe changer moi bien,Le bébé me change bien.
moi non changer moi bien,Je ne change pas bien.
moi non changer bebe bientot,Je ne change pas le bébé bientôt.
tu non changer moi bien,Tu ne me changes pas bien.
moi comprendre moi bientot,Je comprends bientôt.
moi comprendre tu bien,Je te comprends bien.
moi comprendre ami bientot,Je comprends mon ami bientôt.
moi comprendre bebe bien,Je comprends le bébé bien.
tu comprendre moi bien,Tu me comprends bien.
nous comprendre ami bientot,Nous comprenons mon ami bientôt.
ami comprendre moi bien,Mon ami me comprend bien.
moi non comprendre moi bientot,Je ne comprends pas bientôt.
moi non comprendre ami bien,Je ne comprends pas mon ami bien.
tu non comprendre moi bientot,Tu ne me comprends pas bientôt.
moi aimer tu bien,Je t'aime bien.
moi aimer moi bien,J'aime bien.
moi aimer ami bien,J'aime bien mon ami.
moi aimer bebe bien,J'aime bien le bébé.
moi aimer chat bien,J'aime bien le chat.
moi aimer amour bien,J'aime bien de l'amour.
tu aimer moi bien,Tu m'aimes bien.
tu aimer ami bien,Tu aimes bien mon ami.
tu aimer bebe bien,Tu aimes bien le bébé.
nous aimer ami bien,Nous aimons bien mon ami.
ami aimer moi bien,Mon ami m'aime bien.
ami aimer tu bien,Mon ami t'aime bien.
bebe aimer moi bien,Le bébé m'aime bien.
chat aimer moi bien,Le chat m'aime bien.
moi aimer tu bientot,Je t'aime bientôt.
moi aimer ami bientot,J'aime mon ami bientôt.
moi aimer bebe bientot,J'aime le bébé bientôt.
tu aimer moi bientot,Tu m'aimes bientôt.
tu aimer ami bientot,Tu aimes mon ami bientôt.
ami aimer moi bientot,Mon ami m'aime bientôt.
moi aimer tu ici,Je t'aime ici.
moi aimer ami ici,J'aime mon ami ici.
moi aimer bebe ici,J'aime le bébé ici.
moi aimer chat ici,J'aime le chat ici.
moi non aimer moi bien,Je n'aime pas bien.
moi non aimer ami bien,Je n'aime pas bien mon ami.
tu non aimer moi bien,Tu ne m'aimes pas bien.
moi attendre tu bien,Je t'attends bien.
moi attendre ami bien,J'attends bien mon ami.
moi attendre bebe bien,J'attends bien le bébé.
moi attendre chat bien,J'attends bien le chat.
tu attendre moi bien,Tu m'attends bien.
tu attendre ami bien,Tu attends bien mon ami.
nous attendre ami bien,Nous attendons bien mon ami.
ami attendre moi bien,Mon ami m'attend bien.
ami attendre tu bien,Mon ami t'attend bien.
bebe attendre moi bien,Le bébé m'attend bien.
chat attendre moi bien,Le chat m'attend bien.
moi attendre tu bientot,Je t'attends bientôt.
moi attendre ami bientot,J'attends mon ami bientôt.
moi attendre bebe bientot,J'attends le bébé bientôt.
tu attendre moi bientot,Tu m'attends bientôt.
ami attendre moi bientot,Mon ami m'attend bientôt.
moi attendre tu ici,Je t'attends ici.
moi attendre ami ici,J'attends mon ami ici.
moi non attendre ami bien,Je n'attends pas bien mon ami.
tu non attendre moi bien,Tu ne m'attends pas bien.
moi non attendre bebe bientot,Je n'attends pas le bébé bientôt.
moi manger ami bien,Je mange bien mon ami.
moi manger bebe bien,Je mange bien le bébé.
moi manger chat bien,Je mange bien le chat.
moi manger ami bientot,Je mange mon ami bientôt.
moi manger bebe ici,Je mange le bébé ici.
tu manger moi bien,Tu me manges bien.
tu manger ami bien,Tu manges bien mon ami.
nous manger bebe bien,Nous mangeons bien le bébé.
ami manger moi bien,Mon ami me mange bien.
ami manger bebe bientot,Mon ami mange le bébé bientôt.
moi non manger moi bien,Je ne mange pas bien.
moi non manger ami bien,Je ne mange pas bien mon ami.
tu non manger moi bien,Tu ne me manges pas bien.
moi boire ami bientot,Je bois mon ami bientôt.
moi boire chat ici,Je bois le chat ici.
tu boire moi bien,Tu me bois bien.
nous boire ami bientot,Nous buvons mon ami bientôt.
moi apprendre ami bien,J'apprends mon ami bien.
moi apprendre bebe bientot,J'apprends le bébé bientôt.
tu apprendre moi bien,Tu m'apprends bien.
nous apprendre ami bientot,Nous apprenons mon ami bientôt.
ami apprendre moi bien,Mon ami m'apprend bien.
moi non apprendre ami bien,Je n'apprends pas bien mon ami.
moi donner aide moi bientot,Je donne de l'aide bientôt.
moi donner aide tu bientot,Je te donne de l'aide bientôt.
moi donner aide ami bientot,Je donne de l'aide à mon ami bientôt.
moi donner aide bebe bientot,Je donne de l'aide au bébé bientôt.
moi donner aide chat bientot,Je donne de l'aide au chat bientôt.
moi donner aide moi bien,Je donne de l'aide bien.
moi donner aide tu bien,Je te donne de l'aide bien.
moi donner aide ami bien,Je donne de l'aide à mon ami bien.
moi donner aide bebe bien,Je donne de l'aide au bébé bien.
tu donner aide moi bien,Tu me donnes de l'aide bien.
tu donner aide ami bientot,Tu donnes de l'aide à mon ami bientôt.
nous donner aide ami bien,Nous donnons de l'aide à mon ami bien.
ami donner aide moi bien,Mon ami me donne de l'aide bien.
moi donner amour tu bientot,Je te donne de l'amour bientôt.
moi donner amour ami bien,Je donne de l'amour à mon ami bien.
moi donner amour bebe bientot,Je donne de l'amour au bébé bientôt.
tu donner amour moi bien,Tu me donnes de l'amour bien.
nous donner amour ami bientot,Nous donnons de l'amour à mon ami bientôt.
ami donner amour moi bientot,Mon ami me donne de l'amour bientôt.
moi non donner aide tu bientot,Je ne te donne pas d'aide bientôt.
moi non donner amour ami bien,Je ne donne pas d'amour à mon ami bien.
aujourd hui moi aimer tu,Aujourd'hui je t'aime.
aujourd hui moi aimer moi,Aujourd'hui j'aime.
aujourd hui moi aimer ami,Aujourd'hui j'aime mon ami.
aujourd hui moi aimer bebe,Aujourd'hui j'aime le bébé.
aujourd hui moi aimer chat,Aujourd'hui j'aime le chat.
aujourd hui tu aimer moi,Aujourd'hui tu m'aimes.
aujourd hui tu aimer ami,Aujourd'hui tu aimes mon ami.
aujourd hui nous aimer ami,Aujourd'hui nous aimons mon ami.
aujourd hui ami aimer moi,Aujourd'hui mon ami m'aime.
aujourd hui moi attendre tu,Aujourd'hui je t'attends.
aujourd hui moi attendre ami,Aujourd'hui j'attends mon ami.
aujourd hui tu attendre moi,Aujourd'hui tu m'attends.
aujourd hui nous attendre ami,Aujourd'hui nous attendons mon ami.
aujourd hui moi comprendre ami,Aujourd'hui je comprends mon ami.
aujourd hui tu comprendre moi,Aujourd'hui tu me comprends.
aujourd hui moi changer ami,Aujourd'hui je change mon ami.
aujourd hui tu changer moi,Aujourd'hui tu me changes.
aujourd hui moi manger ami,Aujourd'hui je mange mon ami.
aujourd hui tu manger moi,Aujourd'hui tu me manges.
aujourd hui moi donner aide ami,Aujourd'hui je donne de l'aide à mon ami.
aujourd hui tu donner amour moi,Aujourd'hui tu me donnes de l'amour.
comment moi aimer tu,Comment je t'aime ?
comment moi aimer moi,Comment j'aime ?
comment moi aimer ami,Comment j'aime mon ami ?
comment moi aimer bebe,Comment j'aime le bébé ?
comment moi aimer chat,Comment j'aime le chat ?
comment tu aimer moi,Comment tu m'aimes ?
comment tu aimer ami,Comment tu aimes mon ami ?
comment nous aimer ami,Comment nous aimons mon ami ?
comment ami aimer moi,Comment mon ami m'aime ?
comment moi attendre tu,Comment je t'attends ?
comment moi attendre ami,Comment j'attends mon ami ?
comment tu attendre moi,Comment tu m'attends ?
comment nous attendre ami,Comment nous attendons mon ami ?
comment moi comprendre ami,Comment je comprends mon ami ?
comment tu comprendre moi,Comment tu me comprends ?
comment moi changer ami,Comment je change mon ami ?
comment moi manger ami,Comment je mange mon ami ?
comment moi manger bebe,Comment je mange le bébé ?
comment tu manger moi,Comment tu me manges ?
comment moi donner aide ami,Comment je donne de l'aide à mon ami ?
comment tu donner amour moi,Comment tu me donnes de l'amour ?
bonjour moi aimer tu,Bonjour je t'aime !
bonjour moi aimer moi,Bonjour j'aime !
bonjour moi aimer ami,Bonjour j'aime mon ami !
bonjour moi aimer bebe,Bonjour j'aime le bébé !
bonjour moi aimer chat,Bonjour j'aime le chat !
bonjour tu aimer moi,Bonjour tu m'aimes !
bonjour tu aimer ami,Bonjour tu aimes mon ami !
bonjour moi attendre tu,Bonjour je t'attends !
bonjour moi attendre ami,Bonjour j'attends mon ami !
bonjour tu attendre moi,Bonjour tu m'attends !
bonjour moi comprendre ami,Bonjour je comprends mon ami !
bonjour moi changer ami,Bonjour je change mon ami !
bonjour moi manger ami,Bonjour je mange mon ami !
bonjour tu manger moi,Bonjour tu me manges !
bonjour moi donner aide ami,Bonjour je donne de l'aide à mon ami !
bonjour tu donner amour moi,Bonjour tu me donnes de l'amour !
merci moi aimer tu,Merci je t'aime !
merci moi aimer ami,Merci j'aime mon ami !
merci tu aimer moi,Merci tu m'aimes !
merci moi attendre ami,Merci j'attends mon ami !
merci moi comprendre ami,Merci je comprends mon ami !
merci tu donner aide moi,Merci tu me donnes de l'aide !
au revoir moi aimer ami,Au revoir j'aime mon ami !
au revoir moi attendre ami,Au revoir j'attends mon ami !
au revoir tu aimer moi,Au revoir tu m'aimes !
moi vouloir aimer tu,Je veux t'aimer.
moi vouloir aimer ami,Je veux aimer mon ami.
moi vouloir aimer bebe,Je veux aimer le bébé.
moi vouloir aimer chat,Je veux aimer le chat.
moi vouloir attendre tu,Je veux t'attendre.
moi vouloir attendre ami,Je veux attendre mon ami.
moi vouloir comprendre ami,Je veux comprendre mon ami.
moi vouloir changer ami,Je veux changer mon ami.
tu vouloir aimer moi,Tu veux m'aimer.
tu vouloir aimer ami,Tu veux aimer mon ami.
tu vouloir attendre moi,Tu veux m'attendre.
nous vouloir aimer ami,Nous voulons aimer mon ami.
nous vouloir attendre ami,Nous voulons attendre mon ami.
ami vouloir aimer moi,Mon ami veut m'aimer.
ami vouloir attendre moi,Mon ami veut m'attendre.
moi non vouloir aimer tu,Je ne veux pas t'aimer.
moi non vouloir aimer ami,Je ne veux pas aimer mon ami.
moi non vouloir attendre ami,Je ne veux pas attendre mon ami.
tu non vouloir aimer moi,Tu ne veux pas m'aimer.
nous non vouloir attendre ami,Nous ne voulons pas attendre mon ami.
moi vouloir manger moi,Je veux manger.
moi vouloir manger tu,Je veux te manger.
moi vouloir manger ami,Je veux manger mon ami.
moi vouloir manger bebe,Je veux manger le bébé.
moi vouloir manger chat,Je veux manger le chat.
moi vouloir boire moi,Je veux boire.
moi vouloir boire ami,Je veux boire mon ami.
moi vouloir aller moi,Je veux aller.
moi vouloir aller ami,Je veux aller mon ami.
moi vouloir apprendre moi,Je veux apprendre.
moi vouloir apprendre ami,Je veux apprendre mon ami.
moi vouloir comprendre moi,Je veux comprendre.
moi vouloir comprendre ami,Je veux comprendre mon ami.
moi vouloir changer moi,Je veux changer.
moi vouloir changer ami,Je veux changer mon ami.
moi vouloir attendre moi,Je veux attendre.
moi vouloir donner moi,Je veux donner.
tu vouloir manger moi,Tu veux me manger.
tu vouloir manger ami,Tu veux manger mon ami.
nous vouloir manger ami,Nous voulons manger mon ami.
ami vouloir manger moi,Mon ami veut me manger.
moi aimer tu avec ami,J'aime toi avec mon ami.
moi aimer ami avec bebe,J'aime mon ami avec le bébé.
moi aimer bebe avec chat,J'aime le bébé avec le chat.
moi aimer chat avec bebe,J'aime le chat avec le bébé.
tu aimer moi avec ami,Tu m'aimes avec mon ami.
tu aimer ami avec moi,Tu aimes mon ami avec moi.
nous aimer ami avec tu,Nous aimons mon ami avec toi.
ami aimer moi avec tu,Mon ami m'aime avec toi.
moi attendre tu avec ami,J'attends toi avec mon ami.
moi attendre ami avec bebe,J'attends mon ami avec le bébé.
tu attendre moi avec ami,Tu m'attends avec mon ami.
nous attendre ami avec tu,Nous attendons mon ami avec toi.
ami attendre moi avec tu,Mon ami m'attend avec toi.
moi comprendre ami avec tu,Je comprends mon ami avec toi.
moi comprendre bebe avec ami,Je comprends le bébé avec mon ami.
moi changer ami avec tu,Je change mon ami avec toi.
moi changer bebe avec ami,Je change le bébé avec mon ami.
moi manger ami avec tu,Je mange mon ami avec toi.
moi manger bebe avec ami,Je mange le bébé avec mon ami.
tu manger moi avec ami,Tu me manges avec mon ami.
moi donner aide ami avec tu,Je donne de l'aide à mon ami avec toi.
moi donner amour bebe avec ami,Je donne de l'amour au bébé avec mon ami.
aujourd hui moi aimer tu avec ami,Aujourd'hui j'aime toi avec mon ami.
aujourd hui moi aimer ami avec bebe,Aujourd'hui j'aime mon ami avec le bébé.
aujourd hui moi attendre tu avec ami,Aujourd'hui j'attends toi avec mon ami.
aujourd hui moi comprendre ami avec tu,Aujourd'hui je comprends mon ami avec toi.
aujourd hui moi manger ami avec tu,Aujourd'hui je mange mon ami avec toi.
aujourd hui moi donner aide ami avec tu,Aujourd'hui je donne de l'aide à mon ami avec toi.
comment moi aimer tu avec ami,Comment j'aime toi avec mon ami ?
comment moi aimer ami avec bebe,Comment j'aime mon ami avec le bébé ?
comment moi attendre tu avec ami,Comment j'attends toi avec mon ami ?
comment moi comprendre ami avec tu,Comment je comprends mon ami avec toi ?
comment moi manger ami avec tu,Comment je mange mon ami avec toi ?
bonjour moi aimer tu avec ami,Bonjour j'aime toi avec mon ami !
bonjour moi aimer ami avec bebe,Bonjour j'aime mon ami avec le bébé !
bonjour moi attendre tu avec ami,Bonjour j'attends toi avec mon ami !
merci moi aimer ami avec bebe bientot,Merci j'aime mon ami avec le bébé bientôt !
merci moi attendre tu avec ami bientot,Merci j'attends toi avec mon ami bientôt !
au revoir moi aimer ami avec tu bientot,Au revoir j'aime mon ami avec toi bientôt !
moi non aimer tu avec ami,Je n'aime pas toi avec mon ami.
moi non aimer ami avec bebe,Je n'aime pas mon ami avec le bébé.
moi non attendre tu avec ami,Je n'attends pas toi avec mon ami.
moi non comprendre ami avec tu,Je ne comprends pas mon ami avec toi.
moi non manger ami avec tu,Je ne mange pas mon ami avec toi.
tu non aimer moi avec ami,Tu ne m'aimes pas avec mon ami.
nous non aimer ami avec tu,Nous n'aimons pas mon ami avec toi.
ami non aimer moi avec tu,Mon ami ne m'aime pas avec toi.
moi non donner aide ami avec tu,Je ne donne pas d'aide à mon ami avec toi.
tu non donner amour moi avec ami,Tu ne me donnes pas d'amour avec mon ami.
moi vouloir aimer tu avec ami,Je veux t'aimer avec mon ami.
moi vouloir aimer ami avec bebe,Je veux aimer mon ami avec le bébé.
moi vouloir attendre ami avec tu,Je veux attendre mon ami avec toi.
tu vouloir aimer moi avec nous,Tu veux m'aimer avec nous.
moi non vouloir aimer ami avec tu,Je ne veux pas aimer mon ami avec toi.
moi non vouloir attendre ami avec tu,Je ne veux pas attendre mon ami avec toi.
moi aimer tu avec ami bien,J'aime toi avec mon ami bien.
moi aimer ami avec bebe bientot,J'aime mon ami avec le bébé bientôt.
moi aimer bebe avec chat bien,J'aime le bébé avec le chat bien.
tu aimer moi avec ami bientot,Tu m'aimes avec mon ami bientôt.
moi attendre tu avec ami bientot,J'attends toi avec mon ami bientôt.
moi attendre ami avec bebe bien,J'attends mon ami avec le bébé bien.
tu attendre moi avec ami bien,Tu m'attends avec mon ami bien.
moi comprendre ami avec tu bien,Je comprends mon ami avec toi bien.
moi changer ami avec tu bientot,Je change mon ami avec toi bientôt.
moi manger ami avec tu bien,Je mange mon ami avec toi bien.
moi manger bebe avec ami bientot,Je mange le bébé avec mon ami bientôt.
moi donner aide ami avec tu bien,Je donne de l'aide à mon ami avec toi bien.
moi donner amour bebe avec ami bientot,Je donne de l'amour au bébé avec mon ami bientôt.
tu donner aide moi avec ami bien,Tu me donnes de l'aide avec mon ami bien.
moi non aimer ami avec bebe bien,Je n'aime pas mon ami avec le bébé bien.
moi non attendre tu avec ami bientot,Je n'attends pas toi avec mon ami bientôt.
moi non manger ami avec tu bien,Je ne mange pas mon ami avec toi bien.
moi aller bien ici,Je pars bien ici.
moi manger bien ici,Je mange bien ici.
moi boire bien ici,Je bois bien ici.
moi apprendre bien ici,J'apprends bien ici.
tu aller bientot ici,Tu pars bientôt ici.
nous manger bien ici,Nous mangeons bien ici.
ami aller bientot ici,Mon ami part bientôt ici.
moi manger avec ami bien ici,Je mange avec mon ami bien ici.
moi aller avec tu bientot ici,Je pars avec toi bientôt ici.
moi apprendre avec ami bien ici,J'apprends avec mon ami bien ici.
moi vouloir manger bien ici,Je veux manger bien ici.
moi vouloir aller bientot ici,Je veux aller bientôt ici.
tu vouloir apprendre bien ici,Tu veux apprendre bien ici.
moi non manger bien ici,Je ne mange pas bien ici.
moi non aller bientot ici,Je ne pars pas bientôt ici.
moi aimer ami bien ici,J'aime mon ami bien ici.
moi attendre ami bientot ici,J'attends mon ami bientôt ici.
moi donner aide ami bientot ici,Je donne de l'aide à mon ami bientôt ici.
moi manger bientot bien,Je mange bientôt bien.
moi boire bientot bien,Je bois bientôt bien.
moi aller bientot bien,Je pars bientôt bien.
moi apprendre bientot bien,J'apprends bientôt bien.
tu manger bientot bien,Tu manges bientôt bien.
nous aller bientot bien,Nous partons bientôt bien.
ami manger bientot bien,Mon ami mange bientôt bien.
moi manger avec ami bientot bien,Je mange avec mon ami bientôt bien.
moi aller avec tu bientot bien,Je pars avec toi bientôt bien.
moi aimer ami bientot bien,J'aime mon ami bientôt bien.
moi attendre ami bientot bien,J'attends mon ami bientôt bien.
moi vouloir manger bientot bien,Je veux manger bientôt bien.
moi vouloir aller bientot bien,Je veux aller bientôt bien.
tu vouloir apprendre bientot bien,Tu veux apprendre bientôt bien.
moi non manger bientot bien,Je ne mange pas bientôt bien.
moi non aller bientot bien,Je ne pars pas bientôt bien.
moi donner aide ami bientot bien,Je donne de l'aide à mon ami bientôt bien.
moi comprendre ami bientot bien,Je comprends mon ami bientôt bien.
aujourd hui moi manger avec ami bien ici,Aujourd'hui je mange avec mon ami bien ici.
aujourd hui moi aller avec tu bientot bien,Aujourd'hui je pars avec toi bientôt bien.
aujourd hui moi aimer ami bientot bien,Aujourd'hui j'aime mon ami bientôt bien.
aujourd hui moi attendre ami bientot bien,Aujourd'hui j'attends mon ami bientôt bien.
aujourd hui moi donner aide ami bientot bien,Aujourd'hui je donne de l'aide à mon ami bientôt bien.
bonjour moi manger avec ami bien ici,Bonjour je mange avec mon ami bien ici !
bonjour moi aimer ami bientot bien,Bonjour j'aime mon ami bientôt bien !
bonjour moi aller avec tu bientot bien,Bonjour je pars avec toi bientôt bien !
merci moi apprendre avec ami bien ici,Merci j'apprends avec mon ami bien ici !
merci moi aimer ami bientot bien,Merci j'aime mon ami bientôt bien !
au revoir moi aller avec ami bientot bien,Au revoir je pars avec mon ami bientôt bien !
comment moi manger avec ami bien ici,Comment je mange avec mon ami bien ici ?
comment moi aimer ami bientot bien,Comment j'aime mon ami bientôt bien ?
comment moi aller avec tu bientot bien,Comment je pars avec toi bientôt bien ?
moi non manger avec ami bien ici,Je ne mange pas avec mon ami bien ici.
moi non aimer ami bientot bien,Je n'aime pas mon ami bientôt bien.
moi non aller avec tu bientot bien,Je ne pars pas avec toi bientôt bien.
moi vouloir aimer tu avec ami bientot,Je veux t'aimer avec mon ami bientôt.
moi vouloir aimer ami avec bebe bien,Je veux aimer mon ami avec le bébé bien.
moi vouloir attendre ami avec tu bientot,Je veux attendre mon ami avec toi bientôt.
moi vouloir comprendre ami avec tu bien,Je veux comprendre mon ami avec toi bien.
moi vouloir manger ami avec tu bientot,Je veux manger mon ami avec toi bientôt.
tu vouloir aimer moi avec ami bien,Tu veux m'aimer avec mon ami bien.
nous vouloir aimer ami avec tu bientot,Nous voulons aimer mon ami avec toi bientôt.
ami vouloir attendre moi avec tu bien,Mon ami veut m'attendre avec toi bien.
moi non vouloir aimer ami avec tu bientot,Je ne veux pas aimer mon ami avec toi bientôt.
moi non vouloir attendre ami avec tu bien,Je ne veux pas attendre mon ami avec toi bien.
aujourd hui moi vouloir aimer ami avec tu bientot,Aujourd'hui je veux aimer mon ami avec toi bientôt.
aujourd hui moi vouloir attendre ami avec bebe bien,Aujourd'hui je veux attendre mon ami avec le bébé bien.
bonjour moi vouloir aimer ami avec tu bientot,Bonjour je veux aimer mon ami avec toi bientôt !
bonjour moi vouloir attendre ami avec tu bien,Bonjour je veux attendre mon ami avec toi bien !
comment moi vouloir aimer ami avec tu bientot,Comment je veux aimer mon ami avec toi bientôt ?
moi aimer amour,J'aime de l'amour.
moi aimer aide,J'aime de l'aide.
tu aimer amour,Tu aimes de l'amour.
tu aimer aide,Tu aimes de l'aide.
nous aimer amour,Nous aimons de l'amour.
nous aimer aide,Nous aimons de l'aide.
ami aimer amour,Mon ami aime de l'amour.
ami aimer aide,Mon ami aime de l'aide.
bebe aimer amour,Le bébé aime de l'amour.
bebe aimer aide,Le bébé aime de l'aide.
chat aimer amour,Le chat aime de l'amour.
chat aimer aide,Le chat aime de l'aide.
moi non aimer amour,Je n'aime pas de l'amour.
moi non aimer aide,Je n'aime pas de l'aide.
tu non aimer amour,Tu n'aimes pas de l'amour.
tu non aimer aide,Tu n'aimes pas de l'aide.
nous non aimer amour,Nous n'aimons pas de l'amour.
nous non aimer aide,Nous n'aimons pas de l'aide.
ami non aimer amour,Mon ami n'aime pas de l'amour.
bebe non aimer amour,Le bébé n'aime pas de l'amour.
chat non aimer amour,Le chat n'aime pas de l'amour.
moi vouloir amour bientot,Je veux de l'amour bientôt.
moi vouloir aide bientot,Je veux de l'aide bientôt.
tu vouloir amour bientot,Tu veux de l'amour bientôt.
tu vouloir aide bientot,Tu veux de l'aide bientôt.
nous vouloir amour bientot,Nous voulons de l'amour bientôt.
ami vouloir amour bientot,Mon ami veut de l'amour bientôt.
bebe vouloir amour bientot,Le bébé veut de l'amour bientôt.
moi apprendre ici,J'apprends ici.
tu apprendre ici,Tu apprends ici.
nous apprendre ici,Nous apprenons ici.
ami apprendre ici,Mon ami apprend ici.
bebe apprendre ici,Le bébé apprend ici.
chat apprendre ici,Le chat apprend ici.
moi comprendre bientot,Je comprends bientôt.
tu comprendre bientot,Tu comprends bientôt.
nous comprendre bientot,Nous comprenons bientôt.
ami comprendre bientot,Mon ami comprend bientôt.
bebe comprendre bientot,Le bébé comprend bientôt.
chat comprendre bientot,Le chat comprend bientôt.
moi changer ici,Je change ici.
tu changer ici,Tu changes ici.
nous changer ici,Nous changeons ici.
ami changer ici,Mon ami change ici.
moi donner bientot,Je donne bientôt.
tu donner bientot,Tu donnes bientôt.
nous donner bientot,Nous donnons bientôt.
ami donner bientot,Mon ami donne bientôt.
moi attendre bon,J'attends bien.
tu attendre bon,Tu attends bien.
nous attendre bon,Nous attendons bien.
ami attendre bon,Mon ami attend bien.
moi donner bon,Je donne bien.
tu donner bon,Tu donnes bien.
nous donner bon,Nous donnons bien.
moi aller moi bientot,Je pars bientôt.
moi aller tu bientot,Je te pars bientôt.
moi aller ami bientot,Je pars mon ami bientôt.
moi boire moi bientot,Je bois bientôt.
moi boire ami bientot,Je bois mon ami bientôt.
moi comprendre moi bientot,Je comprends bientôt.
moi comprendre tu ici,Je te comprends ici.
moi comprendre ami ici,Je comprends mon ami ici.
moi changer moi ici,Je change ici.
moi changer tu ici,Je te change ici.
moi changer ami ici,Je change mon ami ici.
moi donner moi bientot,Je donne bientôt.
moi donner tu bientot,Je te donne bientôt.
moi donner ami ici,Je donne mon ami ici.
moi apprendre tu bientot,J'apprends toi bientôt.
moi apprendre ami ici,J'apprends mon ami ici.
tu aller moi bientot,Tu me pars bientôt.
tu comprendre moi bientot,Tu me comprends bientôt.
tu changer ami ici,Tu changes mon ami ici.
tu donner moi bientot,Tu me donnes bientôt.
tu apprendre moi ici,Tu m'apprends ici.
nous comprendre ami bientot,Nous comprenons mon ami bientôt.
nous changer ami ici,Nous changeons mon ami ici.
ami comprendre moi bientot,Mon ami me comprend bientôt.
ami changer moi ici,Mon ami me change ici.
ami donner moi bientot,Mon ami me donne bientôt.
moi manger amour,Je mange de l'amour.
moi manger aide,Je mange de l'aide.
tu manger amour,Tu manges de l'amour.
tu manger aide,Tu manges de l'aide.
nous manger amour,Nous mangeons de l'amour.
nous manger aide,Nous mangeons de l'aide.
ami manger amour,Mon ami mange de l'amour.
bebe manger amour,Le bébé mange de l'amour.
chat manger amour,Le chat mange de l'amour.
moi boire amour,Je bois de l'amour.
moi boire aide,Je bois de l'aide.
tu boire amour,Tu bois de l'amour.
moi non manger amour,Je ne mange pas de l'amour.
moi non manger aide,Je ne mange pas de l'aide.
tu non manger amour,Tu ne manges pas de l'amour.
nous non manger aide,Nous ne mangeons pas de l'aide.
moi comprendre amour,Je comprends de l'amour.
moi comprendre aide,Je comprends de l'aide.
tu comprendre amour,Tu comprends de l'amour.
moi changer amour,Je change de l'amour.
moi changer aide,Je change de l'aide.
moi attendre amour,J'attends de l'amour.
moi attendre aide,J'attends de l'aide.
tu attendre amour,Tu attends de l'amour.
moi non comprendre amour,Je ne comprends pas de l'amour.
moi non attendre amour,Je n'attends pas de l'amour.
moi manger amour bientot,Je mange de l'amour bientôt.
moi manger aide bien,Je mange de l'aide bien.
tu manger amour bien,Tu manges de l'amour bien.
nous manger aide bientot,Nous mangeons de l'aide bientôt.
moi boire amour bientot,Je bois de l'amour bientôt.
moi boire aide bien,Je bois de l'aide bien.
moi comprendre amour bien,Je comprends de l'amour bien.
moi changer amour bientot,Je change de l'amour bientôt.
moi attendre amour bientot,J'attends de l'amour bientôt.
moi attendre aide bien,J'attends de l'aide bien.
tu attendre amour bientot,Tu attends de l'amour bientôt.
moi manger amour avec ami,Je mange de l'amour avec mon ami.
moi manger aide avec tu,Je mange de l'aide avec toi.
moi boire amour avec ami,Je bois de l'amour avec mon ami.
moi comprendre amour avec tu,Je comprends de l'amour avec toi.
moi attendre amour avec ami,J'attends de l'amour avec mon ami.
moi non manger amour bientot,Je ne mange pas de l'amour bientôt.
moi non boire aide bien,Je ne bois pas de l'aide bien.
moi non comprendre amour avec ami,Je ne comprends pas de l'amour avec mon ami.
moi vouloir manger amour,Je veux manger de l'amour.
moi vouloir manger aide,Je veux manger de l'aide.
moi vouloir boire amour,Je veux boire de l'amour.
moi vouloir comprendre amour,Je veux comprendre de l'amour.
moi vouloir attendre amour,Je veux attendre de l'amour.
aujourd hui moi manger amour,Aujourd'hui je mange de l'amour.
aujourd hui moi manger aide,Aujourd'hui je mange de l'aide.
aujourd hui moi boire amour,Aujourd'hui je bois de l'amour.
aujourd hui moi comprendre amour,Aujourd'hui je comprends de l'amour.
aujourd hui moi attendre amour,Aujourd'hui j'attends de l'amour.
aujourd hui tu manger amour,Aujourd'hui tu manges de l'amour.
aujourd hui nous manger aide,Aujourd'hui nous mangeons de l'aide.
aujourd hui ami manger amour,Aujourd'hui mon ami mange de l'amour.
comment moi manger amour,Comment je mange de l'amour ?
comment moi manger aide,Comment je mange de l'aide ?
comment tu boire amour,Comment tu bois de l'amour ?
comment moi comprendre amour,Comment je comprends de l'amour ?
comment moi attendre amour,Comment j'attends de l'amour ?
bonjour moi manger amour,Bonjour je mange de l'amour !
bonjour moi manger aide,Bonjour je mange de l'aide !
bonjour moi boire amour,Bonjour je bois de l'amour !
merci moi manger amour,Merci je mange de l'amour !
au revoir moi manger aide,Au revoir je mange de l'aide !
moi non manger amour avec ami,Je ne mange pas de l'amour avec mon ami.
moi non boire aide bien,Je ne bois pas de l'aide bien.
moi non attendre amour bientot,Je n'attends pas de l'amour bientôt.
moi non comprendre aide avec tu,Je ne comprends pas de l'aide avec toi.
moi vouloir manger amour bientot,Je veux manger de l'amour bientôt.
moi vouloir manger aide bien,Je veux manger de l'aide bien.
moi vouloir boire amour bientot,Je veux boire de l'amour bientôt.
moi vouloir comprendre amour bien,Je veux comprendre de l'amour bien.
moi vouloir attendre amour bientot,Je veux attendre de l'amour bientôt.
moi vouloir manger amour avec ami,Je veux manger de l'amour avec mon ami.
moi vouloir manger aide avec tu,Je veux manger de l'aide avec toi.
moi vouloir boire amour avec ami,Je veux boire de l'amour avec mon ami.
tu vouloir manger amour bientot,Tu veux manger de l'amour bientôt.
nous vouloir manger aide bien,Nous voulons manger de l'aide bien.
ami vouloir manger amour bientot,Mon ami veut manger de l'amour bientôt.
moi non vouloir manger amour,Je ne veux pas manger de l'amour.
moi non vouloir manger aide,Je ne veux pas manger de l'aide.
tu non vouloir boire amour,Tu ne veux pas boire de l'amour.
aujourd hui moi vouloir manger amour,Aujourd'hui je veux manger de l'amour.
aujourd hui moi vouloir boire aide,Aujourd'hui je veux boire de l'aide.
comment moi vouloir manger amour,Comment je veux manger de l'amour ?
bonjour moi vouloir manger amour bientot,Bonjour je veux manger de l'amour bientôt !
moi manger avec amour,Je mange avec de l'amour.
moi manger avec aide,Je mange avec de l'aide.
moi boire avec amour,Je bois avec de l'amour.
moi aller avec amour,Je pars avec de l'amour.
moi apprendre avec amour,J'apprends avec de l'amour.
moi apprendre avec aide,J'apprends avec de l'aide.
moi comprendre avec amour,Je comprends avec de l'amour.
moi aimer avec amour,J'aime avec de l'amour.
moi aimer avec aide,J'aime avec de l'aide.
moi attendre avec amour,J'attends avec de l'amour.
moi changer avec amour,Je change avec de l'amour.
tu manger avec amour,Tu manges avec de l'amour.
tu apprendre avec amour,Tu apprends avec de l'amour.
nous manger avec amour,Nous mangeons avec de l'amour.
nous apprendre avec amour,Nous apprenons avec de l'amour.
ami manger avec amour,Mon ami mange avec de l'amour.
moi non manger avec amour,Je ne mange pas avec de l'amour.
moi non apprendre avec amour,Je n'apprends pas avec de l'amour.
moi vouloir manger avec amour,Je veux manger avec de l'amour.
moi vouloir apprendre avec amour,Je veux apprendre avec de l'amour.
moi manger avec amour bientot,Je mange avec de l'amour bientôt.
moi apprendre avec amour bien,J'apprends avec de l'amour bien.
tu manger avec amour bien,Tu manges avec de l'amour bien.
nous apprendre avec amour bientot,Nous apprenons avec de l'amour bientôt.
ami manger avec amour bien,Mon ami mange avec de l'amour bien.
aujourd hui moi manger avec amour,Aujourd'hui je mange avec de l'amour.
aujourd hui moi apprendre avec amour,Aujourd'hui j'apprends avec de l'amour.
comment moi manger avec amour,Comment je mange avec de l'amour ?
bonjour moi manger avec amour bientot,Bonjour je mange avec de l'amour bientôt !
merci moi apprendre avec amour bien,Merci j'apprends avec de l'amour bien !
moi non manger avec amour bientot,Je ne mange pas avec de l'amour bientôt.
tu non apprendre avec amour bien,Tu n'apprends pas avec de l'amour bien.
moi vouloir manger avec amour bientot,Je veux manger avec de l'amour bientôt.
moi vouloir apprendre avec amour bien,Je veux apprendre avec de l'amour bien.
tu vouloir manger avec amour bien,Tu veux manger avec de l'amour bien.
aujourd hui moi vouloir manger avec amour,Aujourd'hui je veux manger avec de l'amour.
bonjour moi vouloir manger avec amour bientot,Bonjour je veux manger avec de l'amour bientôt !
moi non manger amour avec ami bientot,Je ne mange pas de l'amour avec mon ami bientôt.
moi non manger aide avec tu bien,Je ne mange pas de l'aide avec toi bien.
moi non boire amour avec ami,Je ne bois pas de l'amour avec mon ami.
moi non comprendre amour avec tu bientot,Je ne comprends pas de l'amour avec toi bientôt.
moi non attendre amour avec ami bien,Je n'attends pas de l'amour avec mon ami bien.
moi non vouloir manger amour avec ami,Je ne veux pas manger de l'amour avec mon ami.
tu non vouloir boire aide avec moi,Tu ne veux pas boire de l'aide avec moi.
nous non vouloir manger amour avec ami,Nous ne voulons pas manger de l'amour avec mon ami.
aujourd hui moi non manger amour avec ami,Aujourd'hui je ne mange pas de l'amour avec mon ami.
aujourd hui moi non vouloir manger amour,Aujourd'hui je ne veux pas manger de l'amour.
comment moi non manger amour avec ami,Comment je ne mange pas de l'amour avec mon ami ?
bonjour moi non manger amour avec ami,Bonjour je ne mange pas de l'amour avec mon ami !
moi vouloir manger amour avec ami bientot,Je veux manger de l'amour avec mon ami bientôt.
moi vouloir manger aide avec tu bien,Je veux manger de l'aide avec toi bien.
moi vouloir boire amour avec ami bientot,Je veux boire de l'amour avec mon ami bientôt.
moi vouloir comprendre amour avec tu bien,Je veux comprendre de l'amour avec toi bien.
moi vouloir attendre amour avec ami bientot,Je veux attendre de l'amour avec mon ami bientôt.
tu vouloir manger amour avec moi bien,Tu veux manger de l'amour avec moi bien.
nous vouloir manger aide avec ami bientot,Nous voulons manger de l'aide avec mon ami bientôt.
ami vouloir manger amour avec moi bien,Mon ami veut manger de l'amour avec moi bien.
aujourd hui moi vouloir manger amour avec ami bientot,Aujourd'hui je veux manger de l'amour avec mon ami bientôt.
aujourd hui tu vouloir boire aide avec nous bientot,Aujourd'hui tu veux boire de l'aide avec nous bientôt.
bonjour moi vouloir manger amour avec ami bientot,Bonjour je veux manger de l'amour avec mon ami bientôt !
merci moi vouloir apprendre avec amour bientot,Merci je veux apprendre avec de l'amour bientôt !
comment moi vouloir manger amour avec ami bientot,Comment je veux manger de l'amour avec mon ami bientôt ?
moi non vouloir manger amour avec ami,Je ne veux pas manger de l'amour avec mon ami.
tu non vouloir manger aide avec moi,Tu ne veux pas manger de l'aide avec moi.
moi donner aide amour ami,Je donne de l'aide de l'amour à mon ami.
moi donner aide amour bebe,Je donne de l'aide de l'amour au bébé.
moi donner aide amour tu,Je te donne de l'aide de l'amour.
moi donner amour aide ami,Je donne de l'amour de l'aide à mon ami.
tu donner aide amour moi,Tu me donnes de l'aide de l'amour.
moi donner aide ami amour,Je donne de l'aide à mon ami de l'amour.
moi donner amour bebe aide,Je donne de l'amour au bébé de l'aide.
moi donner aide ami bientot ici,Je donne de l'aide à mon ami bientôt ici.
moi donner amour bebe bientot bien,Je donne de l'amour au bébé bientôt bien.
tu donner aide moi bientot bien,Tu me donnes de l'aide bientôt bien.
aujourd hui moi donner aide ami avec tu bientot,Aujourd'hui je donne de l'aide à mon ami avec toi bientôt.
aujourd hui tu donner amour bebe avec moi bien,Aujourd'hui tu donnes de l'amour au bébé avec moi bien.
bonjour moi donner aide ami avec tu bientot bien,Bonjour je donne de l'aide à mon ami avec toi bientôt bien !
merci tu donner amour moi avec ami bientot,Merci tu me donnes de l'amour avec mon ami bientôt !
comment moi donner aide ami avec tu bientot,Comment je donne de l'aide à mon ami avec toi bientôt ?
moi non donner aide ami avec tu bientot,Je ne donne pas d'aide à mon ami avec toi bientôt.
tu non donner amour moi avec ami bien,Tu ne me donnes pas d'amour avec mon ami bien.
moi aimer ami bebe chat,J'aime mon ami le bébé le chat.
moi aimer ami bebe,J'aime mon ami le bébé.
moi aimer ami chat,J'aime mon ami le chat.
moi aimer bebe ami,J'aime le bébé mon ami.
moi aimer chat ami,J'aime le chat mon ami.
moi attendre ami bebe,J'attends mon ami le bébé.
moi attendre ami chat,J'attends mon ami le chat.
moi attendre bebe ami,J'attends le bébé mon ami.
moi manger ami bebe chat,Je mange mon ami le bébé le chat.
tu aimer ami bebe,Tu aimes mon ami le bébé.
tu aimer ami chat,Tu aimes mon ami le chat.
tu attendre ami bebe,Tu attends mon ami le bébé.
nous aimer ami bebe,Nous aimons mon ami le bébé.
ami aimer moi bebe,Mon ami m'aime le bébé.
moi non aimer ami bebe,Je n'aime pas mon ami le bébé.
moi non aimer ami chat,Je n'aime pas mon ami le chat.
moi non attendre ami bebe,Je n'attends pas mon ami le bébé.
moi aimer ami bebe bientot,J'aime mon ami le bébé bientôt.
moi aimer ami chat bientot,J'aime mon ami le chat bientôt.
moi aimer bebe chat bientot,J'aime le bébé le chat bientôt.
moi attendre ami bebe bientot,J'attends mon ami le bébé bientôt.
moi attendre ami chat bien,J'attends mon ami le chat bien.
moi manger ami bebe bientot,Je mange mon ami le bébé bientôt.
tu aimer ami bebe bien,Tu aimes mon ami le bébé bien.
tu attendre ami chat bientot,Tu attends mon ami le chat bientôt.
nous aimer ami bebe bientot,Nous aimons mon ami le bébé bientôt.
moi aimer ami bebe avec tu,J'aime mon ami le bébé avec toi.
moi aimer ami chat avec ami,J'aime mon ami le chat avec mon ami.
moi attendre ami bebe avec tu,J'attends mon ami le bébé avec toi.
moi manger ami bebe avec ami,Je mange mon ami le bébé avec mon ami.
moi non aimer ami bebe bientot,Je n'aime pas mon ami le bébé bientôt.
moi non attendre ami chat bientot,Je n'attends pas mon ami le chat bientôt.
aujourd hui moi aimer ami bebe,Aujourd'hui j'aime mon ami le bébé.
aujourd hui moi attendre ami chat,Aujourd'hui j'attends mon ami le chat.
comment moi aimer ami bebe,Comment j'aime mon ami le bébé ?
bonjour moi aimer ami bebe bientot,Bonjour j'aime mon ami le bébé bientôt !
moi manger bon bientot,Je mange bien bientôt.
moi boire bon bientot,Je bois bien bientôt.
moi aller bon bientot,Je pars bien bientôt.
moi apprendre bon bientot,J'apprends bien bientôt.
tu manger bon bientot,Tu manges bien bientôt.
nous aller bon bientot,Nous partons bien bientôt.
moi manger bien bon,Je mange bien bien.
moi aller bien bon,Je pars bien bien.
moi manger bon ici,Je mange bien ici.
moi aller bon ici,Je pars bien ici.
moi apprendre bon bientot ici,J'apprends bien bientôt ici.
moi manger avec ami bon bientot,Je mange avec mon ami bien bientôt.
moi aller avec tu bon bientot,Je pars avec toi bien bientôt.
moi apprendre avec ami bon ici,J'apprends avec mon ami bien ici.
moi aimer ami bon bientot,J'aime mon ami bien bientôt.
moi attendre ami bon ici,J'attends mon ami bien ici.
moi vouloir manger bon bientot,Je veux manger bien bientôt.
moi vouloir aller bon ici,Je veux aller bien ici.
tu vouloir apprendre bon bientot,Tu veux apprendre bien bientôt.
moi vouloir manger bon bientot ici,Je veux manger bien bientôt ici.
moi vouloir apprendre bon bientot ici,Je veux apprendre bien bientôt ici.
moi vouloir aller bon bientot ici,Je veux aller bien bientôt ici.
tu vouloir manger bon bientot ici,Tu veux manger bien bientôt ici.
nous vouloir aller bon bientot ici,Nous voulons aller bien bientôt ici.
moi manger avec ami bon bientot ici,Je mange avec mon ami bien bientôt ici.
moi aller avec tu bon bientot ici,Je pars avec toi bien bientôt ici.
moi aimer ami bon bientot ici,J'aime mon ami bien bientôt ici.
moi attendre ami bon bientot ici,J'attends mon ami bien bientôt ici.
moi donner aide ami bon bientot ici,Je donne de l'aide à mon ami bien bientôt ici.
aujourd hui moi manger avec ami bon bientot ici,Aujourd'hui je mange avec mon ami bien bientôt ici.
aujourd hui moi vouloir aller bon bientot ici,Aujourd'hui je veux aller bien bientôt ici.
bonjour moi manger avec ami bon bientot ici,Bonjour je mange avec mon ami bien bientôt ici !
bonjour moi vouloir aller bon bientot ici,Bonjour je veux aller bien bientôt ici !
merci moi apprendre avec ami bon bientot,Merci j'apprends avec mon ami bien bientôt !
comment moi vouloir manger avec ami bon bientot,Comment je veux manger avec mon ami bien bientôt ?
moi non manger bon bientot,Je ne mange pas bien bientôt.
moi non aller bon ici,Je ne pars pas bien ici.
moi non apprendre bon bientot ici,Je n'apprends pas bien bientôt ici.
tu non manger bon bientot,Tu ne manges pas bien bientôt.
nous non aller bon ici,Nous ne partons pas bien ici.
moi non manger avec ami bon bientot,Je ne mange pas avec mon ami bien bientôt.
moi non aller avec tu bon bientot,Je ne pars pas avec toi bien bientôt.
moi non aimer ami bon bientot,Je n'aime pas mon ami bien bientôt.
moi non attendre ami bon ici,Je n'attends pas mon ami bien ici.
moi non vouloir manger bon bientot,Je ne veux pas manger bien bientôt.
moi non vouloir aller bon ici,Je ne veux pas aller bien ici.
aujourd hui moi non manger bon bientot,Aujourd'hui je ne mange pas bien bientôt.
aujourd hui moi non aller bon ici,Aujourd'hui je ne pars pas bien ici.
bonjour moi non manger bon bientot,Bonjour je ne mange pas bien bientôt !
merci moi non aller bon ici,Merci je ne pars pas bien ici !
aujourd hui bonjour moi manger,Bonjour aujourd'hui je mange !
aujourd hui bonjour moi aller,Bonjour aujourd'hui je pars !
aujourd hui bonjour moi apprendre,Bonjour aujourd'hui j'apprends !
aujourd hui bonjour moi vouloir,Bonjour aujourd'hui je veux !
aujourd hui bonjour tu manger,Bonjour aujourd'hui tu manges !
aujourd hui bonjour nous aller,Bonjour aujourd'hui nous partons !
aujourd hui merci moi manger,Merci aujourd'hui je mange !
aujourd hui merci moi apprendre,Merci aujourd'hui j'apprends !
aujourd hui au revoir moi aller,Au revoir aujourd'hui je pars !
aujourd hui au revoir ami aller,Au revoir aujourd'hui mon ami part !
aujourd hui comment moi manger,Comment aujourd'hui je mange ?
aujourd hui comment moi aller,Comment aujourd'hui je pars ?
aujourd hui comment tu apprendre,Comment aujourd'hui tu apprends ?
aujourd hui bonjour moi manger avec ami,Bonjour aujourd'hui je mange avec mon ami !
aujourd hui bonjour moi apprendre avec tu,Bonjour aujourd'hui j'apprends avec toi !
aujourd hui merci moi aller avec ami bientot,Merci aujourd'hui je pars avec mon ami bientôt !
moi apprendre bon,J'apprends bien.
tu apprendre bon,Tu apprends bien.
nous apprendre bon,Nous apprenons bien.
ami apprendre bon,Mon ami apprend bien.
bebe apprendre bon,Le bébé apprend bien.
chat apprendre bon,Le chat apprend bien.
moi comprendre bon,Je comprends bien.
tu comprendre bon,Tu comprends bien.
nous comprendre bon,Nous comprenons bien.
ami comprendre bon,Mon ami comprend bien.
moi changer bon,Je change bien.
tu changer bon,Tu changes bien.
nous changer bon,Nous changeons bien.
ami changer bon,Mon ami change bien.
moi aller bon,Je pars bien.
tu aller bon,Tu pars bien.
nous aller bon,Nous partons bien.
ami aller bon,Mon ami part bien.
bebe aller bon,Le bébé part bien.
chat aller bon,Le chat part bien.
moi boire bon,Je bois bien.
tu boire bon,Tu bois bien.
nous boire bon,Nous buvons bien.
ami boire bon,Mon ami boit bien.
bebe boire bon,Le bébé boit bien.
chat boire bon,Le chat boit bien.
moi apprendre bon bientot,J'apprends bien bientôt.
tu apprendre bon ici,Tu apprends bien ici.
moi manger amour ici,Je mange de l'amour ici.
moi manger aide ici,Je mange de l'aide ici.
tu manger amour ici,Tu manges de l'amour ici.
nous manger aide ici,Nous mangeons de l'aide ici.
moi boire amour ici,Je bois de l'amour ici.
moi comprendre amour ici,Je comprends de l'amour ici.
moi attendre amour ici,J'attends de l'amour ici.
moi aimer amour ici,J'aime de l'amour ici.
moi aimer aide ici,J'aime de l'aide ici.
tu aimer amour ici,Tu aimes de l'amour ici.
ami aimer amour ici,Mon ami aime de l'amour ici.
moi manger amour avec ami ici,Je mange de l'amour avec mon ami ici.
moi aimer amour avec tu ici,J'aime de l'amour avec toi ici.
moi comprendre amour avec ami ici,Je comprends de l'amour avec mon ami ici.
moi non manger amour ici,Je ne mange pas de l'amour ici.
moi non aimer aide ici,Je n'aime pas de l'aide ici.
moi vouloir manger amour ici,Je veux manger de l'amour ici.
moi vouloir aimer amour ici,Je veux aimer de l'amour ici.
aujourd hui moi manger amour ici,Aujourd'hui je mange de l'amour ici.
bonjour moi aimer amour ici,Bonjour j'aime de l'amour ici !
comment moi manger amour ici,Comment je mange de l'amour ici ?
moi manger aide bientot avec ami,Je mange de l'aide bientôt avec mon ami.
moi manger amour bien avec tu,Je mange de l'amour bien avec toi.
moi aimer amour bientot avec ami,J'aime de l'amour bientôt avec mon ami.
moi aimer aide bien avec tu,J'aime de l'aide bien avec toi.
moi comprendre amour bientot avec ami,Je comprends de l'amour bientôt avec mon ami.
moi attendre amour bien avec tu,J'attends de l'amour bien avec toi.
tu manger amour bientot avec moi,Tu manges de l'amour bientôt avec moi.
nous manger aide bientot avec ami,Nous mangeons de l'aide bientôt avec mon ami.
ami manger amour bien avec moi,Mon ami mange de l'amour bien avec moi.
moi non manger aide bientot avec ami,Je ne mange pas de l'aide bientôt avec mon ami.
moi non aimer amour bien avec tu,Je n'aime pas de l'amour bien avec toi.
aujourd hui moi manger amour bientot avec ami,Aujourd'hui je mange de l'amour bientôt avec mon ami.
aujourd hui moi aimer aide bien avec tu,Aujourd'hui j'aime de l'aide bien avec toi.
bonjour moi manger amour bientot avec ami,Bonjour je mange de l'amour bientôt avec mon ami !
merci moi aimer aide bientot avec tu,Merci j'aime de l'aide bientôt avec toi !
bebe manger,Le bébé mange.
bebe boire,Le bébé boit.
bebe aller,Le bébé part.
bebe apprendre,Le bébé apprend.
bebe comprendre,Le bébé comprend.
bebe changer,Le bébé change.
bebe aimer,Le bébé aime.
bebe vouloir,Le bébé veut.
bebe donner,Le bébé donne.
bebe attendre,Le bébé attend.
bebe non manger,Le bébé ne mange pas.
bebe non boire,Le bébé ne boit pas.
bebe non aller,Le bébé ne part pas.
bebe non apprendre,Le bébé n'apprend pas.
bebe non comprendre,Le bébé ne comprend pas.
bebe non changer,Le bébé ne change pas.
bebe non aimer,Le bébé n'aime pas.
bebe non vouloir,Le bébé ne veut pas.
bebe non donner,Le bébé ne donne pas.
bebe non attendre,Le bébé n'attend pas.
chat manger,Le chat mange.
chat boire,Le chat boit.
chat aller,Le chat part.
chat apprendre,Le chat apprend.
chat comprendre,Le chat comprend.
chat changer,Le chat change.
chat aimer,Le chat aime.
chat vouloir,Le chat veut.
chat donner,Le chat donne.
chat attendre,Le chat attend.
chat non manger,Le chat ne mange pas.
chat non boire,Le chat ne boit pas.
chat non aller,Le chat ne part pas.
chat non apprendre,Le chat n'apprend pas.
chat non comprendre,Le chat ne comprend pas.
chat non changer,Le chat ne change pas.
chat non aimer,Le chat n'aime pas.
chat non vouloir,Le chat ne veut pas.
chat non donner,Le chat ne donne pas.
chat non attendre,Le chat n'attend pas.
bebe manger aide,Le bébé mange de l'aide.
bebe aimer amour,Le bébé aime de l'amour.
bebe comprendre aide,Le bébé comprend de l'aide.
bebe apprendre amour,Le bébé apprend de l'amour.
bebe donner aide,Le bébé donne de l'aide.
bebe attendre amour,Le bébé attend de l'amour.
bebe aimer chat,Le bébé aime le chat.
bebe changer aide,Le bébé change de l'aide.
chat manger aide,Le chat mange de l'aide.
chat aimer amour,Le chat aime de l'amour.
chat comprendre aide,Le chat comprend de l'aide.
chat apprendre amour,Le chat apprend de l'amour.
chat donner amour,Le chat donne de l'amour.
chat attendre aide,Le chat attend de l'aide.
chat aimer bebe,Le chat aime le bébé.
chat changer aide,Le chat change de l'aide.
bebe non manger aide,Le bébé ne mange pas d'aide.
bebe non aimer amour,Le bébé n'aime pas d'amour.
chat non comprendre aide,Le chat ne comprend pas d'aide.
chat non aimer amour,Le chat n'aime pas d'amour.
bebe manger avec ami,Le bébé mange avec mon ami.
bebe boire avec moi,Le bébé boit avec moi.
bebe apprendre avec tu,Le bébé apprend avec toi.
bebe manger aide bientot,Le bébé mange de l'aide bientôt.
bebe aimer amour bien,Le bébé aime de l'amour bien.
bebe aimer chat bien,Le bébé aime le chat bien.
bebe aimer chat ici,Le bébé aime le chat ici.
bebe manger avec moi bien,Le bébé mange avec moi bien.
chat boire avec ami,Le chat boit avec mon ami.
chat manger avec moi,Le chat mange avec moi.
chat apprendre avec tu,Le chat apprend avec toi.
chat aimer amour bien,Le chat aime de l'amour bien.
chat aimer bebe ici,Le chat aime le bébé ici.
chat boire avec ami bientot,Le chat boit avec mon ami bientôt.
bebe vouloir manger,Le bébé veut manger.
bebe vouloir boire,Le bébé veut boire.
bebe vouloir apprendre,Le bébé veut apprendre.
bebe vouloir aimer,Le bébé veut aimer.
chat vouloir manger,Le chat veut manger.
chat vouloir boire,Le chat veut boire.
chat vouloir apprendre,Le chat veut apprendre.
chat vouloir aimer,Le chat veut aimer.
chat vouloir comprendre,Le chat veut comprendre.
bebe non vouloir manger,Le bébé ne veut pas manger.
bebe non vouloir boire,Le bébé ne veut pas boire.
chat non vouloir boire,Le chat ne veut pas boire.
chat non vouloir manger,Le chat ne veut pas manger.
aujourd hui bebe manger,Aujourd'hui le bébé mange.
aujourd hui bebe boire,Aujourd'hui le bébé boit.
aujourd hui bebe apprendre,Aujourd'hui le bébé apprend.
aujourd hui bebe non manger,Aujourd'hui le bébé ne mange pas.
aujourd hui bebe aimer chat,Aujourd'hui le bébé aime le chat.
aujourd hui chat manger,Aujourd'hui le chat mange.
aujourd hui chat boire,Aujourd'hui le chat boit.
aujourd hui chat apprendre,Aujourd'hui le chat apprend.
aujourd hui chat non manger,Aujourd'hui le chat ne mange pas.
aujourd hui chat aimer bebe,Aujourd'hui le chat aime le bébé.
bonjour bebe manger,Bonjour le bébé mange !
bonjour bebe aimer chat,Bonjour le bébé aime le chat !
bonjour chat boire,Bonjour le chat boit !
bonjour chat aimer bebe,Bonjour le chat aime le bébé !
au revoir bebe,Au revoir le bébé !
au revoir chat,Au revoir le chat !
merci bebe manger,Merci le bébé mange !
merci chat boire,Merci le chat boit !
comment bebe manger,Comment le bébé mange ?
comment bebe boire,Comment le bébé boit ?
comment chat manger,Comment le chat mange ?
comment chat boire,Comment le chat boit ?
comment bebe non manger,Comment le bébé ne mange pas ?
ami non manger,Mon ami ne mange pas.
ami non boire,Mon ami ne boit pas.
ami non aller,Mon ami ne part pas.
ami non apprendre,Mon ami n'apprend pas.
ami non comprendre,Mon ami ne comprend pas.
ami non changer,Mon ami ne change pas.
ami non aimer,Mon ami n'aime pas.
ami non vouloir,Mon ami ne veut pas.
ami non donner,Mon ami ne donne pas.
ami non attendre,Mon ami n'attend pas.
ami vouloir manger,Mon ami veut manger.
ami vouloir boire,Mon ami veut boire.
ami vouloir apprendre,Mon ami veut apprendre.
ami vouloir aimer,Mon ami veut aimer.
ami vouloir comprendre,Mon ami veut comprendre.
ami non vouloir manger,Mon ami ne veut pas manger.
ami non vouloir boire,Mon ami ne veut pas boire.
ami non vouloir apprendre,Mon ami ne veut pas apprendre.
ami manger aide,Mon ami mange de l'aide.
ami aimer amour,Mon ami aime de l'amour.
ami comprendre aide,Mon ami comprend de l'aide.
ami apprendre amour,Mon ami apprend de l'amour.
ami changer aide,Mon ami change de l'aide.
ami attendre amour,Mon ami attend de l'amour.
ami manger aide bientot,Mon ami mange de l'aide bientôt.
ami aimer amour ici,Mon ami aime de l'amour ici.
ami apprendre aide bon,Mon ami apprend de l'aide bien.
ami non manger aide,Mon ami ne mange pas d'aide.
ami non aimer amour,Mon ami n'aime pas d'amour.
ami manger avec bebe,Mon ami mange avec le bébé.
ami boire avec chat,Mon ami boit avec le chat.
ami manger avec chat,Mon ami mange avec le chat.
ami boire avec bebe,Mon ami boit avec le bébé.
ami aller avec bebe,Mon ami part avec le bébé.
ami aller avec chat,Mon ami part avec le chat.
ami aller avec moi,Mon ami part avec moi.
ami aller avec tu,Mon ami part avec toi.
ami aller avec nous,Mon ami part avec nous.
ami non aller,Mon ami ne part pas.
ami donner aide bebe,Mon ami donne de l'aide au bébé.
aujourd hui ami manger,Aujourd'hui mon ami mange.
aujourd hui ami boire,Aujourd'hui mon ami boit.
aujourd hui ami aller,Aujourd'hui mon ami part.
aujourd hui ami non manger,Aujourd'hui mon ami ne mange pas.
aujourd hui ami manger aide,Aujourd'hui mon ami mange de l'aide.
bonjour ami manger aide,Bonjour mon ami mange de l'aide !
bonjour ami boire,Bonjour mon ami boit !
comment ami manger,Comment mon ami mange ?
comment ami boire,Comment mon ami boit ?
comment ami non manger,Comment mon ami ne mange pas ?
merci ami manger,Merci mon ami mange !
merci ami aimer amour,Merci mon ami aime de l'amour !
moi donner aide ami,Je donne de l'aide à mon ami.
moi donner amour ami,Je donne de l'amour à mon ami.
moi donner aide bebe,Je donne de l'aide au bébé.
moi donner aide chat,Je donne de l'aide au chat.
tu donner aide ami,Tu donnes de l'aide à mon ami.
tu donner amour ami,Tu donnes de l'amour à mon ami.
tu donner aide bebe,Tu donnes de l'aide au bébé.
tu donner aide chat,Tu donnes de l'aide au chat.
nous donner aide ami,Nous donnons de l'aide à mon ami.
nous donner amour ami,Nous donnons de l'amour à mon ami.
nous donner aide bebe,Nous donnons de l'aide au bébé.
nous donner aide chat,Nous donnons de l'aide au chat.
ami donner aide bebe,Mon ami donne de l'aide au bébé.
ami donner aide chat,Mon ami donne de l'aide au chat.
moi non donner aide ami,Je ne donne pas d'aide à mon ami.
tu non donner aide ami,Tu ne donnes pas d'aide à mon ami.
nous non donner aide ami,Nous ne donnons pas d'aide à mon ami.
ami non donner aide bebe,Mon ami ne donne pas d'aide au bébé.
tu manger avec bebe,Tu manges avec le bébé.
tu boire avec chat,Tu bois avec le chat.
tu aller avec bebe,Tu pars avec le bébé.
tu aimer bebe,Tu aimes le bébé.
tu aimer chat,Tu aimes le chat.
nous manger avec bebe,Nous mangeons avec le bébé.
nous boire avec chat,Nous buvons avec le chat.
nous aller avec bebe,Nous partons avec le bébé.
nous aller avec chat,Nous partons avec le chat.
nous aimer bebe,Nous aimons le bébé.
nous aimer chat,Nous aimons le chat.
moi manger avec bebe,Je mange avec le bébé.
moi boire avec chat,Je bois avec le chat.
moi aller avec bebe,Je pars avec le bébé.
moi aller avec chat,Je pars avec le chat.
moi aimer bebe,J'aime le bébé.
moi non donner aide ami,Je ne donne pas d'aide à mon ami.
tu non donner aide ami,Tu ne donnes pas d'aide à mon ami.
nous non donner aide ami,Nous ne donnons pas d'aide à mon ami.
ami non donner aide bebe,Mon ami ne donne pas d'aide au bébé.
moi non aimer bebe,Je n'aime pas le bébé.
tu non aimer chat,Tu n'aimes pas le chat.
nous non aimer bebe,Nous n'aimons pas le bébé.
moi aimer bebe bien,J'aime le bébé bien.
tu aimer chat ici,Tu aimes le chat ici.
nous aimer bebe bientot,Nous aimons le bébé bientôt.
aujourd hui tu manger aide,Aujourd'hui tu manges de l'aide.
aujourd hui tu aimer amour,Aujourd'hui tu aimes de l'amour.
aujourd hui tu non manger aide,Aujourd'hui tu ne manges pas d'aide.
aujourd hui nous manger aide,Aujourd'hui nous mangeons de l'aide.
aujourd hui nous aimer amour,Aujourd'hui nous aimons de l'amour.
aujourd hui nous non manger aide,Aujourd'hui nous ne mangeons pas d'aide.
bonjour tu manger aide,Bonjour tu manges de l'aide !
bonjour nous manger aide,Bonjour nous mangeons de l'aide !
comment tu manger aide,Comment tu manges de l'aide ?
comment nous manger aide,Comment nous mangeons de l'aide ?
merci tu aimer amour,Merci tu aimes de l'amour !
merci nous aimer amour,Merci nous aimons de l'amour !
tu manger aide bientot,Tu manges de l'aide bientôt.
nous aimer amour ici,Nous aimons de l'amour ici.
moi comprendre amour bien,Je comprends de l'amour bien.
moi attendre aide ici,J'attends de l'aide ici.
moi changer amour bientot,Je change de l'amour bientôt.
moi comprendre avec bebe,Je comprends avec le bébé.
moi attendre avec chat,J'attends avec le chat.
moi apprendre avec bebe,J'apprends avec le bébé.
moi comprendre avec chat,Je comprends avec le chat.
moi manger aide avec bebe,Je mange de l'aide avec le bébé.
moi aimer amour avec chat,J'aime de l'amour avec le chat.
moi boire aide avec bebe,Je bois de l'aide avec le bébé.
tu comprendre aide bien,Tu comprends de l'aide bien.
tu attendre amour ici,Tu attends de l'amour ici.
tu changer aide bientot,Tu changes de l'aide bientôt.
nous comprendre aide bien,Nous comprenons de l'aide bien.
nous attendre amour ici,Nous attendons de l'amour ici.
nous changer aide bientot,Nous changeons de l'aide bientôt.
moi non comprendre amour,Je ne comprends pas d'amour.
tu non changer aide,Tu ne changes pas d'aide.
nous non attendre amour,Nous n'attendons pas d'amour.
ami comprendre amour bien,Mon ami comprend de l'amour bien.
moi vouloir apprendre bientot,Je veux apprendre bientôt.
tu vouloir manger bien,Tu veux manger bien.
nous vouloir boire ici,Nous voulons boire ici.
ami vouloir manger bientot,Mon ami veut manger bientôt.
bebe vouloir apprendre bien,Le bébé veut apprendre bien.
chat vouloir boire ici,Le chat veut boire ici.
moi vouloir aller bientot,Je veux aller bientôt.
tu vouloir aller avec ami,Tu veux aller avec mon ami.
nous vouloir apprendre avec ami,Nous voulons apprendre avec mon ami.
moi non vouloir apprendre avec ami,Je ne veux pas apprendre avec mon ami.
bonjour moi vouloir manger,Bonjour je veux manger !
aujourd hui moi vouloir apprendre,Aujourd'hui je veux apprendre.
comment tu vouloir manger,Comment tu veux manger ?
aujourd hui ami vouloir manger,Aujourd'hui mon ami veut manger.
bonjour ami vouloir apprendre,Bonjour mon ami veut apprendre !
moi manger bientot avec bebe,Je mange avec le bébé bientôt.
tu boire bien avec chat,Tu bois avec le chat bien.
nous apprendre ici avec bebe,Nous apprenons avec le bébé ici.
ami aimer bientot avec moi,Mon ami aime avec moi bientôt.
moi aimer bebe avec ami,J'aime le bébé avec mon ami.
moi apprendre aujourd hui avec ami,Aujourd'hui j'apprends avec mon ami.
tu boire aujourd hui avec ami,Aujourd'hui tu bois avec mon ami.
nous manger aujourd hui avec ami,Aujourd'hui nous mangeons avec mon ami.
ami apprendre aujourd hui avec moi,Aujourd'hui mon ami apprend avec moi.
moi manger aide aujourd hui,Aujourd'hui je mange de l'aide.
tu aimer amour aujourd hui,Aujourd'hui tu aimes de l'amour.
nous comprendre aide aujourd hui,Aujourd'hui nous comprenons de l'aide.
ami manger aide aujourd hui,Aujourd'hui mon ami mange de l'aide.
bebe manger aide aujourd hui,Aujourd'hui le bébé mange de l'aide.
chat aimer amour aujourd hui,Aujourd'hui le chat aime de l'amour.
moi non manger aide aujourd hui,Aujourd'hui je ne mange pas d'aide.
tu non aimer amour aujourd hui,Aujourd'hui tu n'aimes pas d'amour.
nous non comprendre aide aujourd hui,Aujourd'hui nous ne comprenons pas d'aide.
bonjour tu aimer amour,Bonjour tu aimes de l'amour !
bonjour nous apprendre aide,Bonjour nous apprenons de l'aide !
bonjour ami manger,Bonjour mon ami mange !
au revoir tu,Au revoir toi !
au revoir nous,Au revoir nous !
au revoir ami manger,Au revoir mon ami mange !
merci ami apprendre,Merci mon ami apprend !
moi manger aide bientot avec bebe,Je mange de l'aide avec le bébé bientôt.
tu aimer amour bien avec chat,Tu aimes de l'amour avec le chat bien.
nous boire aide ici avec bebe,Nous buvons de l'aide avec le bébé ici.
ami manger amour bientot avec moi,Mon ami mange de l'amour avec moi bientôt.
bebe manger aide bien avec ami,Le bébé mange de l'aide avec mon ami bien.
chat aimer amour ici avec ami,Le chat aime de l'amour avec mon ami ici.
moi non manger aide bientot avec ami,Je ne mange pas d'aide avec mon ami bientôt.
tu non aimer amour bien avec ami,Tu n'aimes pas d'amour avec mon ami bien.
nous non boire aide ici avec ami,Nous ne buvons pas d'aide avec mon ami ici.
ami non manger amour bientot avec moi,Mon ami ne mange pas d'amour avec moi bientôt.
aujourd hui moi manger aide bientot avec ami,Aujourd'hui je mange de l'aide avec mon ami bientôt.
aujourd hui tu aimer amour bien avec ami,Aujourd'hui tu aimes de l'amour avec mon ami bien.
bonjour moi manger aide bientot avec ami,Bonjour je mange de l'aide avec mon ami bientôt !
bonjour tu aimer amour bien avec ami,Bonjour tu aimes de l'amour avec mon ami bien !
comment moi manger aide avec ami,Comment je mange de l'aide avec mon ami ?
comment tu aimer amour avec ami,Comment tu aimes de l'amour avec mon ami ?
moi vouloir manger aide avec ami,Je veux de l'aide avec mon ami.
tu vouloir boire amour avec ami,Tu veux de l'amour avec mon ami.
nous vouloir manger aide avec ami,Nous voulons de l'aide avec mon ami.
ami vouloir aimer amour avec moi,Mon ami veut de l'amour avec moi.
moi manger aide avec bebe bientot,Je mange de l'aide avec le bébé bientôt.
tu aimer amour avec chat bien,Tu aimes de l'amour avec le chat bien.
nous boire aide avec bebe ici,Nous buvons de l'aide avec le bébé ici.
ami manger amour avec tu bientot,Mon ami mange de l'amour avec toi bientôt.
bebe manger aide avec moi bien,Le bébé mange de l'aide avec moi bien.
chat aimer amour avec tu ici,Le chat aime de l'amour avec toi ici.
moi manger aide avec bebe bientot ici,Je mange de l'aide avec le bébé bientôt ici.
moi non manger aide avec bebe,Je ne mange pas d'aide avec le bébé.
tu non aimer amour avec chat,Tu n'aimes pas d'amour avec le chat.
nous non boire aide avec bebe,Nous ne buvons pas d'aide avec le bébé.
ami non manger amour avec moi,Mon ami ne mange pas d'amour avec moi.
bebe non manger aide avec ami,Le bébé ne mange pas d'aide avec mon ami.
chat non aimer amour avec ami,Le chat n'aime pas d'amour avec mon ami.
aujourd hui bebe manger aide avec ami,Aujourd'hui le bébé mange de l'aide avec mon ami.
aujourd hui chat aimer amour avec ami,Aujourd'hui le chat aime de l'amour avec mon ami.
bonjour bebe manger aide,Bonjour le bébé mange de l'aide !
bonjour chat aimer amour,Bonjour le chat aime de l'amour !
comment bebe manger aide,Comment le bébé mange de l'aide ?
comment chat aimer amour,Comment le chat aime de l'amour ?
merci bebe manger aide,Merci le bébé mange de l'aide !
moi changer aide bientot,Je change de l'aide bientôt.
tu changer amour bien,Tu changes de l'amour bien.
nous changer aide ici,Nous changeons de l'aide ici.
ami changer amour bon,Mon ami change de l'amour bien.
bebe changer aide bientot,Le bébé change de l'aide bientôt.
chat changer amour bien,Le chat change de l'amour bien.
moi non changer aide,Je ne change pas d'aide.
tu non changer amour,Tu ne changes pas d'amour.
nous non changer aide,Nous ne changeons pas d'aide.
moi attendre aide bientot,J'attends de l'aide bientôt.
tu attendre amour bien,Tu attends de l'amour bien.
nous attendre aide ici,Nous attendons de l'aide ici.
ami attendre amour bon,Mon ami attend de l'amour bien.
bebe attendre aide bientot,Le bébé attend de l'aide bientôt.
chat attendre amour bien,Le chat attend de l'amour bien.
moi non attendre aide,Je n'attends pas d'aide.
tu non attendre amour,Tu n'attends pas d'amour.
nous non attendre aide,Nous n'attendons pas d'aide.
moi changer avec ami,Je change avec mon ami.
tu attendre avec ami,Tu attends avec mon ami.
nous changer avec ami,Nous changeons avec mon ami.
ami changer avec moi,Mon ami change avec moi.
ami attendre avec moi,Mon ami attend avec moi.
bebe changer avec ami,Le bébé change avec mon ami.
chat attendre avec moi,Le chat attend avec moi.
aujourd hui moi changer,Aujourd'hui je change.
aujourd hui tu attendre,Aujourd'hui tu attends.
aujourd hui nous changer,Aujourd'hui nous changeons.
aujourd hui ami attendre,Aujourd'hui mon ami attend.
aujourd hui bebe changer,Aujourd'hui le bébé change.
aujourd hui chat attendre,Aujourd'hui le chat attend.
bonjour moi changer aide,Bonjour je change de l'aide !
bonjour tu attendre amour,Bonjour tu attends de l'amour !
comment moi changer,Comment je change ?
comment tu attendre,Comment tu attends ?
merci moi changer aide,Merci je change de l'aide !
merci ami attendre amour,Merci mon ami attend de l'amour !
moi changer aide avec ami,Je change de l'aide avec mon ami.
tu attendre amour avec ami,Tu attends de l'amour avec mon ami.
nous changer aide avec ami,Nous changeons de l'aide avec mon ami.
moi aller bientot,Je pars bientôt.
tu aller bien,Tu pars bien.
nous aller ici,Nous partons ici.
ami aller bientot,Mon ami part bientôt.
bebe aller bien,Le bébé part bien.
chat aller ici,Le chat part ici.
moi non aller,Je ne pars pas.
tu non aller,Tu ne pars pas.
nous non aller,Nous ne partons pas.
ami non aller,Mon ami ne part pas.
bebe non aller,Le bébé ne part pas.
chat non aller,Le chat ne part pas.
moi aller avec ami bientot,Je pars avec mon ami bientôt.
tu aller avec ami bien,Tu pars avec mon ami bien.
nous aller avec ami ici,Nous partons avec mon ami ici.
ami aller avec moi bientot,Mon ami part avec moi bientôt.
aujourd hui moi aller,Aujourd'hui je pars.
aujourd hui tu aller,Aujourd'hui tu pars.
aujourd hui nous aller,Aujourd'hui nous partons.
aujourd hui ami aller,Aujourd'hui mon ami part.
aujourd hui bebe aller,Aujourd'hui le bébé part.
aujourd hui chat aller,Aujourd'hui le chat part.
bonjour moi aller bientot,Bonjour je pars bientôt !
bonjour tu aller bien,Bonjour tu pars bien !
bonjour nous aller ici,Bonjour nous partons ici !
bonjour ami aller bientot,Bonjour mon ami part bientôt !
au revoir moi aller,Au revoir je pars !
au revoir tu aller,Au revoir tu pars !
au revoir nous aller,Au revoir nous partons !
au revoir ami aller,Au revoir mon ami part !
comment moi aller,Comment je pars ?
comment tu aller,Comment tu pars ?
comment nous aller,Comment nous partons ?
comment ami aller,Comment mon ami part ?
merci moi aller,Merci je pars !
merci tu aller,Merci tu pars !
moi aller avec bebe,Je pars avec le bébé.
tu aller avec chat,Tu pars avec le chat.
nous aller avec bebe,Nous partons avec le bébé.
ami aller avec chat,Mon ami part avec le chat.
bebe aller avec ami,Le bébé part avec mon ami.
chat aller avec ami,Le chat part avec mon ami.
bebe aller avec moi,Le bébé part avec moi.
chat aller avec tu,Le chat part avec toi.
bonjour bebe aller,Bonjour le bébé part !
bonjour chat aller,Bonjour le chat part !
au revoir bebe aller,Au revoir le bébé part !
au revoir chat aller,Au revoir le chat part !
comment bebe aller,Comment le bébé part ?
comment chat aller,Comment le chat part ?
merci bebe aller,Merci le bébé part !
merci chat aller,Merci le chat part !
moi comprendre avec ami bientot,Je comprends avec mon ami bientôt.
tu apprendre avec ami bien,Tu apprends avec mon ami bien.
nous comprendre avec ami ici,Nous comprenons avec mon ami ici.
ami apprendre avec moi bientot,Mon ami apprend avec moi bientôt.
aujourd hui moi apprendre aide,Aujourd'hui j'apprends de l'aide.
aujourd hui tu comprendre amour,Aujourd'hui tu comprends de l'amour.
aujourd hui nous apprendre aide,Aujourd'hui nous apprenons de l'aide.
aujourd hui ami comprendre amour,Aujourd'hui mon ami comprend de l'amour.
bonjour moi comprendre aide,Bonjour je comprends de l'aide !
bonjour tu apprendre amour,Bonjour tu apprends de l'amour !
comment moi comprendre,Comment je comprends ?
comment tu apprendre,Comment tu apprends ?
merci moi comprendre aide,Merci je comprends de l'aide !
merci ami apprendre amour,Merci mon ami apprend de l'amour !
moi aller bientot avec ami,Je pars avec mon ami bientôt.
tu aller bien avec ami,Tu pars avec mon ami bien.
nous aller ici avec ami,Nous partons avec mon ami ici.
ami aller bientot avec moi,Mon ami part avec moi bientôt.
moi non aller avec ami,Je ne pars pas avec mon ami.
tu non aller avec ami,Tu ne pars pas avec mon ami.
nous non aller avec ami,Nous ne partons pas avec mon ami.
aujourd hui moi aller avec ami,Aujourd'hui je pars avec mon ami.
aujourd hui tu aller avec ami,Aujourd'hui tu pars avec mon ami.
aujourd hui nous aller avec ami,Aujourd'hui nous partons avec mon ami.
aujourd hui ami aller avec moi,Aujourd'hui mon ami part avec moi.
bonjour moi aller avec ami,Bonjour je pars avec mon ami !
bonjour tu aller avec ami,Bonjour tu pars avec mon ami !
comment moi aller avec ami,Comment je pars avec mon ami ?
comment ami aller avec moi,Comment mon ami part avec moi ?
