signs,sentence
bonjour,Bonjour !
au revoir,Au revoir !
au revoir bientot,Au revoir bientôt !
au revoir merci,Au revoir Merci !
au revoir ami,Au revoir mon ami !
au revoir ami bientot,Au revoir mon ami bientôt !
merci,Merci !
merci bien,Merci bien !
merci aide,Merci de l'aide !
merci ami,Merci mon ami !
oui merci,Oui Merci !
non merci,Non Merci !
bonjour ami,Bonjour mon ami !
bonjour comment tu,Bonjour toi !
bonjour comment tu aujourd hui,Bonjour toi !
bonjour moi bien,Bonjour moi bien !
bonjour tu bien,Bonjour toi bien !
bonjour nous bien,Bonjour nous bien !
bonjour moi vouloir aide,Bonjour je veux de l'aide !
comment tu,Toi.
comment tu aujourd hui,Aujourd'hui toi.
bientot,Bientôt.
moi bien,Moi bien.
moi non bien,Moi bien.
moi bon,Moi bien.
tu bien,Toi bien.
tu non bien,Toi bien.
nous bien,Nous bien.
nous non bien,Nous bien.
aujourd hui moi bien,Aujourd'hui moi bien.
aujourd hui tu bien,Aujourd'hui toi bien.
aujourd hui nous bien,Aujourd'hui nous bien.
moi bien merci,Moi bien merci.
nous bien merci,Nous bien merci.
oui,Oui !
non,Non !
oui moi comprendre,Oui je comprends !
non moi non comprendre,Non je ne comprends pas !
oui moi vouloir,Oui je veux !
non moi non vouloir,Non je ne veux pas !
oui moi aller,Oui je pars !
non moi non aller,Non je ne pars pas !
oui moi bien,Oui moi bien !
non moi non bien,Non moi bien !
oui moi aimer,Oui j'aime !
non moi non aimer,Non je n'aime pas !
oui moi manger,Oui je mange !
non moi non manger,Non je ne mange pas !
oui tu vouloir,Oui tu veux !
non tu non vouloir,Non tu ne veux pas !
oui bientot,Oui bientôt !
moi manger,Je mange.
tu manger,Tu manges.
nous manger,Nous mangeons.
moi non manger,Je ne mange pas.
tu non manger,Tu ne manges pas.
nous non manger,Nous ne mangeons pas.
moi manger aujourd hui,Aujourd'hui je mange.
aujourd hui moi manger,Aujourd'hui je mange.
moi manger bientot,Je mange bientôt.
moi manger ici,Je mange ici.
nous manger ici,Nous mangeons ici.
moi manger bien,Je mange bien.
nous manger bien,Nous mangeons bien.
moi vouloir manger,Je veux manger.
tu vouloir manger,Tu veux manger.
nous vouloir manger,Nous voulons manger.
moi non vouloir manger,Je ne veux pas manger.
tu non vouloir manger,Tu ne veux pas manger.
moi vouloir manger bientot,Je veux manger bientôt.
moi vouloir manger ici,Je veux manger ici.
moi aimer manger,J'aime manger.
tu aimer manger,Tu aimes manger.
nous aimer manger,Nous aimons manger.
moi manger avec ami,Je mange avec mon ami.
tu manger avec nous,Tu manges avec nous.
nous manger avec ami,Nous mangeons avec mon ami.
moi vouloir manger avec ami,Je veux manger avec mon ami.
tu vouloir manger avec nous,Tu veux manger avec nous.
aujourd hui moi manger avec ami,Aujourd'hui je mange avec mon ami.
moi manger avec ami bientot,Je mange avec mon ami bientôt.
oui moi vouloir manger,Oui je veux manger !
non moi non vouloir manger,Non je ne veux pas manger !
moi boire,Je bois.
tu boire,Tu bois.
nous boire,Nous buvons.
moi non boire,Je ne bois pas.
tu non boire,Tu ne bois pas.
nous non boire,Nous ne buvons pas.
moi boire aujourd hui,Aujourd'hui je bois.
aujourd hui moi boire,Aujourd'hui je bois.
moi boire bientot,Je bois bientôt.
moi boire ici,Je bois ici.
moi boire bien,Je bois bien.
moi vouloir boire,Je veux boire.
tu vouloir boire,Tu veux boire.
nous vouloir boire,Nous voulons boire.
moi non vouloir boire,Je ne veux pas boire.
moi aimer boire,J'aime boire.
moi boire avec ami,Je bois avec mon ami.
nous boire avec ami,Nous buvons avec mon ami.
moi vouloir boire avec ami,Je veux boire avec mon ami.
moi manger boire,Je mange.
nous manger boire,Nous mangeons.
moi manger boire bien,Je mange bien.
oui moi vouloir boire,Oui je veux boire !
non moi non vouloir boire,Non je ne veux pas boire !
moi aller,Je pars.
tu aller,Tu pars.
nous aller,Nous partons.
moi non aller,Je ne pars pas.
tu non aller,Tu ne pars pas.
moi aller ici,Je pars ici.
tu aller ici,Tu pars ici.
nous aller ici,Nous partons ici.
moi aller bientot,Je pars bientôt.
nous aller bientot,Nous partons bientôt.
moi aller aujourd hui,Aujourd'hui je pars.
aujourd hui moi aller,Aujourd'hui je pars.
moi vouloir aller,Je veux aller.
tu vouloir aller,Tu veux aller.
nous vouloir aller,Nous voulons aller.
moi non vouloir aller,Je ne veux pas aller.
moi vouloir aller ici,Je veux aller ici.
moi vouloir aller bientot,Je veux aller bientôt.
moi aller avec ami,Je pars avec mon ami.
tu aller avec nous,Tu pars avec nous.
nous aller avec ami,Nous partons avec mon ami.
moi vouloir aller avec ami,Je veux aller avec mon ami.
tu vouloir aller avec nous,Tu veux aller avec nous.
moi vouloir aller avec tu,Je veux aller avec toi.
aujourd hui moi aller avec ami,Aujourd'hui je pars avec mon ami.
moi aller avec ami bientot,Je pars avec mon ami bientôt.
moi aimer,J'aime.
tu aimer,Tu aimes.
nous aimer,Nous aimons.
moi non aimer,Je n'aime pas.
tu non aimer,Tu n'aimes pas.
moi aimer ami,J'aime mon ami.
tu aimer ami,Tu aimes mon ami.
nous aimer ami,Nous aimons mon ami.
moi non aimer ami,Je n'aime pas mon ami.
moi aimer amour,J'aime de l'amour.
moi aimer bebe,J'aime le bébé.
tu aimer bebe,Tu aimes le bébé.
nous aimer bebe,Nous aimons le bébé.
moi aimer chat,J'aime le chat.
tu aimer chat,Tu aimes le chat.
nous aimer chat,Nous aimons le chat.
moi non aimer chat,Je n'aime pas le chat.
moi aimer aide,J'aime de l'aide.
moi aimer aller,J'aime aller.
moi aimer aller ici,J'aime aller ici.
moi aimer apprendre,J'aime apprendre.
moi aimer comprendre,J'aime comprendre.
moi aimer changer,J'aime changer.
tu aimer apprendre,Tu aimes apprendre.
nous aimer apprendre,Nous aimons apprendre.
moi aimer manger avec ami,J'aime manger avec mon ami.
moi aimer boire avec ami,J'aime boire avec mon ami.
moi aimer aller avec ami,J'aime aller avec mon ami.
aujourd hui moi aimer ami,Aujourd'hui j'aime mon ami.
moi aimer ami bien,J'aime mon ami bien.
moi aimer bebe bien,J'aime le bébé bien.
moi aimer chat bien,J'aime le chat bien.
oui moi aimer ami,Oui j'aime mon ami !
non moi non aimer chat,Non je n'aime pas le chat !
moi vouloir,Je veux.
tu vouloir,Tu veux.
nous vouloir,Nous voulons.
moi non vouloir,Je ne veux pas.
tu non vouloir,Tu ne veux pas.
nous non vouloir,Nous ne voulons pas.
moi vouloir aide,Je veux de l'aide.
tu vouloir aide,Tu veux de l'aide.
nous vouloir aide,Nous voulons de l'aide.
moi non vouloir aide,Je ne veux pas d'aide.
moi vouloir ami,Je veux mon ami.
moi vouloir amour,Je veux de l'amour.
tu vouloir amour,Tu veux de l'amour.
moi vouloir bebe,Je veux le bébé.
moi vouloir chat,Je veux le chat.
tu vouloir chat,Tu veux le chat.
nous vouloir chat,Nous voulons le chat.
oui moi vouloir aide,Oui je veux de l'aide !
non moi non vouloir aide,Non je ne veux pas d'aide !
moi vouloir aide aujourd hui,Aujourd'hui je veux de l'aide.
aujourd hui moi vouloir aide,Aujourd'hui je veux de l'aide.
moi vouloir aide bientot,Je veux de l'aide bientôt.
moi vouloir aide ici,Je veux de l'aide ici.
moi vouloir chat bientot,Je veux le chat bientôt.
moi vouloir ami bientot,Je veux mon ami bientôt.
moi comprendre,Je comprends.
tu comprendre,Tu comprends.
nous comprendre,Nous comprenons.
moi non comprendre,Je ne comprends pas.
tu non comprendre,Tu ne comprends pas.
nous non comprendre,Nous ne comprenons pas.
moi comprendre bien,Je comprends bien.
tu comprendre bien,Tu comprends bien.
moi non comprendre bien,Je ne comprends pas bien.
moi comprendre aujourd hui,Aujourd'hui je comprends.
aujourd hui moi comprendre,Aujourd'hui je comprends.
moi comprendre bientot,Je comprends bientôt.
moi vouloir comprendre,Je veux comprendre.
tu vouloir comprendre,Tu veux comprendre.
nous vouloir comprendre,Nous voulons comprendre.
moi non vouloir comprendre,Je ne veux pas comprendre.
moi comprendre avec ami,Je comprends avec mon ami.
moi non comprendre aide,Je ne comprends pas d'aide.
tu aide moi comprendre,Tu comprends.
oui moi comprendre maintenant,Oui je comprends !
aujourd hui moi comprendre bien,Aujourd'hui je comprends bien.
moi apprendre comprendre,J'apprends.
moi apprendre,J'apprends.
tu apprendre,Tu apprends.
nous apprendre,Nous apprenons.
moi non apprendre,Je n'apprends pas.
tu non apprendre,Tu n'apprends pas.
moi apprendre aujourd hui,Aujourd'hui j'apprends.
aujourd hui moi apprendre,Aujourd'hui j'apprends.
moi apprendre bientot,J'apprends bientôt.
moi apprendre ici,J'apprends ici.
moi apprendre bien,J'apprends bien.
tu apprendre bien,Tu apprends bien.
nous apprendre bien,Nous apprenons bien.
moi vouloir apprendre,Je veux apprendre.
tu vouloir apprendre,Tu veux apprendre.
nous vouloir apprendre,Nous voulons apprendre.
moi non vouloir apprendre,Je ne veux pas apprendre.
moi apprendre avec ami,J'apprends avec mon ami.
tu apprendre avec nous,Tu apprends avec nous.
nous apprendre avec ami,Nous apprenons avec mon ami.
moi apprendre avec tu,J'apprends avec toi.
moi vouloir apprendre avec ami,Je veux apprendre avec mon ami.
moi vouloir apprendre avec tu,Je veux apprendre avec toi.
aujourd hui moi apprendre avec ami,Aujourd'hui j'apprends avec mon ami.
moi apprendre avec ami bientot,J'apprends avec mon ami bientôt.
moi apprendre ici avec ami,J'apprends avec mon ami ici.
oui moi apprendre,Oui j'apprends !
non moi non apprendre,Non je n'apprends pas !
moi attendre,J'attends.
tu attendre,Tu attends.
nous attendre,Nous attendons.
moi non attendre,Je n'attends pas.
moi attendre ami,J'attends mon ami.
tu attendre ami,Tu attends mon ami.
nous attendre ami,Nous attendons mon ami.
moi attendre tu,Je t'attends.
tu attendre moi,Tu m'attends.
moi attendre ici,J'attends ici.
tu attendre ici,Tu attends ici.
nous attendre ici,Nous attendons ici.
moi attendre ami ici,J'attends mon ami ici.
moi attendre bientot,J'attends bientôt.
moi attendre ami bientot,J'attends mon ami bientôt.
nous attendre ami ici,Nous attendons mon ami ici.
moi vouloir attendre,Je veux attendre.
moi non vouloir attendre,Je ne veux pas attendre.
moi attendre aujourd hui,Aujourd'hui j'attends.
aujourd hui moi attendre ami,Aujourd'hui j'attends mon ami.
oui moi attendre,Oui j'attends !
non moi non attendre,Non je n'attends pas !
moi donner,Je donne.
tu donner,Tu donnes.
nous donner,Nous donnons.
moi non donner,Je ne donne pas.
moi donner aide,Je donne de l'aide.
tu donner aide,Tu donnes de l'aide.
nous donner aide,Nous donnons de l'aide.
moi donner amour,Je donne de l'amour.
tu donner amour,Tu donnes de l'amour.
nous donner amour,Nous donnons de l'amour.
moi donner aide ami,Je donne de l'aide à mon ami.
tu donner aide moi,Tu me donnes de l'aide.
moi donner amour ami,Je donne de l'amour à mon ami.
nous donner aide ami,Nous donnons de l'aide à mon ami.
moi donner aide bebe,Je donne de l'aide au bébé.
moi vouloir donner aide,Je veux de l'aide.
tu vouloir donner aide,Tu veux de l'aide.
moi vouloir donner aide ami,Je veux de l'aide mon ami.
moi donner aide aujourd hui,Aujourd'hui je donne de l'aide.
aujourd hui moi donner aide ami,Aujourd'hui je donne de l'aide à mon ami.
oui moi donner aide,Oui je donne de l'aide !
non moi non donner aide,Non je ne donne pas d'aide !
moi changer,Je change.
tu changer,Tu changes.
nous changer,Nous changeons.
moi non changer,Je ne change pas.
tu non changer,Tu ne changes pas.
moi changer aujourd hui,Aujourd'hui je change.
aujourd hui moi changer,Aujourd'hui je change.
moi changer bientot,Je change bientôt.
nous changer bientot,Nous changeons bientôt.
moi vouloir changer,Je veux changer.
tu vouloir changer,Tu veux changer.
nous vouloir changer,Nous voulons changer.
moi non vouloir changer,Je ne veux pas changer.
moi changer bien,Je change bien.
oui moi changer,Oui je change !
non moi non changer,Non je ne change pas !
ami,Mon ami.
ami ici,Mon ami ici.
ami bien,Mon ami bien.
ami non bien,Mon ami bien.
ami aller,Mon ami part.
ami aller bientot,Mon ami part bientôt.
ami aller ici,Mon ami part ici.
ami manger,Mon ami mange.
ami manger ici,Mon ami mange ici.
ami boire,Mon ami boit.
ami comprendre,Mon ami comprend.
ami non comprendre,Mon ami ne comprend pas.
ami apprendre,Mon ami apprend.
ami apprendre ici,Mon ami apprend ici.
ami vouloir aide,Mon ami veut de l'aide.
ami vouloir manger,Mon ami veut manger.
ami vouloir boire,Mon ami veut boire.
ami vouloir aller,Mon ami veut aller.
ami non vouloir aller,Mon ami ne veut pas aller.
ami attendre moi,Mon ami m'attend.
ami attendre ici,Mon ami attend ici.
ami aimer moi,Mon ami m'aime.
ami aimer chat,Mon ami aime le chat.
ami aimer bebe,Mon ami aime le bébé.
ami non ici,Mon ami ici.
ami bientot,Mon ami bientôt.
ami aujourd hui ici,Aujourd'hui mon ami ici.
oui ami ici,Oui mon ami ici !
non ami non ici,Non mon ami ici !
moi ami,Moi mon ami.
moi ami bien,Moi mon ami bien.
nous ami,Nous mon ami.
tu ami,Toi mon ami.
bebe,Le bébé.
bebe bien,Le bébé bien.
bebe non bien,Le bébé bien.
bebe manger,Le bébé mange.
bebe non manger,Le bébé ne mange pas.
bebe boire,Le bébé boit.
bebe aller,Le bébé part.
bebe ici,Le bébé ici.
bebe bientot,Le bébé bientôt.
chat,Le chat.
chat ici,Le chat ici.
chat bien,Le chat bien.
chat manger,Le chat mange.
chat boire,Le chat boit.
chat aller,Le chat part.
amour,De l'amour.
moi amour,Moi de l'amour.
tu ici,Toi ici.
nous ici,Nous ici.
moi non ici,Moi ici.
nous apprendre ici,Nous apprenons ici.
aujourd hui moi ici,Aujourd'hui moi ici.
bien,Bien.
bon,Bien.
moi aller bien,Je pars bien.
aujourd hui bien,Aujourd'hui bien.
moi vouloir bien manger,Je veux manger bien.
moi comprendre bien merci,Je comprends bien.
moi aller avec tu,Je pars avec toi.
tu aller avec moi,Tu pars avec moi.
moi manger avec tu,Je mange avec toi.
moi vouloir manger avec tu,Je veux manger avec toi.
aujourd hui,Aujourd'hui.
aujourd hui moi vouloir boire,Aujourd'hui je veux boire.
aujourd hui tu aller,Aujourd'hui tu pars.
aujourd hui tu apprendre,Aujourd'hui tu apprends.
aujourd hui nous aller,Aujourd'hui nous partons.
aujourd hui nous apprendre,Aujourd'hui nous apprenons.
aujourd hui bebe bien,Aujourd'hui le bébé bien.
aujourd hui moi non bien,Aujourd'hui moi bien.
nous apprendre bientot,Nous apprenons bientôt.
au revoir moi aller bientot,Au revoir je pars bientôt !
moi vouloir apprendre avec ami aujourd hui,Aujourd'hui je veux apprendre avec mon ami.
tu vouloir manger avec moi aujourd hui,Aujourd'hui tu veux manger avec moi.
nous aller ici avec ami bientot,Nous partons avec mon ami ici bientôt.
moi non comprendre vouloir aide,Je ne comprends pas d'aide.
aujourd hui moi apprendre bien,Aujourd'hui j'apprends bien.
tu vouloir aller avec moi bientot,Tu veux aller avec moi bientôt.
nous vouloir manger ici aujourd hui,Aujourd'hui nous voulons manger ici.
moi non comprendre aide moi,Je ne comprends pas d'aide.
aujourd hui moi manger boire avec ami,Aujourd'hui je mange avec mon ami.
moi apprendre comprendre bientot,J'apprends bientôt.
tu aller avec ami aujourd hui,Aujourd'hui tu pars avec mon ami.
moi vouloir aller ici avec tu,Je veux aller avec toi ici.
nous apprendre ici aujourd hui bien,Aujourd'hui nous apprenons ici bien.
bonjour comment tu aujourd hui bien,Bonjour toi bien !
moi attendre ami ici bientot,J'attends mon ami ici bientôt.
tu vouloir apprendre avec nous,Tu veux apprendre avec nous.
moi donner aide ami aujourd hui,Aujourd'hui je donne de l'aide à mon ami.
nous non comprendre aide nous,Nous ne comprenons pas d'aide.
moi aimer boire avec ami bien,J'aime boire avec mon ami bien.
moi changer aujourd hui bien,Aujourd'hui je change bien.
tu aimer aller ici avec nous,Tu aimes aller avec nous ici.
moi vouloir changer bientot,Je veux changer bientôt.
moi aimer apprendre ici avec ami,J'aime apprendre avec mon ami ici.
nous vouloir aller avec ami aujourd hui,Aujourd'hui nous voulons aller avec mon ami.
moi attendre tu ici bientot,Je t'attends ici bientôt.
moi non vouloir aller bientot,Je ne veux pas aller bientôt.
moi donner amour ami bien,Je donne de l'amour à mon ami bien.
nous apprendre ici avec amour,Nous apprenons de l'amour ici.
moi vouloir manger ici avec ami bientot,Je veux manger avec mon ami ici bientôt.
tu non vouloir aller avec nous,Tu ne veux pas aller avec nous.
moi comprendre avec aide ami bien,Je comprends de l'aide mon ami bien.
aujourd hui moi non bien aide moi,Aujourd'hui moi bien de l'aide moi.
nous manger ici avec ami bien,Nous mangeons avec mon ami ici bien.
moi vouloir aller avec ami bientot,Je veux aller avec mon ami bientôt.
tu aller avec moi ici,Tu pars avec moi ici.
nous aimer apprendre ensemble,Nous aimons apprendre.
bonjour ami comment tu aujourd hui,Bonjour mon ami comment toi !
moi bien apprendre avec ami aujourd hui,Aujourd'hui j'apprends avec mon ami bien.
oui moi vouloir aller avec tu bientot,Oui je veux aller avec toi bientôt !
moi aimer bebe chat bien,J'aime le bébé le chat bien.
tu comprendre moi bien,Tu me comprends bien.
nous donner amour ami bientot,Nous donnons de l'amour à mon ami bientôt.
moi non comprendre aimer,Je ne comprends pas.
tu aimer apprendre avec nous,Tu aimes apprendre avec nous.
nous vouloir apprendre avec ami aujourd hui,Aujourd'hui nous voulons apprendre avec mon ami.
tu manger avec moi,Tu manges avec moi.
tu apprendre avec moi,Tu apprends avec moi.
tu boire avec moi,Tu bois avec moi.
tu vouloir aller avec moi,Tu veux aller avec moi.
tu vouloir manger avec moi,Tu veux manger avec moi.
tu vouloir apprendre avec moi,Tu veux apprendre avec moi.
moi aller avec tu bientot,Je pars avec toi bientôt.
moi manger avec tu aujourd hui,Aujourd'hui je mange avec toi.
moi apprendre avec tu bientot,J'apprends avec toi bientôt.
moi vouloir aller avec tu aujourd hui,Aujourd'hui je veux aller avec toi.
aide,De l'aide.
tu aide moi,Toi de l'aide moi.
moi aide tu,Moi de l'aide toi.
nous aide ami,Nous de l'aide mon ami.
tu aide nous,Toi de l'aide nous.
moi donner aide tu,Je te donne de l'aide.
tu vouloir aide moi,Tu veux de l'aide.
moi aide bientot,Moi de l'aide bientôt.
merci moi comprendre,Merci je comprends !
comment tu bien,Toi bien.
comment nous aller,Comment nous partons ?
comment tu apprendre,Comment tu apprends ?
comment tu comprendre,Comment tu comprends ?
comment moi aller,Comment je pars ?
bonjour ami comment tu,Bonjour mon ami comment toi !
moi non bien aide,Moi bien de l'aide.
moi comprendre merci,Je comprends.
moi non comprendre encore,Je ne comprends pas.
moi ici attendre tu,Je t'attends ici.
nous aller ici aujourd hui,Aujourd'hui nous partons ici.
moi aimer ici,J'aime ici.
moi aimer avec tu,J'aime avec toi.
moi aimer avec ami,J'aime avec mon ami.
moi aimer aujourd hui,Aujourd'hui j'aime.
nous aimer manger ici,Nous aimons manger ici.
tu aimer manger ici,Tu aimes manger ici.
merci nous apprendre,Merci nous apprenons !
merci tu aide,Merci toi de l'aide !
merci aujourd hui,Merci.
merci bientot,Merci bientôt !
bonjour merci,Bonjour Merci !
nous non aimer,Nous n'aimons pas.
nous non aller,Nous ne partons pas.
nous non apprendre,Nous n'apprenons pas.
tu non attendre,Tu n'attends pas.
nous non attendre,Nous n'attendons pas.
nous non changer,Nous ne changeons pas.
tu non donner,Tu ne donnes pas.
nous non donner,Nous ne donnons pas.
oui tu aimer,Oui tu aimes !
non tu non aimer,Non tu n'aimes pas !
oui tu aller,Oui tu pars !
non tu non aller,Non tu ne pars pas !
oui tu apprendre,Oui tu apprends !
non tu non apprendre,Non tu n'apprends pas !
oui tu attendre,Oui tu attends !
non tu non attendre,Non tu n'attends pas !
oui moi boire,Oui je bois !
non moi non boire,Non je ne bois pas !
oui tu boire,Oui tu bois !
non tu non boire,Non tu ne bois pas !
oui tu changer,Oui tu changes !
non tu non changer,Non tu ne changes pas !
oui tu comprendre,Oui tu comprends !
non tu non comprendre,Non tu ne comprends pas !
oui moi donner,Oui je donne !
non moi non donner,Non je ne donne pas !
oui tu donner,Oui tu donnes !
non tu non donner,Non tu ne donnes pas !
oui tu manger,Oui tu manges !
non tu non manger,Non tu ne manges pas !
aujourd hui moi aimer,Aujourd'hui j'aime.
aujourd hui tu aimer,Aujourd'hui tu aimes.
aujourd hui nous aimer,Aujourd'hui nous aimons.
nous aimer aujourd hui,Aujourd'hui nous aimons.
nous aller aujourd hui,Aujourd'hui nous partons.
nous apprendre aujourd hui,Aujourd'hui nous apprenons.
aujourd hui moi attendre,Aujourd'hui j'attends.
aujourd hui tu attendre,Aujourd'hui tu attends.
aujourd hui nous attendre,Aujourd'hui nous attendons.
nous attendre aujourd hui,Aujourd'hui nous attendons.
aujourd hui tu boire,Aujourd'hui tu bois.
aujourd hui nous boire,Aujourd'hui nous buvons.
nous boire aujourd hui,Aujourd'hui nous buvons.
aujourd hui tu changer,Aujourd'hui tu changes.
aujourd hui nous changer,Aujourd'hui nous changeons.
nous changer aujourd hui,Aujourd'hui nous changeons.
aujourd hui tu comprendre,Aujourd'hui tu comprends.
aujourd hui nous comprendre,Aujourd'hui nous comprenons.
nous comprendre aujourd hui,Aujourd'hui nous comprenons.
aujourd hui moi donner,Aujourd'hui je donne.
aujourd hui tu donner,Aujourd'hui tu donnes.
aujourd hui nous donner,Aujourd'hui nous donnons.
moi donner aujourd hui,Aujourd'hui je donne.
nous donner aujourd hui,Aujourd'hui nous donnons.
aujourd hui tu manger,Aujourd'hui tu manges.
aujourd hui nous manger,Aujourd'hui nous mangeons.
nous manger aujourd hui,Aujourd'hui nous mangeons.
aujourd hui moi vouloir,Aujourd'hui je veux.
aujourd hui tu vouloir,Aujourd'hui tu veux.
aujourd hui nous vouloir,Aujourd'hui nous voulons.
moi vouloir aujourd hui,Aujourd'hui je veux.
nous vouloir aujourd hui,Aujourd'hui nous voulons.
moi aimer bientot,J'aime bientôt.
nous aimer bientot,Nous aimons bientôt.
bientot moi aimer,J'aime bientôt.
bientot moi aller,Je pars bientôt.
bientot moi apprendre,J'apprends bientôt.
nous attendre bientot,Nous attendons bientôt.
bientot moi attendre,J'attends bientôt.
nous boire bientot,Nous buvons bientôt.
bientot moi boire,Je bois bientôt.
bientot moi changer,Je change bientôt.
nous comprendre bientot,Nous comprenons bientôt.
bientot moi comprendre,Je comprends bientôt.
moi donner bientot,Je donne bientôt.
nous donner bientot,Nous donnons bientôt.
bientot moi donner,Je donne bientôt.
nous manger bientot,Nous mangeons bientôt.
bientot moi manger,Je mange bientôt.
moi vouloir bientot,Je veux bientôt.
nous vouloir bientot,Nous voulons bientôt.
bientot moi vouloir,Je veux bientôt.
moi aimer bien,J'aime bien.
nous aimer bien,Nous aimons bien.
nous aller bien,Nous partons bien.
moi attendre bien,J'attends bien.
nous attendre bien,Nous attendons bien.
nous boire bien,Nous buvons bien.
nous changer bien,Nous changeons bien.
nous comprendre bien,Nous comprenons bien.
moi donner bien,Je donne bien.
nous donner bien,Nous donnons bien.
moi vouloir bien,Je veux bien.
nous vouloir bien,Nous voulons bien.
moi vouloir aimer,Je veux aimer.
tu vouloir aimer,Tu veux aimer.
nous vouloir aimer,Nous voulons aimer.
moi non vouloir aimer,Je ne veux pas aimer.
tu non vouloir aimer,Tu ne veux pas aimer.
oui moi vouloir aimer,Oui je veux aimer !
non moi non vouloir aimer,Non je ne veux pas aimer !
aujourd hui moi vouloir aimer,Aujourd'hui je veux aimer.
moi vouloir aimer bientot,Je veux aimer bientôt.
moi vouloir aimer ici,Je veux aimer ici.
tu non vouloir aller,Tu ne veux pas aller.
oui moi vouloir aller,Oui je veux aller !
non moi non vouloir aller,Non je ne veux pas aller !
aujourd hui moi vouloir aller,Aujourd'hui je veux aller.
tu non vouloir apprendre,Tu ne veux pas apprendre.
oui moi vouloir apprendre,Oui je veux apprendre !
non moi non vouloir apprendre,Non je ne veux pas apprendre !
aujourd hui moi vouloir apprendre,Aujourd'hui je veux apprendre.
moi vouloir apprendre bientot,Je veux apprendre bientôt.
moi vouloir apprendre ici,Je veux apprendre ici.
tu vouloir attendre,Tu veux attendre.
nous vouloir attendre,Nous voulons attendre.
tu non vouloir attendre,Tu ne veux pas attendre.
oui moi vouloir attendre,Oui je veux attendre !
non moi non vouloir attendre,Non je ne veux pas attendre !
aujourd hui moi vouloir attendre,Aujourd'hui je veux attendre.
moi vouloir attendre bientot,Je veux attendre bientôt.
moi vouloir attendre ici,Je veux attendre ici.
tu non vouloir boire,Tu ne veux pas boire.
moi vouloir boire bientot,Je veux boire bientôt.
moi vouloir boire ici,Je veux boire ici.
tu non vouloir changer,Tu ne veux pas changer.
oui moi vouloir changer,Oui je veux changer !
non moi non vouloir changer,Non je ne veux pas changer !
aujourd hui moi vouloir changer,Aujourd'hui je veux changer.
moi vouloir changer ici,Je veux changer ici.
tu non vouloir comprendre,Tu ne veux pas comprendre.
oui moi vouloir comprendre,Oui je veux comprendre !
non moi non vouloir comprendre,Non je ne veux pas comprendre !
aujourd hui moi vouloir comprendre,Aujourd'hui je veux comprendre.
moi vouloir comprendre bientot,Je veux comprendre bientôt.
moi vouloir comprendre ici,Je veux comprendre ici.
moi vouloir donner,Je veux donner.
tu vouloir donner,Tu veux donner.
nous vouloir donner,Nous voulons donner.
moi non vouloir donner,Je ne veux pas donner.
tu non vouloir donner,Tu ne veux pas donner.
oui moi vouloir donner,Oui je veux donner !
non moi non vouloir donner,Non je ne veux pas donner !
aujourd hui moi vouloir donner,Aujourd'hui je veux donner.
moi vouloir donner bientot,Je veux donner bientôt.
moi vouloir donner ici,Je veux donner ici.
aujourd hui moi vouloir manger,Aujourd'hui je veux manger.
tu aimer aller,Tu aimes aller.
nous aimer aller,Nous aimons aller.
moi aimer aller bientot,J'aime aller bientôt.
aujourd hui moi aimer aller,Aujourd'hui j'aime aller.
moi aimer apprendre bientot,J'aime apprendre bientôt.
aujourd hui moi aimer apprendre,Aujourd'hui j'aime apprendre.
moi aimer attendre,J'aime attendre.
tu aimer attendre,Tu aimes attendre.
nous aimer attendre,Nous aimons attendre.
moi aimer attendre bientot,J'aime attendre bientôt.
aujourd hui moi aimer attendre,Aujourd'hui j'aime attendre.
tu aimer boire,Tu aimes boire.
nous aimer boire,Nous aimons boire.
moi aimer boire bientot,J'aime boire bientôt.
aujourd hui moi aimer boire,Aujourd'hui j'aime boire.
tu aimer changer,Tu aimes changer.
nous aimer changer,Nous aimons changer.
moi aimer changer bientot,J'aime changer bientôt.
aujourd hui moi aimer changer,Aujourd'hui j'aime changer.
tu aimer comprendre,Tu aimes comprendre.
nous aimer comprendre,Nous aimons comprendre.
moi aimer comprendre bientot,J'aime comprendre bientôt.
aujourd hui moi aimer comprendre,Aujourd'hui j'aime comprendre.
moi aimer donner,J'aime donner.
tu aimer donner,Tu aimes donner.
nous aimer donner,Nous aimons donner.
moi aimer donner bientot,J'aime donner bientôt.
aujourd hui moi aimer donner,Aujourd'hui j'aime donner.
moi aimer manger bientot,J'aime manger bientôt.
aujourd hui moi aimer manger,Aujourd'hui j'aime manger.
moi aimer vouloir,J'aime vouloir.
tu aimer vouloir,Tu aimes vouloir.
nous aimer vouloir,Nous aimons vouloir.
moi aimer vouloir bientot,J'aime vouloir bientôt.
aujourd hui moi aimer vouloir,Aujourd'hui j'aime vouloir.
tu aimer avec nous,Tu aimes avec nous.
nous aimer avec ami,Nous aimons avec mon ami.
moi vouloir aimer avec ami,Je veux aimer avec mon ami.
moi vouloir aimer avec tu,Je veux aimer avec toi.
aujourd hui moi aimer avec ami,Aujourd'hui j'aime avec mon ami.
moi attendre avec ami,J'attends avec mon ami.
moi attendre avec tu,J'attends avec toi.
tu attendre avec nous,Tu attends avec nous.
nous attendre avec ami,Nous attendons avec mon ami.
moi vouloir attendre avec ami,Je veux attendre avec mon ami.
moi vouloir attendre avec tu,Je veux attendre avec toi.
aujourd hui moi attendre avec ami,Aujourd'hui j'attends avec mon ami.
moi boire avec tu,Je bois avec toi.
tu boire avec nous,Tu bois avec nous.
moi vouloir boire avec tu,Je veux boire avec toi.
aujourd hui moi boire avec ami,Aujourd'hui je bois avec mon ami.
moi changer avec ami,Je change avec mon ami.
moi changer avec tu,Je change avec toi.
tu changer avec nous,Tu changes avec nous.
nous changer avec ami,Nous changeons avec mon ami.
moi vouloir changer avec ami,Je veux changer avec mon ami.
moi vouloir changer avec tu,Je veux changer avec toi.
aujourd hui moi changer avec ami,Aujourd'hui je change avec mon ami.
moi comprendre avec tu,Je comprends avec toi.
tu comprendre avec nous,Tu comprends avec nous.
nous comprendre avec ami,Nous comprenons avec mon ami.
moi vouloir comprendre avec ami,Je veux comprendre avec mon ami.
moi vouloir comprendre avec tu,Je veux comprendre avec toi.
aujourd hui moi comprendre avec ami,Aujourd'hui je comprends avec mon ami.
moi donner avec ami,Je donne avec mon ami.
moi donner avec tu,Je donne avec toi.
tu donner avec nous,Tu donnes avec nous.
nous donner avec ami,Nous donnons avec mon ami.
moi vouloir donner avec ami,Je veux donner avec mon ami.
moi vouloir donner avec tu,Je veux donner avec toi.
aujourd hui moi donner avec ami,Aujourd'hui je donne avec mon ami.
moi vouloir avec ami,Je veux avec mon ami.
moi vouloir avec tu,Je veux avec toi.
tu vouloir avec nous,Tu veux avec nous.
nous vouloir avec ami,Nous voulons avec mon ami.
moi vouloir vouloir avec ami,Je veux vouloir avec mon ami.
moi vouloir vouloir avec tu,Je veux vouloir avec toi.
aujourd hui moi vouloir avec ami,Aujourd'hui je veux avec mon ami.
nous aimer ici,Nous aimons ici.
ici moi aimer,J'aime ici.
ici moi aller,Je pars ici.
ici moi apprendre,J'apprends ici.
ici moi attendre,J'attends ici.
nous boire ici,Nous buvons ici.
ici moi boire,Je bois ici.
moi changer ici,Je change ici.
nous changer ici,Nous changeons ici.
ici moi changer,Je change ici.
moi comprendre ici,Je comprends ici.
nous comprendre ici,Nous comprenons ici.
ici moi comprendre,Je comprends ici.
moi donner ici,Je donne ici.
nous donner ici,Nous donnons ici.
ici moi donner,Je donne ici.
ici moi manger,Je mange ici.
moi vouloir ici,Je veux ici.
nous vouloir ici,Nous voulons ici.
ici moi vouloir,Je veux ici.
bonjour moi aimer,Bonjour j'aime !
bonjour tu aimer,Bonjour tu aimes !
bonjour moi aller,Bonjour je pars !
bonjour tu aller,Bonjour tu pars !
bonjour moi apprendre,Bonjour j'apprends !
bonjour tu apprendre,Bonjour tu apprends !
bonjour moi attendre,Bonjour j'attends !
bonjour tu attendre,Bonjour tu attends !
bonjour moi boire,Bonjour je bois !
bonjour tu boire,Bonjour tu bois !
bonjour moi changer,Bonjour je change !
bonjour tu changer,Bonjour tu changes !
bonjour moi comprendre,Bonjour je comprends !
bonjour tu comprendre,Bonjour tu comprends !
bonjour moi donner,Bonjour je donne !
bonjour tu donner,Bonjour tu donnes !
bonjour moi manger,Bonjour je mange !
bonjour tu manger,Bonjour tu manges !
bonjour moi vouloir,Bonjour je veux !
bonjour tu vouloir,Bonjour tu veux !
au revoir moi aimer,Au revoir j'aime !
au revoir tu aimer,Au revoir tu aimes !
au revoir moi aimer bientot,Au revoir j'aime bientôt !
au revoir moi aller,Au revoir je pars !
au revoir tu aller,Au revoir tu pars !
au revoir moi apprendre,Au revoir j'apprends !
au revoir tu apprendre,Au revoir tu apprends !
au revoir moi apprendre bientot,Au revoir j'apprends bientôt !
au revoir moi attendre,Au revoir j'attends !
au revoir tu attendre,Au revoir tu attends !
au revoir moi attendre bientot,Au revoir j'attends bientôt !
au revoir moi boire,Au revoir je bois !
au revoir tu boire,Au revoir tu bois !
au revoir moi boire bientot,Au revoir je bois bientôt !
au revoir moi changer,Au revoir je change !
au revoir tu changer,Au revoir tu changes !
au revoir moi changer bientot,Au revoir je change bientôt !
au revoir moi comprendre,Au revoir je comprends !
au revoir tu comprendre,Au revoir tu comprends !
au revoir moi comprendre bientot,Au revoir je comprends bientôt !
au revoir moi donner,Au revoir je donne !
au revoir tu donner,Au revoir tu donnes !
au revoir moi donner bientot,Au revoir je donne bientôt !
au revoir moi manger,Au revoir je mange !
au revoir tu manger,Au revoir tu manges !
au revoir moi manger bientot,Au revoir je mange bientôt !
au revoir moi vouloir,Au revoir je veux !
au revoir tu vouloir,Au revoir tu veux !
au revoir moi vouloir bientot,Au revoir je veux bientôt !
merci moi aimer,Merci j'aime !
merci tu aimer,Merci tu aimes !
merci nous aimer,Merci nous aimons !
merci moi aller,Merci je pars !
merci tu aller,Merci tu pars !
merci nous aller,Merci nous partons !
merci moi apprendre,Merci j'apprends !
merci tu apprendre,Merci tu apprends !
merci moi attendre,Merci j'attends !
merci tu attendre,Merci tu attends !
merci nous attendre,Merci nous attendons !
merci moi boire,Merci je bois !
merci tu boire,Merci tu bois !
merci nous boire,Merci nous buvons !
merci moi changer,Merci je change !
merci tu changer,Merci tu changes !
merci nous changer,Merci nous changeons !
merci tu comprendre,Merci tu comprends !
merci nous comprendre,Merci nous comprenons !
merci moi donner,Merci je donne !
merci tu donner,Merci tu donnes !
merci nous donner,Merci nous donnons !
merci moi manger,Merci je mange !
merci tu manger,Merci tu manges !
merci nous manger,Merci nous mangeons !
merci moi vouloir,Merci je veux !
merci tu vouloir,Merci tu veux !
merci nous vouloir,Merci nous voulons !
tu non aimer ami,Tu n'aimes pas mon ami.
non moi non aimer ami,Non je n'aime pas mon ami !
moi aimer ami aujourd hui,Aujourd'hui j'aime mon ami.
moi aimer ami bientot,J'aime mon ami bientôt.
bientot moi aimer ami,J'aime mon ami bientôt.
moi aimer ami ici,J'aime mon ami ici.
moi aimer ami avec ami,J'aime mon ami avec mon ami.
moi aimer ami avec tu,J'aime mon ami avec toi.
moi vouloir aimer ami,Je veux mon ami.
tu vouloir aimer ami,Tu veux mon ami.
nous vouloir aimer ami,Nous voulons mon ami.
moi non vouloir aimer ami,Je ne veux pas mon ami.
aujourd hui moi vouloir aimer ami,Aujourd'hui je veux mon ami.
moi vouloir aimer ami bientot,Je veux mon ami bientôt.
moi vouloir aimer ami avec ami,Je veux mon ami avec mon ami.
moi aimer aimer ami,J'aime mon ami.
tu aimer aimer ami,Tu aimes mon ami.
bonjour moi aimer ami,Bonjour j'aime mon ami !
merci moi aimer ami,Merci j'aime mon ami !
au revoir moi aimer ami,Au revoir j'aime mon ami !
tu aimer amour,Tu aimes de l'amour.
nous aimer amour,Nous aimons de l'amour.
moi non aimer amour,Je n'aime pas d'amour.
tu non aimer amour,Tu n'aimes pas d'amour.
oui moi aimer amour,Oui j'aime de l'amour !
non moi non aimer amour,Non je n'aime pas d'amour !
aujourd hui moi aimer amour,Aujourd'hui j'aime de l'amour.
moi aimer amour aujourd hui,Aujourd'hui j'aime de l'amour.
moi aimer amour bientot,J'aime de l'amour bientôt.
bientot moi aimer amour,J'aime de l'amour bientôt.
moi aimer amour ici,J'aime de l'amour ici.
moi aimer amour bien,J'aime de l'amour bien.
moi aimer amour avec ami,J'aime de l'amour avec mon ami.
moi aimer amour avec tu,J'aime de l'amour avec toi.
moi vouloir aimer amour,Je veux de l'amour.
tu vouloir aimer amour,Tu veux de l'amour.
nous vouloir aimer amour,Nous voulons de l'amour.
moi non vouloir aimer amour,Je ne veux pas d'amour.
aujourd hui moi vouloir aimer amour,Aujourd'hui je veux de l'amour.
moi vouloir aimer amour bientot,Je veux de l'amour bientôt.
moi vouloir aimer amour avec ami,Je veux de l'amour avec mon ami.
moi aimer aimer amour,J'aime de l'amour.
tu aimer aimer amour,Tu aimes de l'amour.
bonjour moi aimer amour,Bonjour j'aime de l'amour !
merci moi aimer amour,Merci j'aime de l'amour !
au revoir moi aimer amour,Au revoir j'aime de l'amour !
moi non aimer bebe,Je n'aime pas le bébé.
tu non aimer bebe,Tu n'aimes pas le bébé.
oui moi aimer bebe,Oui j'aime le bébé !
non moi non aimer bebe,Non je n'aime pas le bébé !
aujourd hui moi aimer bebe,Aujourd'hui j'aime le bébé.
moi aimer bebe aujourd hui,Aujourd'hui j'aime le bébé.
moi aimer bebe bientot,J'aime le bébé bientôt.
bientot moi aimer bebe,J'aime le bébé bientôt.
moi aimer bebe ici,J'aime le bébé ici.
moi aimer bebe avec ami,J'aime le bébé avec mon ami.
moi aimer bebe avec tu,J'aime le bébé avec toi.
moi vouloir aimer bebe,Je veux le bébé.
tu vouloir aimer bebe,Tu veux le bébé.
nous vouloir aimer bebe,Nous voulons le bébé.
moi non vouloir aimer bebe,Je ne veux pas le bébé.
aujourd hui moi vouloir aimer bebe,Aujourd'hui je veux le bébé.
moi vouloir aimer bebe bientot,Je veux le bébé bientôt.
moi vouloir aimer bebe avec ami,Je veux le bébé avec mon ami.
moi aimer aimer bebe,J'aime le bébé.
tu aimer aimer bebe,Tu aimes le bébé.
bonjour moi aimer bebe,Bonjour j'aime le bébé !
merci moi aimer bebe,Merci j'aime le bébé !
au revoir moi aimer bebe,Au revoir j'aime le bébé !
tu non aimer chat,Tu n'aimes pas le chat.
oui moi aimer chat,Oui j'aime le chat !
aujourd hui moi aimer chat,Aujourd'hui j'aime le chat.
moi aimer chat aujourd hui,Aujourd'hui j'aime le chat.
moi aimer chat bientot,J'aime le chat bientôt.
bientot moi aimer chat,J'aime le chat bientôt.
moi aimer chat ici,J'aime le chat ici.
moi aimer chat avec ami,J'aime le chat avec mon ami.
moi aimer chat avec tu,J'aime le chat avec toi.
moi vouloir aimer chat,Je veux le chat.
tu vouloir aimer chat,Tu veux le chat.
nous vouloir aimer chat,Nous voulons le chat.
moi non vouloir aimer chat,Je ne veux pas le chat.
aujourd hui moi vouloir aimer chat,Aujourd'hui je veux le chat.
moi vouloir aimer chat bientot,Je veux le chat bientôt.
moi vouloir aimer chat avec ami,Je veux le chat avec mon ami.
moi aimer aimer chat,J'aime le chat.
tu aimer aimer chat,Tu aimes le chat.
bonjour moi aimer chat,Bonjour j'aime le chat !
merci moi aimer chat,Merci j'aime le chat !
au revoir moi aimer chat,Au revoir j'aime le chat !
tu aimer aide,Tu aimes de l'aide.
nous aimer aide,Nous aimons de l'aide.
moi non aimer aide,Je n'aime pas d'aide.
tu non aimer aide,Tu n'aimes pas d'aide.
oui moi aimer aide,Oui j'aime de l'aide !
non moi non aimer aide,Non je n'aime pas d'aide !
aujourd hui moi aimer aide,Aujourd'hui j'aime de l'aide.
moi aimer aide aujourd hui,Aujourd'hui j'aime de l'aide.
moi aimer aide bientot,J'aime de l'aide bientôt.
bientot moi aimer aide,J'aime de l'aide bientôt.
moi aimer aide ici,J'aime de l'aide ici.
moi aimer aide bien,J'aime de l'aide bien.
moi aimer aide avec ami,J'aime de l'aide avec mon ami.
moi aimer aide avec tu,J'aime de l'aide avec toi.
moi vouloir aimer aide,Je veux de l'aide.
tu vouloir aimer aide,Tu veux de l'aide.
nous vouloir aimer aide,Nous voulons de l'aide.
moi non vouloir aimer aide,Je ne veux pas d'aide.
aujourd hui moi vouloir aimer aide,Aujourd'hui je veux de l'aide.
moi vouloir aimer aide bientot,Je veux de l'aide bientôt.
moi vouloir aimer aide avec ami,Je veux de l'aide avec mon ami.
moi aimer aimer aide,J'aime de l'aide.
tu aimer aimer aide,Tu aimes de l'aide.
bonjour moi aimer aide,Bonjour j'aime de l'aide !
merci moi aimer aide,Merci j'aime de l'aide !
au revoir moi aimer aide,Au revoir j'aime de l'aide !
tu non vouloir aide,Tu ne veux pas d'aide.
bientot moi vouloir aide,Je veux de l'aide bientôt.
moi vouloir aide bien,Je veux de l'aide bien.
moi vouloir aide avec ami,Je veux de l'aide avec mon ami.
moi vouloir aide avec tu,Je veux de l'aide avec toi.
moi vouloir vouloir aide,Je veux de l'aide.
tu vouloir vouloir aide,Tu veux de l'aide.
nous vouloir vouloir aide,Nous voulons de l'aide.
moi non vouloir vouloir aide,Je ne veux pas d'aide.
aujourd hui moi vouloir vouloir aide,Aujourd'hui je veux de l'aide.
moi vouloir vouloir aide bientot,Je veux de l'aide bientôt.
moi vouloir vouloir aide avec ami,Je veux de l'aide avec mon ami.
moi aimer vouloir aide,J'aime de l'aide.
tu aimer vouloir aide,Tu aimes de l'aide.
merci moi vouloir aide,Merci je veux de l'aide !
au revoir moi vouloir aide,Au revoir je veux de l'aide !
tu vouloir ami,Tu veux mon ami.
nous vouloir ami,Nous voulons mon ami.
moi non vouloir ami,Je ne veux pas mon ami.
tu non vouloir ami,Tu ne veux pas mon ami.
oui moi vouloir ami,Oui je veux mon ami !
non moi non vouloir ami,Non je ne veux pas mon ami !
aujourd hui moi vouloir ami,Aujourd'hui je veux mon ami.
moi vouloir ami aujourd hui,Aujourd'hui je veux mon ami.
bientot moi vouloir ami,Je veux mon ami bientôt.
moi vouloir ami ici,Je veux mon ami ici.
moi vouloir ami bien,Je veux mon ami bien.
moi vouloir ami avec ami,Je veux mon ami avec mon ami.
moi vouloir ami avec tu,Je veux mon ami avec toi.
moi vouloir vouloir ami,Je veux mon ami.
tu vouloir vouloir ami,Tu veux mon ami.
nous vouloir vouloir ami,Nous voulons mon ami.
moi non vouloir vouloir ami,Je ne veux pas mon ami.
aujourd hui moi vouloir vouloir ami,Aujourd'hui je veux mon ami.
moi vouloir vouloir ami bientot,Je veux mon ami bientôt.
moi vouloir vouloir ami avec ami,Je veux mon ami avec mon ami.
moi aimer vouloir ami,J'aime mon ami.
tu aimer vouloir ami,Tu aimes mon ami.
bonjour moi vouloir ami,Bonjour je veux mon ami !
merci moi vouloir ami,Merci je veux mon ami !
au revoir moi vouloir ami,Au revoir je veux mon ami !
nous vouloir amour,Nous voulons de l'amour.
moi non vouloir amour,Je ne veux pas d'amour.
tu non vouloir amour,Tu ne veux pas d'amour.
oui moi vouloir amour,Oui je veux de l'amour !
non moi non vouloir amour,Non je ne veux pas d'amour !
aujourd hui moi vouloir amour,Aujourd'hui je veux de l'amour.
moi vouloir amour aujourd hui,Aujourd'hui je veux de l'amour.
moi vouloir amour bientot,Je veux de l'amour bientôt.
bientot moi vouloir amour,Je veux de l'amour bientôt.
moi vouloir amour ici,Je veux de l'amour ici.
moi vouloir amour bien,Je veux de l'amour bien.
moi vouloir amour avec ami,Je veux de l'amour avec mon ami.
moi vouloir amour avec tu,Je veux de l'amour avec toi.
moi vouloir vouloir amour,Je veux de l'amour.
tu vouloir vouloir amour,Tu veux de l'amour.
nous vouloir vouloir amour,Nous voulons de l'amour.
moi non vouloir vouloir amour,Je ne veux pas d'amour.
aujourd hui moi vouloir vouloir amour,Aujourd'hui je veux de l'amour.
moi vouloir vouloir amour bientot,Je veux de l'amour bientôt.
moi vouloir vouloir amour avec ami,Je veux de l'amour avec mon ami.
moi aimer vouloir amour,J'aime de l'amour.
tu aimer vouloir amour,Tu aimes de l'amour.
bonjour moi vouloir amour,Bonjour je veux de l'amour !
merci moi vouloir amour,Merci je veux de l'amour !
au revoir moi vouloir amour,Au revoir je veux de l'amour !
tu vouloir bebe,Tu veux le bébé.
nous vouloir bebe,Nous voulons le bébé.
moi non vouloir bebe,Je ne veux pas le bébé.
tu non vouloir bebe,Tu ne veux pas le bébé.
oui moi vouloir bebe,Oui je veux le bébé !
non moi non vouloir bebe,Non je ne veux pas le bébé !
aujourd hui moi vouloir bebe,Aujourd'hui je veux le bébé.
moi vouloir bebe aujourd hui,Aujourd'hui je veux le bébé.
moi vouloir bebe bientot,Je veux le bébé bientôt.
bientot moi vouloir bebe,Je veux le bébé bientôt.
moi vouloir bebe ici,Je veux le bébé ici.
moi vouloir bebe bien,Je veux le bébé bien.
moi vouloir bebe avec ami,Je veux le bébé avec mon ami.
moi vouloir bebe avec tu,Je veux le bébé avec toi.
moi vouloir vouloir bebe,Je veux le bébé.
tu vouloir vouloir bebe,Tu veux le bébé.
nous vouloir vouloir bebe,Nous voulons le bébé.
moi non vouloir vouloir bebe,Je ne veux pas le bébé.
aujourd hui moi vouloir vouloir bebe,Aujourd'hui je veux le bébé.
moi vouloir vouloir bebe bientot,Je veux le bébé bientôt.
moi vouloir vouloir bebe avec ami,Je veux le bébé avec mon ami.
moi aimer vouloir bebe,J'aime le bébé.
tu aimer vouloir bebe,Tu aimes le bébé.
bonjour moi vouloir bebe,Bonjour je veux le bébé !
merci moi vouloir bebe,Merci je veux le bébé !
au revoir moi vouloir bebe,Au revoir je veux le bébé !
moi non vouloir chat,Je ne veux pas le chat.
tu non vouloir chat,Tu ne veux pas le chat.
oui moi vouloir chat,Oui je veux le chat !
non moi non vouloir chat,Non je ne veux pas le chat !
aujourd hui moi vouloir chat,Aujourd'hui je veux le chat.
moi vouloir chat aujourd hui,Aujourd'hui je veux le chat.
bientot moi vouloir chat,Je veux le chat bientôt.
moi vouloir chat ici,Je veux le chat ici.
moi vouloir chat bien,Je veux le chat bien.
moi vouloir chat avec ami,Je veux le chat avec mon ami.
moi vouloir chat avec tu,Je veux le chat avec toi.
moi vouloir vouloir chat,Je veux le chat.
tu vouloir vouloir chat,Tu veux le chat.
nous vouloir vouloir chat,Nous voulons le chat.
moi non vouloir vouloir chat,Je ne veux pas le chat.
aujourd hui moi vouloir vouloir chat,Aujourd'hui je veux le chat.
moi vouloir vouloir chat bientot,Je veux le chat bientôt.
moi vouloir vouloir chat avec ami,Je veux le chat avec mon ami.
moi aimer vouloir chat,J'aime le chat.
tu aimer vouloir chat,Tu aimes le chat.
bonjour moi vouloir chat,Bonjour je veux le chat !
merci moi vouloir chat,Merci je veux le chat !
au revoir moi vouloir chat,Au revoir je veux le chat !
moi non donner aide,Je ne donne pas d'aide.
tu non donner aide,Tu ne donnes pas d'aide.
aujourd hui moi donner aide,Aujourd'hui je donne de l'aide.
moi donner aide bientot,Je donne de l'aide bientôt.
bientot moi donner aide,Je donne de l'aide bientôt.
moi donner aide ici,Je donne de l'aide ici.
moi donner aide bien,Je donne de l'aide bien.
moi donner aide avec ami,Je donne de l'aide avec mon ami.
moi donner aide avec tu,Je donne de l'aide avec toi.
nous vouloir donner aide,Nous voulons de l'aide.
moi non vouloir donner aide,Je ne veux pas d'aide.
aujourd hui moi vouloir donner aide,Aujourd'hui je veux de l'aide.
moi vouloir donner aide bientot,Je veux de l'aide bientôt.
moi vouloir donner aide avec ami,Je veux de l'aide avec mon ami.
moi aimer donner aide,J'aime de l'aide.
tu aimer donner aide,Tu aimes de l'aide.
bonjour moi donner aide,Bonjour je donne de l'aide !
merci moi donner aide,Merci je donne de l'aide !
au revoir moi donner aide,Au revoir je donne de l'aide !
moi non donner amour,Je ne donne pas d'amour.
tu non donner amour,Tu ne donnes pas d'amour.
oui moi donner amour,Oui je donne de l'amour !
non moi non donner amour,Non je ne donne pas d'amour !
aujourd hui moi donner amour,Aujourd'hui je donne de l'amour.
moi donner amour aujourd hui,Aujourd'hui je donne de l'amour.
moi donner amour bientot,Je donne de l'amour bientôt.
bientot moi donner amour,Je donne de l'amour bientôt.
moi donner amour ici,Je donne de l'amour ici.
moi donner amour bien,Je donne de l'amour bien.
moi donner amour avec ami,Je donne de l'amour avec mon ami.
moi donner amour avec tu,Je donne de l'amour avec toi.
moi vouloir donner amour,Je veux de l'amour.
tu vouloir donner amour,Tu veux de l'amour.
nous vouloir donner amour,Nous voulons de l'amour.
moi non vouloir donner amour,Je ne veux pas d'amour.
aujourd hui moi vouloir donner amour,Aujourd'hui je veux de l'amour.
moi vouloir donner amour bientot,Je veux de l'amour bientôt.
moi vouloir donner amour avec ami,Je veux de l'amour avec mon ami.
moi aimer donner amour,J'aime de l'amour.
tu aimer donner amour,Tu aimes de l'amour.
bonjour moi donner amour,Bonjour je donne de l'amour !
merci moi donner amour,Merci je donne de l'amour !
au revoir moi donner amour,Au revoir je donne de l'amour !
moi non attendre ami,Je n'attends pas mon ami.
tu non attendre ami,Tu n'attends pas mon ami.
oui moi attendre ami,Oui j'attends mon ami !
non moi non attendre ami,Non je n'attends pas mon ami !
moi attendre ami aujourd hui,Aujourd'hui j'attends mon ami.
bientot moi attendre ami,J'attends mon ami bientôt.
moi attendre ami bien,J'attends mon ami bien.
moi attendre ami avec ami,J'attends mon ami avec mon ami.
moi attendre ami avec tu,J'attends mon ami avec toi.
moi vouloir attendre ami,Je veux mon ami.
tu vouloir attendre ami,Tu veux mon ami.
nous vouloir attendre ami,Nous voulons mon ami.
moi non vouloir attendre ami,Je ne veux pas mon ami.
aujourd hui moi vouloir attendre ami,Aujourd'hui je veux mon ami.
moi vouloir attendre ami bientot,Je veux mon ami bientôt.
moi vouloir attendre ami avec ami,Je veux mon ami avec mon ami.
moi aimer attendre ami,J'aime mon ami.
tu aimer attendre ami,Tu aimes mon ami.
bonjour moi attendre ami,Bonjour j'attends mon ami !
merci moi attendre ami,Merci j'attends mon ami !
au revoir moi attendre ami,Au revoir j'attends mon ami !
tu donner aide ami,Tu donnes de l'aide à mon ami.
moi donner aide ami bientot,Je donne de l'aide à mon ami bientôt.
tu donner aide bebe,Tu donnes de l'aide au bébé.
nous donner aide bebe,Nous donnons de l'aide au bébé.
moi vouloir donner aide bebe,Je veux de l'aide le bébé.
aujourd hui moi donner aide bebe,Aujourd'hui je donne de l'aide au bébé.
moi donner aide bebe bientot,Je donne de l'aide au bébé bientôt.
tu donner amour ami,Tu donnes de l'amour à mon ami.
nous donner amour ami,Nous donnons de l'amour à mon ami.
moi vouloir donner amour ami,Je veux de l'amour mon ami.
aujourd hui moi donner amour ami,Aujourd'hui je donne de l'amour à mon ami.
moi donner amour ami bientot,Je donne de l'amour à mon ami bientôt.
moi donner amour bebe,Je donne de l'amour au bébé.
tu donner amour bebe,Tu donnes de l'amour au bébé.
nous donner amour bebe,Nous donnons de l'amour au bébé.
moi vouloir donner amour bebe,Je veux de l'amour le bébé.
aujourd hui moi donner amour bebe,Aujourd'hui je donne de l'amour au bébé.
moi donner amour bebe bientot,Je donne de l'amour au bébé bientôt.
moi attendre tu ici,Je t'attends ici.
moi attendre tu bientot,Je t'attends bientôt.
aujourd hui moi attendre tu,Aujourd'hui je t'attends.
ami changer,Mon ami change.
ami aimer tu,Mon ami t'aime.
ami aimer amour,Mon ami aime de l'amour.
ami vouloir ami,Mon ami veut.
ami attendre tu,Mon ami t'attend.
ami donner aide,Mon ami donne de l'aide.
ami non manger,Mon ami ne mange pas.
ami non boire,Mon ami ne boit pas.
ami non aller,Mon ami ne part pas.
ami non apprendre,Mon ami n'apprend pas.
ami non changer,Mon ami ne change pas.
ami non aimer moi,Mon ami ne m'aime pas.
ami non vouloir aide,Mon ami ne veut pas d'aide.
ami non attendre moi,Mon ami ne m'attend pas.
ami non attendre tu,Mon ami ne t'attend pas.
bebe aimer chat,Le bébé aime le chat.
bebe aimer ami,Le bébé aime mon ami.
bebe non boire,Le bébé ne boit pas.
chat aimer bebe,Le chat aime le bébé.
chat non manger,Le chat ne mange pas.
chat non boire,Le chat ne boit pas.
nous non vouloir aide,Nous ne voulons pas d'aide.
nous non attendre ami,Nous n'attendons pas mon ami.
comment tu manger,Comment tu manges ?
comment tu boire,Comment tu bois ?
comment tu aller,Comment tu pars ?
comment tu changer,Comment tu changes ?
comment tu aimer,Comment tu aimes ?
comment tu vouloir aide,Comment tu veux de l'aide ?
comment tu attendre,Comment tu attends ?
comment tu donner aide,Comment tu donnes de l'aide ?
comment moi manger,Comment je mange ?
comment moi apprendre,Comment j'apprends ?
comment moi comprendre,Comment je comprends ?
comment moi changer,Comment je change ?
comment ami aller,Comment mon ami part ?
comment ami manger,Comment mon ami mange ?
comment ami apprendre,Comment mon ami apprend ?
comment nous apprendre,Comment nous apprenons ?
comment nous changer,Comment nous changeons ?
tu aller avec ami,Tu pars avec mon ami.
ami manger avec moi,Mon ami mange avec moi.
ami manger avec tu,Mon ami mange avec toi.
ami boire avec moi,Mon ami boit avec moi.
ami aller avec moi,Mon ami part avec moi.
ami aller avec tu,Mon ami part avec toi.
ami apprendre avec moi,Mon ami apprend avec moi.
moi aller ici avec ami,Je pars avec mon ami ici.
moi aller ici avec tu,Je pars avec toi ici.
nous aller ici avec ami,Nous partons avec mon ami ici.
tu manger bientot,Tu manges bientôt.
tu boire bientot,Tu bois bientôt.
tu aller bientot,Tu pars bientôt.
tu apprendre bientot,Tu apprends bientôt.
tu comprendre bientot,Tu comprends bientôt.
tu changer bientot,Tu changes bientôt.
ami manger bientot,Mon ami mange bientôt.
ami apprendre bientot,Mon ami apprend bientôt.
ami changer bientot,Mon ami change bientôt.
tu vouloir aide bientot,Tu veux de l'aide bientôt.
tu aller avec moi bientot,Tu pars avec moi bientôt.
nous aller bientot avec ami,Nous partons avec mon ami bientôt.
aujourd hui nous aller avec ami,Aujourd'hui nous partons avec mon ami.
aujourd hui ami manger,Aujourd'hui mon ami mange.
aujourd hui ami aller,Aujourd'hui mon ami part.
aujourd hui ami apprendre,Aujourd'hui mon ami apprend.
aujourd hui ami changer,Aujourd'hui mon ami change.
aujourd hui moi non manger,Aujourd'hui je ne mange pas.
aujourd hui moi non aller,Aujourd'hui je ne pars pas.
aujourd hui tu non aller,Aujourd'hui tu ne pars pas.
aujourd hui nous non aller,Aujourd'hui nous ne partons pas.
aujourd hui ami non aller,Aujourd'hui mon ami ne part pas.
moi vouloir aller ici avec ami,Je veux aller avec mon ami ici.
nous vouloir aller avec ami,Nous voulons aller avec mon ami.
nous vouloir apprendre avec ami,Nous voulons apprendre avec mon ami.
moi vouloir apprendre aujourd hui,Aujourd'hui je veux apprendre.
tu vouloir apprendre aujourd hui,Aujourd'hui tu veux apprendre.
nous vouloir apprendre aujourd hui,Aujourd'hui nous voulons apprendre.
moi vouloir changer aujourd hui,Aujourd'hui je veux changer.
tu vouloir changer bientot,Tu veux changer bientôt.
moi aimer apprendre avec ami,J'aime apprendre avec mon ami.
tu aimer aller avec moi,Tu aimes aller avec moi.
tu aimer manger avec moi,Tu aimes manger avec moi.
nous aimer aller avec ami,Nous aimons aller avec mon ami.
aujourd hui tu aller avec moi,Aujourd'hui tu pars avec moi.
aujourd hui nous aller ici,Aujourd'hui nous partons ici.
aujourd hui moi vouloir aller ici,Aujourd'hui je veux aller ici.
ami non vouloir aller avec moi,Mon ami ne veut pas aller avec moi.
nous non vouloir changer,Nous ne voulons pas changer.
moi non vouloir aller ici,Je ne veux pas aller ici.
tu non vouloir aller ici,Tu ne veux pas aller ici.
moi non vouloir manger bientot,Je ne veux pas manger bientôt.
moi non vouloir apprendre aujourd hui,Aujourd'hui je ne veux pas apprendre.
tu non vouloir apprendre aujourd hui,Aujourd'hui tu ne veux pas apprendre.
bonjour comment aller,Comment je pars ?
bonjour bien,Bonjour bien !
bonjour ami bien,Bonjour mon ami bien !
bonjour moi aimer tu,Bonjour je t'aime !
bonjour tu aller avec moi,Bonjour tu pars avec moi !
bonjour nous apprendre aujourd hui,Aujourd'hui nous apprenons !
bonjour moi manger avec tu,Bonjour je mange avec toi !
merci ami aide,Merci mon ami de l'aide !
merci tu vouloir aide,Merci tu veux de l'aide !
merci moi bien comprendre,Merci je comprends bien !
merci ami donner aide,Merci mon ami donne de l'aide !
au revoir ami aller,Au revoir mon ami part !
au revoir ami aller bientot,Au revoir mon ami part bientôt !
au revoir aujourd hui,Au revoir.
au revoir nous aller,Au revoir nous partons !
bonjour au revoir,Bonjour Au revoir !
tu manger bien,Tu manges bien.
ami manger bien,Mon ami mange bien.
tu boire bien,Tu bois bien.
ami apprendre bien,Mon ami apprend bien.
ami comprendre bien,Mon ami comprend bien.
tu aller bien,Tu pars bien.
ami aller bien,Mon ami part bien.
moi non aller bien,Je ne pars pas bien.
tu non aller bien,Tu ne pars pas bien.
ami non aller bien,Mon ami ne part pas bien.
nous non aller bien,Nous ne partons pas bien.
tu aimer moi bien,Tu m'aimes bien.
tu bon,Toi bien.
ami bon,Mon ami bien.
moi non bon,Moi bien.
tu non bon,Toi bien.
tu manger ici,Tu manges ici.
tu boire ici,Tu bois ici.
ami boire ici,Mon ami boit ici.
tu apprendre ici,Tu apprends ici.
tu aimer ici,Tu aimes ici.
tu attendre moi ici,Tu m'attends ici.
ami attendre moi ici,Mon ami m'attend ici.
ami attendre tu ici,Mon ami t'attend ici.
tu donner aide ici,Tu donnes de l'aide ici.
ami donner aide ici,Mon ami donne de l'aide ici.
nous donner aide ici,Nous donnons de l'aide ici.
moi non aller ici,Je ne pars pas ici.
tu non manger ici,Tu ne manges pas ici.
nous non boire ici,Nous ne buvons pas ici.
moi non apprendre ici,Je n'apprends pas ici.
ami non manger ici,Mon ami ne mange pas ici.
ami non aller ici,Mon ami ne part pas ici.
oui moi aller ici,Oui je pars ici !
oui moi aller avec ami,Oui je pars avec mon ami !
oui tu vouloir aide,Oui tu veux de l'aide !
oui nous aller,Oui nous partons !
oui nous manger,Oui nous mangeons !
oui nous apprendre,Oui nous apprenons !
oui ami aller,Oui mon ami part !
oui ami manger,Oui mon ami mange !
oui ami apprendre,Oui mon ami apprend !
oui ami vouloir aide,Oui mon ami veut de l'aide !
non nous non aller,Non nous ne partons pas !
non nous non apprendre,Non nous n'apprenons pas !
non ami non aller,Non mon ami ne part pas !
non ami non manger,Non mon ami ne mange pas !
non ami non vouloir aide,Non mon ami ne veut pas d'aide !
ami vouloir amour,Mon ami veut de l'amour.
tu donner amour moi,Tu me donnes de l'amour.
ami donner amour moi,Mon ami me donne de l'amour.
moi aimer ami avec amour,J'aime mon ami de l'amour.
tu aimer moi avec amour,Tu m'aimes de l'amour.
tu amour,Toi de l'amour.
bonjour amour,Bonjour de l'amour !
au revoir amour,Au revoir de l'amour !
merci amour,Merci de l'amour !
ami donner aide bebe,Mon ami donne de l'aide au bébé.
moi attendre bebe,J'attends le bébé.
tu attendre bebe,Tu attends le bébé.
nous attendre bebe,Nous attendons le bébé.
ami attendre bebe,Mon ami attend le bébé.
bebe aller avec moi,Le bébé part avec moi.
bebe aller avec ami,Le bébé part avec mon ami.
bebe aimer moi,Le bébé m'aime.
bebe non manger bientot,Le bébé ne mange pas bientôt.
bebe manger bien,Le bébé mange bien.
bebe boire bien,Le bébé boit bien.
ami vouloir chat,Mon ami veut le chat.
chat manger bien,Le chat mange bien.
chat manger ici,Le chat mange ici.
chat boire bien,Le chat boit bien.
chat boire ici,Le chat boit ici.
chat aller avec moi,Le chat part avec moi.
chat aller avec ami,Le chat part avec mon ami.
chat aller bientot,Le chat part bientôt.
chat non manger ici,Le chat ne mange pas ici.
chat non boire ici,Le chat ne boit pas ici.
bonjour chat,Bonjour le chat !
merci chat,Merci le chat !
tu aimer chat bien,Tu aimes le chat bien.
ami donner aide moi,Mon ami me donne de l'aide.
ami donner aide tu,Mon ami te donne de l'aide.
ami non donner aide,Mon ami ne donne pas d'aide.
nous non donner aide,Nous ne donnons pas d'aide.
aujourd hui tu donner aide,Aujourd'hui tu donnes de l'aide.
aujourd hui ami donner aide,Aujourd'hui mon ami donne de l'aide.
ami attendre,Mon ami attend.
ami attendre nous,Mon ami attend nous.
ami non attendre,Mon ami n'attend pas.
tu attendre moi bientot,Tu m'attends bientôt.
ami attendre moi bientot,Mon ami m'attend bientôt.
aujourd hui tu attendre moi,Aujourd'hui tu m'attends.
aujourd hui ami attendre moi,Aujourd'hui mon ami m'attend.
moi non attendre ami ici,Je n'attends pas mon ami ici.
tu non attendre moi ici,Tu ne m'attends pas ici.
aujourd hui tu apprendre bien,Aujourd'hui tu apprends bien.
aujourd hui nous apprendre bien,Aujourd'hui nous apprenons bien.
aujourd hui ami apprendre bien,Aujourd'hui mon ami apprend bien.
merci ami apprendre,Merci mon ami apprend !
oui moi apprendre bien,Oui j'apprends bien !
non moi non comprendre bien,Non je ne comprends pas bien !
tu changer aujourd hui,Aujourd'hui tu changes.
ami changer aujourd hui,Aujourd'hui mon ami change.
moi non changer bientot,Je ne change pas bientôt.
oui moi changer bientot,Oui je change bientôt !
ami vouloir changer,Mon ami veut changer.
moi non vouloir changer aujourd hui,Aujourd'hui je ne veux pas changer.
moi aller ici bientot,Je pars ici bientôt.
tu aller ici bientot,Tu pars ici bientôt.
moi non aller avec ami,Je ne pars pas avec mon ami.
oui tu aller ici,Oui tu pars ici !
non moi non aller ici,Non je ne pars pas ici !
aujourd hui moi aller ici,Aujourd'hui je pars ici.
aujourd hui tu aller ici,Aujourd'hui tu pars ici.
aujourd hui ami aller ici,Aujourd'hui mon ami part ici.
moi non manger ici,Je ne mange pas ici.
oui nous manger bien,Oui nous mangeons bien !
moi attendre aide,J'attends de l'aide.
tu vouloir aide aujourd hui,Aujourd'hui tu veux de l'aide.
tu aimer moi,Tu m'aimes.
ami aimer manger,Mon ami aime manger.
ami aimer apprendre,Mon ami aime apprendre.
ami non aimer,Mon ami n'aime pas.
ami non aimer chat,Mon ami n'aime pas le chat.
nous non vouloir aller,Nous ne voulons pas aller.
ami vouloir apprendre,Mon ami veut apprendre.
ami non vouloir,Mon ami ne veut pas.
moi vouloir aller aujourd hui,Aujourd'hui je veux aller.
tu vouloir aller aujourd hui,Aujourd'hui tu veux aller.
nous vouloir aller aujourd hui,Aujourd'hui nous voulons aller.
ami vouloir aller aujourd hui,Aujourd'hui mon ami veut aller.
moi vouloir manger aujourd hui,Aujourd'hui je veux manger.
tu vouloir manger aujourd hui,Aujourd'hui tu veux manger.
nous vouloir manger aujourd hui,Aujourd'hui nous voulons manger.
moi vouloir boire aujourd hui,Aujourd'hui je veux boire.
tu vouloir apprendre bientot,Tu veux apprendre bientôt.
nous vouloir apprendre bientot,Nous voulons apprendre bientôt.
ami vouloir apprendre bientot,Mon ami veut apprendre bientôt.
moi aimer manger aujourd hui,Aujourd'hui j'aime manger.
comment tu aller avec ami,Comment tu pars avec mon ami ?
comment tu apprendre ici,Comment tu apprends ici ?
comment tu manger bien,Comment tu manges bien ?
comment moi apprendre bien,Comment j'apprends bien ?
comment nous apprendre bien,Comment nous apprenons bien ?
comment ami apprendre ici,Comment mon ami apprend ici ?
comment moi comprendre tu,Comment je te comprends ?
comment tu comprendre moi,Comment tu me comprends ?
comment moi donner aide ami,Comment je donne de l'aide à mon ami ?
comment tu donner aide bebe,Comment tu donnes de l'aide au bébé ?
comment moi aller ici,Comment je pars ici ?
comment tu aller ici,Comment tu pars ici ?
comment nous aller ici,Comment nous partons ici ?
comment moi attendre ami,Comment j'attends mon ami ?
comment ami donner aide,Comment mon ami donne de l'aide ?
comment tu aimer chat,Comment tu aimes le chat ?
comment moi aimer ami,Comment j'aime mon ami ?
comment nous changer bientot,Comment nous changeons bientôt ?
nous manger avec tu,Nous mangeons avec toi.
nous non aimer changer,Nous n'aimons pas changer.
nous non aimer aller,Nous n'aimons pas aller.
nous aimer apprendre ici,Nous aimons apprendre ici.
nous aimer manger avec ami,Nous aimons manger avec mon ami.
aujourd hui nous vouloir aller avec ami,Aujourd'hui nous voulons aller avec mon ami.
aujourd hui nous vouloir apprendre bien,Aujourd'hui nous voulons apprendre bien.
aujourd hui nous aimer ami,Aujourd'hui nous aimons mon ami.
aujourd hui nous donner aide,Aujourd'hui nous donnons de l'aide.
aujourd hui nous attendre ami,Aujourd'hui nous attendons mon ami.
ami boire avec tu,Mon ami boit avec toi.
ami apprendre avec tu,Mon ami apprend avec toi.
ami aller avec moi bientot,Mon ami part avec moi bientôt.
ami aller ici bientot,Mon ami part ici bientôt.
ami aller avec nous,Mon ami part avec nous.
ami aimer boire,Mon ami aime boire.
ami aimer aller,Mon ami aime aller.
ami non aimer manger,Mon ami n'aime pas manger.
ami non aimer aller,Mon ami n'aime pas aller.
ami aimer manger avec moi,Mon ami aime manger avec moi.
ami aimer apprendre avec moi,Mon ami aime apprendre avec moi.
aujourd hui ami vouloir aller avec moi,Aujourd'hui mon ami veut aller avec moi.
aujourd hui ami vouloir aide,Aujourd'hui mon ami veut de l'aide.
aujourd hui ami aimer moi,Aujourd'hui mon ami m'aime.
bonjour moi aller bientot,Bonjour je pars bientôt !
bonjour moi apprendre aujourd hui,Aujourd'hui j'apprends !
bonjour tu vouloir manger,Bonjour tu veux manger !
bonjour nous apprendre,Bonjour nous apprenons !
bonjour ami manger ici,Bonjour mon ami mange ici !
bonjour moi non comprendre,Bonjour je ne comprends pas !
bonjour moi vouloir apprendre,Bonjour je veux apprendre !
merci ami comprendre,Merci mon ami comprend !
merci tu aller avec moi,Merci tu pars avec moi !
merci moi aimer tu,Merci je t'aime !
merci tu donner aide,Merci tu donnes de l'aide !
merci ami donner aide moi,Merci mon ami me donne de l'aide !
au revoir moi aller avec ami,Au revoir je pars avec mon ami !
au revoir nous aller bientot,Au revoir nous partons bientôt !
au revoir tu aller bientot,Au revoir tu pars bientôt !
au revoir ami aller avec nous,Au revoir mon ami part avec nous !
moi manger bientot avec ami,Je mange avec mon ami bientôt.
moi boire bientot avec ami,Je bois avec mon ami bientôt.
moi apprendre bientot avec ami,J'apprends avec mon ami bientôt.
tu manger bientot avec moi,Tu manges avec moi bientôt.
tu apprendre bientot avec moi,Tu apprends avec moi bientôt.
nous manger bientot avec ami,Nous mangeons avec mon ami bientôt.
nous apprendre bientot avec ami,Nous apprenons avec mon ami bientôt.
ami manger bientot avec moi,Mon ami mange avec moi bientôt.
ami aller bientot avec moi,Mon ami part avec moi bientôt.
moi aller ici bientot avec ami,Je pars avec mon ami ici bientôt.
oui tu vouloir manger,Oui tu veux manger !
oui tu aimer ami,Oui tu aimes mon ami !
oui nous vouloir aller,Oui nous voulons aller !
oui nous vouloir apprendre,Oui nous voulons apprendre !
oui ami vouloir manger,Oui mon ami veut manger !
non tu non vouloir aide,Non tu ne veux pas d'aide !
non tu non vouloir manger,Non tu ne veux pas manger !
non nous non vouloir aller,Non nous ne voulons pas aller !
non ami non vouloir manger,Non mon ami ne veut pas manger !
moi vouloir manger avec ami aujourd hui,Aujourd'hui je veux manger avec mon ami.
moi vouloir boire avec ami aujourd hui,Aujourd'hui je veux boire avec mon ami.
moi vouloir aller avec ami aujourd hui,Aujourd'hui je veux aller avec mon ami.
tu vouloir aller avec moi aujourd hui,Aujourd'hui tu veux aller avec moi.
nous vouloir manger avec ami aujourd hui,Aujourd'hui nous voulons manger avec mon ami.
ami vouloir manger avec moi aujourd hui,Aujourd'hui mon ami veut manger avec moi.
ami vouloir aller avec moi aujourd hui,Aujourd'hui mon ami veut aller avec moi.
moi vouloir manger avec ami bientot,Je veux manger avec mon ami bientôt.
moi vouloir apprendre avec ami bientot,Je veux apprendre avec mon ami bientôt.
nous vouloir apprendre avec ami bientot,Nous voulons apprendre avec mon ami bientôt.
ami vouloir aller avec moi bientot,Mon ami veut aller avec moi bientôt.
moi aimer manger ici,J'aime manger ici.
moi aimer boire ici,J'aime boire ici.
moi aimer apprendre ici,J'aime apprendre ici.
tu aimer apprendre ici,Tu aimes apprendre ici.
ami aimer manger ici,Mon ami aime manger ici.
ami aimer apprendre ici,Mon ami aime apprendre ici.
moi aimer manger avec ami ici,J'aime manger avec mon ami ici.
moi aimer apprendre avec ami ici,J'aime apprendre avec mon ami ici.
moi non aimer manger ici,Je n'aime pas manger ici.
moi non aimer apprendre ici,Je n'aime pas apprendre ici.
tu non aimer manger ici,Tu n'aimes pas manger ici.
tu vouloir manger ici,Tu veux manger ici.
tu vouloir apprendre ici,Tu veux apprendre ici.
nous vouloir manger ici,Nous voulons manger ici.
nous vouloir apprendre ici,Nous voulons apprendre ici.
ami vouloir manger ici,Mon ami veut manger ici.
ami vouloir apprendre ici,Mon ami veut apprendre ici.
moi non vouloir manger ici,Je ne veux pas manger ici.
tu non vouloir manger ici,Tu ne veux pas manger ici.
ami non vouloir aller ici,Mon ami ne veut pas aller ici.
moi apprendre bien avec ami,J'apprends avec mon ami bien.
moi comprendre bien avec ami,Je comprends avec mon ami bien.
tu apprendre bien avec moi,Tu apprends avec moi bien.
nous apprendre bien avec ami,Nous apprenons avec mon ami bien.
ami apprendre bien avec moi,Mon ami apprend avec moi bien.
moi apprendre bien ici,J'apprends bien ici.
moi comprendre bien ici,Je comprends bien ici.
tu apprendre bien ici,Tu apprends bien ici.
nous apprendre bien ici,Nous apprenons bien ici.
ami apprendre bien ici,Mon ami apprend bien ici.
moi manger bien avec ami,Je mange avec mon ami bien.
tu manger bien avec moi,Tu manges avec moi bien.
nous manger bien avec ami,Nous mangeons avec mon ami bien.
moi boire bien avec ami,Je bois avec mon ami bien.
moi manger bien ici,Je mange bien ici.
tu manger bien ici,Tu manges bien ici.
nous manger bien ici,Nous mangeons bien ici.
ami manger bien ici,Mon ami mange bien ici.
moi aller bien avec ami,Je pars avec mon ami bien.
moi aller bien ici,Je pars bien ici.
aujourd hui moi apprendre bien avec ami,Aujourd'hui j'apprends avec mon ami bien.
aujourd hui tu apprendre bien avec moi,Aujourd'hui tu apprends avec moi bien.
aujourd hui nous apprendre bien avec ami,Aujourd'hui nous apprenons avec mon ami bien.
aujourd hui moi manger bien avec ami,Aujourd'hui je mange avec mon ami bien.
aujourd hui moi aller bien avec ami,Aujourd'hui je pars avec mon ami bien.
moi vouloir apprendre bien,Je veux apprendre bien.
moi vouloir comprendre bien,Je veux comprendre bien.
tu vouloir apprendre bien,Tu veux apprendre bien.
nous vouloir apprendre bien,Nous voulons apprendre bien.
ami vouloir apprendre bien,Mon ami veut apprendre bien.
moi aimer apprendre bien,J'aime apprendre bien.
moi aimer comprendre bien,J'aime comprendre bien.
tu aimer apprendre bien,Tu aimes apprendre bien.
nous aimer apprendre bien,Nous aimons apprendre bien.
ami aimer apprendre bien,Mon ami aime apprendre bien.
oui tu apprendre bien,Oui tu apprends bien !
oui nous apprendre bien,Oui nous apprenons bien !
oui ami apprendre bien,Oui mon ami apprend bien !
non moi non apprendre bien,Non je n'apprends pas bien !
non tu non apprendre bien,Non tu n'apprends pas bien !
non ami non comprendre bien,Non mon ami ne comprend pas bien !
moi aimer ami amour,J'aime mon ami de l'amour.
tu aimer moi amour,Tu m'aimes de l'amour.
ami aimer moi amour,Mon ami m'aime de l'amour.
nous aimer amour bien,Nous aimons de l'amour bien.
tu vouloir amour aujourd hui,Aujourd'hui tu veux de l'amour.
ami vouloir amour aujourd hui,Aujourd'hui mon ami veut de l'amour.
ami non vouloir amour,Mon ami ne veut pas d'amour.
bonjour amour bien,Bonjour de l'amour bien !
au revoir amour bientot,Au revoir de l'amour bientôt !
tu aimer bebe bien,Tu aimes le bébé bien.
nous aimer bebe bien,Nous aimons le bébé bien.
ami aimer bebe bien,Mon ami aime le bébé bien.
moi vouloir aide bebe,Je veux de l'aide le bébé.
tu vouloir aide bebe,Tu veux de l'aide le bébé.
nous vouloir aide bebe,Nous voulons de l'aide le bébé.
ami vouloir aide bebe,Mon ami veut de l'aide le bébé.
moi donner aide bebe aujourd hui,Aujourd'hui je donne de l'aide au bébé.
tu donner aide bebe aujourd hui,Aujourd'hui tu donnes de l'aide au bébé.
ami donner aide bebe aujourd hui,Aujourd'hui mon ami donne de l'aide au bébé.
nous aimer chat bien,Nous aimons le chat bien.
ami aimer chat bien,Mon ami aime le chat bien.
chat manger bien ici,Le chat mange bien ici.
chat boire bien ici,Le chat boit bien ici.
bebe manger bien ici,Le bébé mange bien ici.
bebe boire bien ici,Le bébé boit bien ici.
bebe aller avec moi aujourd hui,Aujourd'hui le bébé part avec moi.
chat aller avec ami bientot,Le chat part avec mon ami bientôt.
moi aimer chat manger,J'aime le chat.
moi aimer bebe manger,J'aime le bébé.
ami aimer chat boire,Mon ami aime le chat.
moi changer bientot avec ami,Je change avec mon ami bientôt.
tu changer bientot avec moi,Tu changes avec moi bientôt.
nous changer bientot avec ami,Nous changeons avec mon ami bientôt.
moi changer aujourd hui avec ami,Aujourd'hui je change avec mon ami.
tu changer aujourd hui avec moi,Aujourd'hui tu changes avec moi.
nous changer aujourd hui avec ami,Aujourd'hui nous changeons avec mon ami.
ami changer aujourd hui avec moi,Aujourd'hui mon ami change avec moi.
tu vouloir changer avec moi,Tu veux changer avec moi.
nous vouloir changer avec ami,Nous voulons changer avec mon ami.
ami vouloir changer avec moi,Mon ami veut changer avec moi.
moi aimer changer avec ami,J'aime changer avec mon ami.
moi non vouloir changer avec tu,Je ne veux pas changer avec toi.
ami non vouloir changer avec moi,Mon ami ne veut pas changer avec moi.
aujourd hui moi vouloir changer avec ami,Aujourd'hui je veux changer avec mon ami.
moi comprendre tu,Je te comprends.
tu comprendre moi,Tu me comprends.
moi non comprendre tu,Je ne te comprends pas.
tu non comprendre moi,Tu ne me comprends pas.
ami comprendre moi,Mon ami me comprend.
ami comprendre tu,Mon ami te comprend.
ami non comprendre moi,Mon ami ne me comprend pas.
nous comprendre ami,Nous comprenons mon ami.
nous non comprendre ami,Nous ne comprenons pas mon ami.
moi vouloir comprendre tu,Je veux comprendre.
tu vouloir comprendre moi,Tu veux comprendre.
ami vouloir comprendre moi,Mon ami veut comprendre.
moi aimer comprendre tu,Je t'aime comprendre.
aujourd hui moi comprendre ami,Aujourd'hui je comprends mon ami.
aujourd hui ami comprendre moi,Aujourd'hui mon ami me comprend.
aujourd hui tu comprendre moi bien,Aujourd'hui tu me comprends bien.
moi apprendre avec ami aujourd hui,Aujourd'hui j'apprends avec mon ami.
tu apprendre avec ami aujourd hui,Aujourd'hui tu apprends avec mon ami.
nous apprendre avec ami aujourd hui,Aujourd'hui nous apprenons avec mon ami.
ami apprendre avec moi aujourd hui,Aujourd'hui mon ami apprend avec moi.
tu vouloir apprendre avec ami,Tu veux apprendre avec mon ami.
nous vouloir apprendre avec tu,Nous voulons apprendre avec toi.
moi aimer apprendre avec tu,J'aime apprendre avec toi.
ami aimer apprendre avec tu,Mon ami aime apprendre avec toi.
non moi non vouloir apprendre avec tu,Non je ne veux pas apprendre avec toi !
non ami non vouloir apprendre avec moi,Non mon ami ne veut pas apprendre avec moi !
moi attendre ami aujourd hui ici,Aujourd'hui j'attends mon ami ici.
tu attendre moi aujourd hui ici,Aujourd'hui tu m'attends ici.
ami attendre moi aujourd hui ici,Aujourd'hui mon ami m'attend ici.
nous attendre ami aujourd hui ici,Aujourd'hui nous attendons mon ami ici.
moi attendre ami bientot ici,J'attends mon ami bientôt ici.
tu attendre moi bientot ici,Tu m'attends bientôt ici.
ami attendre moi bientot ici,Mon ami m'attend bientôt ici.
tu vouloir attendre moi,Tu veux attendre.
ami vouloir attendre moi,Mon ami veut attendre.
ami non vouloir attendre,Mon ami ne veut pas attendre.
aujourd hui moi attendre ami avec tu,Aujourd'hui j'attends mon ami avec toi.
aujourd hui ami attendre moi avec tu,Aujourd'hui mon ami m'attend avec toi.
moi donner aide ami aujourd hui ici,Aujourd'hui je donne de l'aide à mon ami ici.
tu donner aide moi aujourd hui ici,Aujourd'hui tu me donnes de l'aide ici.
ami donner aide moi aujourd hui ici,Aujourd'hui mon ami me donne de l'aide ici.
nous donner aide ami aujourd hui ici,Aujourd'hui nous donnons de l'aide à mon ami ici.
ami vouloir donner aide,Mon ami veut de l'aide.
ami aimer donner aide,Mon ami aime de l'aide.
nous aimer donner aide,Nous aimons de l'aide.
comment moi donner aide,Comment je donne de l'aide ?
comment nous donner aide,Comment nous donnons de l'aide ?
comment ami donner aide moi,Comment mon ami me donne de l'aide ?
comment moi attendre ami ici,Comment j'attends mon ami ici ?
comment tu attendre moi ici,Comment tu m'attends ici ?
comment ami attendre moi,Comment mon ami m'attend ?
comment nous attendre ami,Comment nous attendons mon ami ?
comment moi vouloir aide aujourd hui,Aujourd'hui Comment je veux de l'aide ?
comment tu vouloir apprendre avec ami,Comment tu veux apprendre avec mon ami ?
comment moi aimer ami bien,Comment j'aime mon ami bien ?
comment ami aimer moi,Comment mon ami m'aime ?
oui bien,Oui bien !
non non bien,Non Non bien !
comment moi bien,Moi bien.
merci moi bien,Merci moi bien !
moi bon bien,Moi bien bien.
tu bon bien,Toi bien bien.
ami bon bien,Mon ami bien bien.
moi non bon bien,Moi bien bien.
tu aller bien avec moi,Tu pars avec moi bien.
nous aller bien avec ami,Nous partons avec mon ami bien.
ami aller bien avec moi,Mon ami part avec moi bien.
moi apprendre bien avec tu aujourd hui,Aujourd'hui j'apprends avec toi bien.
tu apprendre bien avec moi aujourd hui,Aujourd'hui tu apprends avec moi bien.
nous apprendre bien avec ami aujourd hui,Aujourd'hui nous apprenons avec mon ami bien.
ami apprendre bien avec moi aujourd hui,Aujourd'hui mon ami apprend avec moi bien.
moi manger bien avec ami aujourd hui,Aujourd'hui je mange avec mon ami bien.
moi boire bien avec ami aujourd hui,Aujourd'hui je bois avec mon ami bien.
moi aller bien avec ami aujourd hui,Aujourd'hui je pars avec mon ami bien.
moi apprendre bien avec ami bientot,J'apprends avec mon ami bien bientôt.
moi manger bien avec ami bientot,Je mange avec mon ami bien bientôt.
moi aller bien avec ami bientot,Je pars avec mon ami bien bientôt.
aujourd hui moi aller bien,Aujourd'hui je pars bien.
aujourd hui tu aller bien,Aujourd'hui tu pars bien.
aujourd hui ami aller bien,Aujourd'hui mon ami part bien.
aujourd hui nous aller bien,Aujourd'hui nous partons bien.
aujourd hui moi non aller bien,Aujourd'hui je ne pars pas bien.
aujourd hui ami non aller bien,Aujourd'hui mon ami ne part pas bien.
bonjour comment tu bien,Bonjour toi bien !
bonjour moi aller bien bientot,Bonjour je pars bien bientôt !
merci tu bien,Merci toi bien !
au revoir tu bien,Au revoir toi bien !
moi aller avec bebe,Je pars avec le bébé.
tu aller avec bebe,Tu pars avec le bébé.
ami aller avec bebe,Mon ami part avec le bébé.
nous aller avec bebe,Nous partons avec le bébé.
moi manger avec bebe,Je mange avec le bébé.
ami manger avec bebe,Mon ami mange avec le bébé.
moi aller avec chat,Je pars avec le chat.
ami aller avec chat,Mon ami part avec le chat.
nous aller avec chat,Nous partons avec le chat.
moi manger avec chat,Je mange avec le chat.
bebe aller avec chat,Le bébé part avec le chat.
bebe aimer aller avec chat,Le bébé aime aller avec le chat.
moi vouloir aller avec bebe,Je veux aller avec le bébé.
moi vouloir aller avec chat,Je veux aller avec le chat.
tu vouloir aller avec bebe,Tu veux aller avec le bébé.
moi aimer aller avec bebe,J'aime aller avec le bébé.
moi aimer aller avec chat,J'aime aller avec le chat.
ami aimer aller avec bebe,Mon ami aime aller avec le bébé.
ami aimer aller avec chat,Mon ami aime aller avec le chat.
aujourd hui moi aller avec bebe,Aujourd'hui je pars avec le bébé.
aujourd hui moi aller avec chat,Aujourd'hui je pars avec le chat.
aujourd hui ami aller avec bebe,Aujourd'hui mon ami part avec le bébé.
moi donner aide bebe ici,Je donne de l'aide au bébé ici.
moi attendre bebe ici,J'attends le bébé ici.
moi attendre bebe bientot,J'attends le bébé bientôt.
ami attendre bebe ici,Mon ami attend le bébé ici.
ami attendre bebe bientot,Mon ami attend le bébé bientôt.
moi non attendre bebe,Je n'attends pas le bébé.
moi non attendre chat,Je n'attends pas le chat.
comment moi aller avec bebe,Comment je pars avec le bébé ?
comment moi donner aide bebe,Comment je donne de l'aide au bébé ?
oui moi aller avec bebe,Oui je pars avec le bébé !
tu non ici,Toi ici.
ami ici avec moi,Mon ami ici.
ami ici avec tu,Mon ami ici.
nous ici avec ami,Nous ici.
moi ici avec ami,Moi ici.
moi ici bientot,Moi ici bientôt.
tu ici bientot,Toi ici bientôt.
ami ici bientot,Mon ami ici bientôt.
nous ici bientot,Nous ici bientôt.
moi ici aujourd hui,Aujourd'hui moi ici.
tu ici aujourd hui,Aujourd'hui toi ici.
ami ici aujourd hui,Aujourd'hui mon ami ici.
nous ici aujourd hui,Aujourd'hui nous ici.
bonjour moi ici,Bonjour moi ici !
bonjour ami ici,Bonjour mon ami ici !
oui moi ici,Oui moi ici !
non moi non ici,Non moi ici !
aujourd hui ami ici,Aujourd'hui mon ami ici.
aujourd hui nous ici,Aujourd'hui nous ici.
moi ici avec bebe,Moi ici.
moi ici avec chat,Moi ici.
ami ici avec bebe,Mon ami ici.
ami ici avec nous,Mon ami ici.
moi bientot,Moi bientôt.
tu bientot,Toi bientôt.
nous bientot,Nous bientôt.
chat bientot,Le chat bientôt.
bonjour bientot,Bonjour bientôt !
moi bientot avec ami,Moi bientôt.
ami bientot avec moi,Mon ami bientôt.
ami bientot ici,Mon ami bientôt ici.
moi bientot ici,Moi bientôt ici.
nous bientot ici,Nous bientôt ici.
aujourd hui bientot,Aujourd'hui bientôt.
moi aujourd hui,Aujourd'hui moi.
tu aujourd hui,Aujourd'hui toi.
ami aujourd hui,Aujourd'hui mon ami.
nous aujourd hui,Aujourd'hui nous.
bebe aujourd hui,Aujourd'hui le bébé.
bonjour aujourd hui,Bonjour.
ami aujourd hui avec moi,Aujourd'hui mon ami.
moi aujourd hui ici,Aujourd'hui moi ici.
nous aujourd hui ici,Aujourd'hui nous ici.
moi aujourd hui bientot,Aujourd'hui moi bientôt.
tu vouloir aide bien,Tu veux de l'aide bien.
moi vouloir aide ici bien,Je veux de l'aide ici bien.
moi vouloir aide ami,Je veux de l'aide mon ami.
moi vouloir aide tu,Je veux de l'aide.
ami vouloir aide moi,Mon ami veut de l'aide.
ami donner aide bien,Mon ami donne de l'aide bien.
tu donner aide bien,Tu donnes de l'aide bien.
nous donner aide bien,Nous donnons de l'aide bien.
oui ami donner aide,Oui mon ami donne de l'aide !
non ami non donner aide,Non mon ami ne donne pas d'aide !
ami aimer aide,Mon ami aime de l'aide.
moi aimer donner aide ami,J'aime de l'aide mon ami.
ami aimer donner aide moi,Mon ami m'aime de l'aide.
nous aimer donner aide ami,Nous aimons de l'aide mon ami.
moi aimer attendre ami ici,J'aime mon ami ici.
tu aimer attendre moi ici,Tu m'aimes attendre ici.
ami aimer attendre moi ici,Mon ami m'aime attendre ici.
moi aimer manger avec bebe,J'aime manger avec le bébé.
moi aimer manger avec chat,J'aime manger avec le chat.
ami aimer manger avec bebe,Mon ami aime manger avec le bébé.
moi aimer apprendre avec bebe,J'aime apprendre avec le bébé.
moi vouloir manger avec bebe,Je veux manger avec le bébé.
moi vouloir manger avec chat,Je veux manger avec le chat.
tu vouloir manger avec bebe,Tu veux manger avec le bébé.
moi vouloir boire avec bebe,Je veux boire avec le bébé.
moi vouloir apprendre avec bebe,Je veux apprendre avec le bébé.
tu vouloir apprendre avec bebe,Tu veux apprendre avec le bébé.
moi vouloir aller avec bebe aujourd hui,Aujourd'hui je veux aller avec le bébé.
moi vouloir aller avec chat aujourd hui,Aujourd'hui je veux aller avec le chat.
ami vouloir aller avec bebe aujourd hui,Aujourd'hui mon ami veut aller avec le bébé.
moi aimer apprendre aujourd hui,Aujourd'hui j'aime apprendre.
moi aimer aller aujourd hui,Aujourd'hui j'aime aller.
moi aimer changer aujourd hui,Aujourd'hui j'aime changer.
tu aimer apprendre aujourd hui,Aujourd'hui tu aimes apprendre.
tu aimer manger aujourd hui,Aujourd'hui tu aimes manger.
tu aimer aller aujourd hui,Aujourd'hui tu aimes aller.
nous aimer apprendre aujourd hui,Aujourd'hui nous aimons apprendre.
nous aimer manger aujourd hui,Aujourd'hui nous aimons manger.
ami aimer apprendre aujourd hui,Aujourd'hui mon ami aime apprendre.
ami aimer manger aujourd hui,Aujourd'hui mon ami aime manger.
ami aimer aller aujourd hui,Aujourd'hui mon ami aime aller.
moi non aimer manger aujourd hui,Aujourd'hui je n'aime pas manger.
moi non aimer aller aujourd hui,Aujourd'hui je n'aime pas aller.
tu non aimer apprendre aujourd hui,Aujourd'hui tu n'aimes pas apprendre.
ami non aimer manger aujourd hui,Aujourd'hui mon ami n'aime pas manger.
moi vouloir manger ici avec ami,Je veux manger avec mon ami ici.
moi vouloir boire ici avec ami,Je veux boire avec mon ami ici.
moi vouloir apprendre ici avec ami,Je veux apprendre avec mon ami ici.
tu vouloir manger ici avec moi,Tu veux manger avec moi ici.
tu vouloir apprendre ici avec moi,Tu veux apprendre avec moi ici.
nous vouloir manger ici avec ami,Nous voulons manger avec mon ami ici.
nous vouloir apprendre ici avec ami,Nous voulons apprendre avec mon ami ici.
ami vouloir manger ici avec moi,Mon ami veut manger avec moi ici.
ami vouloir apprendre ici avec moi,Mon ami veut apprendre avec moi ici.
moi non vouloir boire ici,Je ne veux pas boire ici.
ami non vouloir manger ici,Mon ami ne veut pas manger ici.
nous non vouloir manger ici,Nous ne voulons pas manger ici.
moi aimer manger ici avec ami,J'aime manger avec mon ami ici.
tu aimer manger ici avec moi,Tu aimes manger avec moi ici.
nous aimer manger ici avec ami,Nous aimons manger avec mon ami ici.
ami aimer manger ici avec moi,Mon ami aime manger avec moi ici.
moi vouloir apprendre ici avec ami bientot,Je veux apprendre avec mon ami ici bientôt.
moi vouloir manger ici avec ami aujourd hui,Aujourd'hui je veux manger avec mon ami ici.
moi vouloir aller ici avec ami aujourd hui,Aujourd'hui je veux aller avec mon ami ici.
tu vouloir aller ici avec moi aujourd hui,Aujourd'hui tu veux aller avec moi ici.
nous vouloir aller ici avec ami aujourd hui,Aujourd'hui nous voulons aller avec mon ami ici.
ami vouloir aller ici avec moi aujourd hui,Aujourd'hui mon ami veut aller avec moi ici.
moi vouloir apprendre ici avec ami aujourd hui,Aujourd'hui je veux apprendre avec mon ami ici.
tu vouloir apprendre ici avec ami aujourd hui,Aujourd'hui tu veux apprendre avec mon ami ici.
nous vouloir apprendre ici avec ami aujourd hui,Aujourd'hui nous voulons apprendre avec mon ami ici.
moi vouloir aller ici avec ami bientot,Je veux aller avec mon ami ici bientôt.
tu vouloir aller ici avec moi bientot,Tu veux aller avec moi ici bientôt.
nous vouloir aller ici avec ami bientot,Nous voulons aller avec mon ami ici bientôt.
moi donner amour ami aujourd hui,Aujourd'hui je donne de l'amour à mon ami.
moi donner amour bebe aujourd hui,Aujourd'hui je donne de l'amour au bébé.
tu donner amour moi aujourd hui,Aujourd'hui tu me donnes de l'amour.
ami donner amour moi aujourd hui,Aujourd'hui mon ami me donne de l'amour.
tu donner amour moi bientot,Tu me donnes de l'amour bientôt.
moi donner amour ami ici,Je donne de l'amour à mon ami ici.
ami donner amour moi ici,Mon ami me donne de l'amour ici.
ami vouloir donner amour moi,Mon ami veut de l'amour.
moi aimer donner amour ami,J'aime de l'amour mon ami.
ami aimer donner amour moi,Mon ami m'aime de l'amour.
ami non donner amour moi,Mon ami ne me donne pas d'amour.
oui moi donner amour ami,Oui je donne de l'amour à mon ami !
moi aimer amour ami,J'aime de l'amour mon ami.
tu aimer amour moi,Tu m'aimes de l'amour.
ami aimer amour moi,Mon ami m'aime de l'amour.
nous aimer amour ami,Nous aimons de l'amour mon ami.
moi vouloir amour ami,Je veux de l'amour mon ami.
tu vouloir amour moi,Tu veux de l'amour.
ami vouloir amour moi,Mon ami veut de l'amour.
moi attendre amour,J'attends de l'amour.
moi non vouloir amour aujourd hui,Aujourd'hui je ne veux pas d'amour.
bonjour tu aimer amour,Bonjour tu aimes de l'amour !
merci tu amour,Merci toi de l'amour !
merci ami amour,Merci mon ami de l'amour !
moi changer avec amour,Je change de l'amour.
ami changer avec amour,Mon ami change de l'amour.
moi apprendre avec amour,J'apprends de l'amour.
moi aller avec amour,Je pars de l'amour.
moi apprendre aujourd hui bien,Aujourd'hui j'apprends bien.
tu apprendre aujourd hui bien,Aujourd'hui tu apprends bien.
ami apprendre aujourd hui bien,Aujourd'hui mon ami apprend bien.
nous apprendre aujourd hui bien,Aujourd'hui nous apprenons bien.
moi comprendre aujourd hui bien,Aujourd'hui je comprends bien.
tu comprendre aujourd hui bien,Aujourd'hui tu comprends bien.
ami comprendre aujourd hui bien,Aujourd'hui mon ami comprend bien.
moi manger aujourd hui bien,Aujourd'hui je mange bien.
tu manger aujourd hui bien,Aujourd'hui tu manges bien.
ami manger aujourd hui bien,Aujourd'hui mon ami mange bien.
nous manger aujourd hui bien,Aujourd'hui nous mangeons bien.
moi boire aujourd hui bien,Aujourd'hui je bois bien.
moi aller aujourd hui bien,Aujourd'hui je pars bien.
tu aller aujourd hui bien,Aujourd'hui tu pars bien.
ami aller aujourd hui bien,Aujourd'hui mon ami part bien.
moi apprendre bientot bien,J'apprends bientôt bien.
tu apprendre bientot bien,Tu apprends bientôt bien.
ami apprendre bientot bien,Mon ami apprend bientôt bien.
nous apprendre bientot bien,Nous apprenons bientôt bien.
moi manger bientot bien,Je mange bientôt bien.
moi aller bientot bien,Je pars bientôt bien.
ami aller bientot bien,Mon ami part bientôt bien.
nous aller bientot bien,Nous partons bientôt bien.
moi aller avec ami bien,Je pars avec mon ami bien.
tu aller avec moi bien,Tu pars avec moi bien.
nous aller avec ami bien,Nous partons avec mon ami bien.
ami aller avec moi bien,Mon ami part avec moi bien.
moi manger avec ami bien,Je mange avec mon ami bien.
moi apprendre avec ami bien,J'apprends avec mon ami bien.
moi apprendre ici bien,J'apprends ici bien.
tu apprendre ici bien,Tu apprends ici bien.
ami apprendre ici bien,Mon ami apprend ici bien.
nous apprendre ici bien,Nous apprenons ici bien.
moi manger ici bien,Je mange ici bien.
moi aller ici bien,Je pars ici bien.
ami manger ici bien,Mon ami mange ici bien.
moi changer bien bientot,Je change bien bientôt.
moi changer bien aujourd hui,Aujourd'hui je change bien.
ami changer bien bientot,Mon ami change bien bientôt.
nous changer bien aujourd hui,Aujourd'hui nous changeons bien.
moi vouloir changer bien,Je veux changer bien.
tu vouloir changer bien,Tu veux changer bien.
ami vouloir changer bien,Mon ami veut changer bien.
moi aimer changer bien,J'aime changer bien.
moi non vouloir changer bien,Je ne veux pas changer bien.
ami non vouloir changer bien,Mon ami ne veut pas changer bien.
moi vouloir apprendre bien avec ami,Je veux apprendre avec mon ami bien.
moi vouloir apprendre bien ici,Je veux apprendre bien ici.
moi vouloir manger bien ici,Je veux manger bien ici.
moi vouloir manger bien avec ami,Je veux manger avec mon ami bien.
moi vouloir aller bien avec ami,Je veux aller avec mon ami bien.
moi vouloir aller bien ici,Je veux aller bien ici.
tu vouloir apprendre bien avec moi,Tu veux apprendre avec moi bien.
nous vouloir apprendre bien avec ami,Nous voulons apprendre avec mon ami bien.
ami vouloir apprendre bien avec moi,Mon ami veut apprendre avec moi bien.
oui moi apprendre bien avec ami,Oui j'apprends avec mon ami bien !
oui tu apprendre bien avec moi,Oui tu apprends avec moi bien !
oui nous apprendre bien avec ami,Oui nous apprenons avec mon ami bien !
oui ami apprendre bien avec moi,Oui mon ami apprend avec moi bien !
non moi non apprendre bien avec ami,Non je n'apprends pas avec mon ami bien !
non ami non apprendre bien avec moi,Non mon ami n'apprend pas avec moi bien !
oui moi manger bien avec ami,Oui je mange avec mon ami bien !
oui nous aller bien avec ami,Oui nous partons avec mon ami bien !
non moi non aller bien avec ami,Non je ne pars pas avec mon ami bien !
non moi non changer bientot,Non je ne change pas bientôt !
oui ami changer aujourd hui,Aujourd'hui mon ami change !
non ami non changer aujourd hui,Aujourd'hui mon ami ne change pas !
bonjour moi apprendre bien,Bonjour j'apprends bien !
bonjour tu apprendre bien,Bonjour tu apprends bien !
bonjour nous apprendre bien,Bonjour nous apprenons bien !
bonjour ami apprendre bien,Bonjour mon ami apprend bien !
bonjour moi comprendre bien,Bonjour je comprends bien !
bonjour tu aller bien,Bonjour tu pars bien !
bonjour moi manger bien,Bonjour je mange bien !
bonjour nous manger avec ami,Bonjour nous mangeons avec mon ami !
bonjour moi vouloir manger,Bonjour je veux manger !
bonjour tu vouloir apprendre,Bonjour tu veux apprendre !
bonjour moi vouloir changer,Bonjour je veux changer !
bonjour ami aimer moi,Bonjour mon ami m'aime !
merci tu apprendre bien,Merci tu apprends bien !
merci moi apprendre bien,Merci j'apprends bien !
merci nous apprendre bien,Merci nous apprenons bien !
merci ami apprendre bien,Merci mon ami apprend bien !
merci moi manger bien,Merci je mange bien !
merci tu manger bien,Merci tu manges bien !
merci moi aller avec ami,Merci je pars avec mon ami !
merci ami aller avec moi,Merci mon ami part avec moi !
merci moi comprendre bien,Merci je comprends bien !
au revoir nous apprendre bientot,Au revoir nous apprenons bientôt !
au revoir ami manger bientot,Au revoir mon ami mange bientôt !
au revoir moi aller ici bientot,Au revoir je pars ici bientôt !
au revoir nous aller avec ami bientot,Au revoir nous partons avec mon ami bientôt !
moi apprendre ami,J'apprends mon ami.
moi manger ami,Je mange mon ami.
moi boire ami,Je bois mon ami.
moi aller ami,Je pars mon ami.
moi changer ami,Je change mon ami.
tu apprendre ami,Tu apprends mon ami.
tu manger ami,Tu manges mon ami.
tu aller ami,Tu pars mon ami.
nous apprendre ami,Nous apprenons mon ami.
nous manger ami,Nous mangeons mon ami.
nous aller ami,Nous partons mon ami.
nous changer ami,Nous changeons mon ami.
ami apprendre nous,Mon ami apprend nous.
ami manger nous,Mon ami mange nous.
ami aller nous,Mon ami part nous.
moi non apprendre ami,Je n'apprends pas mon ami.
moi non manger ami,Je ne mange pas mon ami.
moi non aller ami,Je ne pars pas mon ami.
tu non apprendre ami,Tu n'apprends pas mon ami.
ami non apprendre nous,Mon ami n'apprend pas nous.
ami non manger nous,Mon ami ne mange pas nous.
moi vouloir aide apprendre,Je veux de l'aide.
moi vouloir aide comprendre,Je veux de l'aide.
moi vouloir aide aller,Je veux de l'aide.
moi vouloir aide changer,Je veux de l'aide.
tu vouloir aide apprendre,Tu veux de l'aide.
tu vouloir aide comprendre,Tu veux de l'aide.
ami vouloir aide apprendre,Mon ami veut de l'aide.
nous vouloir aide apprendre,Nous voulons de l'aide.
nous vouloir aide comprendre,Nous voulons de l'aide.
moi non comprendre apprendre,Je ne comprends pas.
moi non comprendre aller,Je ne comprends pas.
moi non comprendre changer,Je ne comprends pas.
tu non comprendre aide,Tu ne comprends pas d'aide.
ami non comprendre aide,Mon ami ne comprend pas d'aide.
nous non comprendre aide,Nous ne comprenons pas d'aide.
moi comprendre aide,Je comprends de l'aide.
tu comprendre aide,Tu comprends de l'aide.
ami comprendre aide,Mon ami comprend de l'aide.
nous comprendre aide,Nous comprenons de l'aide.
moi apprendre aide,J'apprends de l'aide.
tu apprendre aide,Tu apprends de l'aide.
ami apprendre aide,Mon ami apprend de l'aide.
nous apprendre aide,Nous apprenons de l'aide.
moi changer aide,Je change de l'aide.
tu changer aide,Tu changes de l'aide.
ami changer aide,Mon ami change de l'aide.
moi comprendre ami apprendre,Je comprends mon ami.
moi vouloir ami apprendre,Je veux mon ami.
moi vouloir tu apprendre,Je veux apprendre.
moi vouloir ami aller,Je veux mon ami.
moi vouloir tu aller avec moi,Je veux aller avec moi.
tu vouloir moi apprendre,Tu veux apprendre.
tu vouloir moi aller avec tu,Tu veux aller avec toi.
ami vouloir moi apprendre,Mon ami veut apprendre.
ami vouloir moi aller avec ami,Mon ami veut aller avec mon ami.
nous vouloir ami apprendre,Nous voulons mon ami.
nous vouloir ami aller avec nous,Nous voulons mon ami avec nous.
moi aimer ami apprendre,J'aime mon ami.
moi aimer tu apprendre,Je t'aime apprendre.
moi aimer ami aller avec moi,J'aime mon ami avec moi.
tu aimer moi apprendre,Tu m'aimes apprendre.
nous aimer ami apprendre,Nous aimons mon ami.
moi attendre ami apprendre,J'attends mon ami.
moi attendre tu changer,Je t'attends changer.
ami attendre moi changer,Mon ami m'attend changer.
nous attendre ami changer,Nous attendons mon ami.
moi non vouloir ami aller,Je ne veux pas mon ami.
tu non vouloir moi aller,Tu ne veux pas aller.
ami non vouloir moi aller,Mon ami ne veut pas aller.
moi non aimer ami aller,Je n'aime pas mon ami.
tu non aimer moi aller,Tu ne m'aimes pas aller.
moi non aimer tu aller,Je ne t'aime pas aller.
moi non aimer ami changer,Je n'aime pas mon ami.
tu non aimer moi changer,Tu ne m'aimes pas changer.
aujourd hui moi vouloir ami apprendre,Aujourd'hui je veux mon ami.
aujourd hui moi vouloir ami aller,Aujourd'hui je veux mon ami.
aujourd hui tu vouloir moi apprendre,Aujourd'hui tu veux apprendre.
aujourd hui ami vouloir moi aller,Aujourd'hui mon ami veut aller.
bientot moi vouloir ami apprendre,Je veux mon ami bientôt.
oui moi vouloir ami apprendre,Oui je veux mon ami !
oui tu vouloir moi apprendre,Oui tu veux apprendre !
non moi non vouloir ami aller,Non je ne veux pas mon ami !
non ami non vouloir moi aller,Non mon ami ne veut pas aller !
comment moi vouloir ami apprendre,Comment je veux mon ami ?
comment tu vouloir moi apprendre,Comment tu veux apprendre ?
comment ami vouloir moi changer,Comment mon ami veut changer ?
moi aimer tu,Je t'aime.
ami aimer nous,Mon ami aime nous.
nous aimer tu,Nous t'aimons.
moi aimer moi,J'aime.
moi non aimer moi,Je n'aime pas.
tu aimer tu,Tu aimes.
moi vouloir moi changer,Je veux changer.
moi vouloir moi apprendre,Je veux apprendre.
moi vouloir moi comprendre,Je veux comprendre.
moi donner aide moi,Je donne de l'aide.
moi attendre moi,J'attends.
moi comprendre moi,Je comprends.
moi non comprendre moi,Je ne comprends pas.
moi bien moi,Moi bien moi.
tu bien tu,Toi bien toi.
ami bien ami,Mon ami bien mon ami.
moi vouloir moi bien,Je veux bien.
tu vouloir tu bien,Tu veux bien.
ami vouloir ami bien,Mon ami veut bien.
nous vouloir nous bien,Nous voulons bien.
moi vouloir moi apprendre bien,Je veux apprendre bien.
moi vouloir moi changer bien,Je veux changer bien.
moi vouloir moi comprendre bien,Je veux comprendre bien.
tu vouloir tu apprendre bien,Tu veux apprendre bien.
ami vouloir ami apprendre bien,Mon ami veut apprendre bien.
nous voulons nous apprendre bien,Nous apprenons bien.
oui moi aimer moi,Oui j'aime !
non moi non aimer moi,Non je n'aime pas !
moi bonjour,Moi bonjour.
tu bonjour,Toi bonjour.
ami bonjour,Mon ami bonjour.
moi au revoir,Moi au revoir.
tu au revoir,Toi au revoir.
ami au revoir,Mon ami au revoir.
comment moi boire,Comment je bois ?
comment moi aimer,Comment j'aime ?
comment moi vouloir,Comment je veux ?
comment moi donner,Comment je donne ?
comment moi attendre,Comment j'attends ?
comment tu vouloir,Comment tu veux ?
comment tu donner,Comment tu donnes ?
comment nous manger,Comment nous mangeons ?
comment nous boire,Comment nous buvons ?
comment nous comprendre,Comment nous comprenons ?
comment nous aimer,Comment nous aimons ?
comment nous vouloir,Comment nous voulons ?
comment nous donner,Comment nous donnons ?
comment nous attendre,Comment nous attendons ?
comment ami boire,Comment mon ami boit ?
comment ami comprendre,Comment mon ami comprend ?
comment ami changer,Comment mon ami change ?
comment ami aimer,Comment mon ami aime ?
comment ami vouloir,Comment mon ami veut ?
comment ami donner,Comment mon ami donne ?
comment ami attendre,Comment mon ami attend ?
comment bebe manger,Comment le bébé mange ?
comment bebe boire,Comment le bébé boit ?
comment bebe aller,Comment le bébé part ?
comment bebe apprendre,Comment le bébé apprend ?
comment bebe comprendre,Comment le bébé comprend ?
comment bebe changer,Comment le bébé change ?
comment bebe aimer,Comment le bébé aime ?
comment bebe vouloir,Comment le bébé veut ?
comment bebe donner,Comment le bébé donne ?
comment bebe attendre,Comment le bébé attend ?
comment chat manger,Comment le chat mange ?
comment chat boire,Comment le chat boit ?
comment chat aller,Comment le chat part ?
comment chat apprendre,Comment le chat apprend ?
comment chat comprendre,Comment le chat comprend ?
comment chat changer,Comment le chat change ?
comment chat aimer,Comment le chat aime ?
comment chat vouloir,Comment le chat veut ?
comment chat donner,Comment le chat donne ?
comment chat attendre,Comment le chat attend ?
comment moi non manger,Comment je ne mange pas ?
comment moi non boire,Comment je ne bois pas ?
comment moi non aller,Comment je ne pars pas ?
comment moi non apprendre,Comment je n'apprends pas ?
comment moi non comprendre,Comment je ne comprends pas ?
comment moi non changer,Comment je ne change pas ?
comment moi non aimer,Comment je n'aime pas ?
comment moi non vouloir,Comment je ne veux pas ?
comment moi non donner,Comment je ne donne pas ?
comment moi non attendre,Comment je n'attends pas ?
comment tu non manger,Comment tu ne manges pas ?
comment tu non boire,Comment tu ne bois pas ?
comment tu non aller,Comment tu ne pars pas ?
comment tu non apprendre,Comment tu n'apprends pas ?
comment tu non comprendre,Comment tu ne comprends pas ?
comment tu non changer,Comment tu ne changes pas ?
comment tu non aimer,Comment tu n'aimes pas ?
comment tu non vouloir,Comment tu ne veux pas ?
comment tu non donner,Comment tu ne donnes pas ?
comment tu non attendre,Comment tu n'attends pas ?
comment nous non manger,Comment nous ne mangeons pas ?
comment nous non boire,Comment nous ne buvons pas ?
comment nous non aller,Comment nous ne partons pas ?
comment nous non apprendre,Comment nous n'apprenons pas ?
comment nous non comprendre,Comment nous ne comprenons pas ?
comment nous non changer,Comment nous ne changeons pas ?
comment nous non aimer,Comment nous n'aimons pas ?
comment nous non vouloir,Comment nous ne voulons pas ?
comment nous non donner,Comment nous ne donnons pas ?
comment nous non attendre,Comment nous n'attendons pas ?
comment ami non manger,Comment mon ami ne mange pas ?
comment ami non boire,Comment mon ami ne boit pas ?
comment ami non aller,Comment mon ami ne part pas ?
comment ami non apprendre,Comment mon ami n'apprend pas ?
comment ami non comprendre,Comment mon ami ne comprend pas ?
comment ami non changer,Comment mon ami ne change pas ?
comment ami non aimer,Comment mon ami n'aime pas ?
comment ami non vouloir,Comment mon ami ne veut pas ?
comment ami non donner,Comment mon ami ne donne pas ?
comment ami non attendre,Comment mon ami n'attend pas ?
comment bebe non manger,Comment le bébé ne mange pas ?
comment bebe non boire,Comment le bébé ne boit pas ?
comment bebe non aller,Comment le bébé ne part pas ?
comment bebe non apprendre,Comment le bébé n'apprend pas ?
comment bebe non comprendre,Comment le bébé ne comprend pas ?
comment bebe non changer,Comment le bébé ne change pas ?
comment bebe non aimer,Comment le bébé n'aime pas ?
comment bebe non vouloir,Comment le bébé ne veut pas ?
comment bebe non donner,Comment le bébé ne donne pas ?
comment bebe non attendre,Comment le bébé n'attend pas ?
comment chat non manger,Comment le chat ne mange pas ?
comment chat non boire,Comment le chat ne boit pas ?
comment chat non aller,Comment le chat ne part pas ?
comment chat non apprendre,Comment le chat n'apprend pas ?
comment chat non comprendre,Comment le chat ne comprend pas ?
comment chat non changer,Comment le chat ne change pas ?
comment chat non aimer,Comment le chat n'aime pas ?
comment chat non vouloir,Comment le chat ne veut pas ?
comment chat non donner,Comment le chat ne donne pas ?
comment chat non attendre,Comment le chat n'attend pas ?
comment moi aimer bebe,Comment j'aime le bébé ?
comment moi aimer chat,Comment j'aime le chat ?
comment moi aimer amour,Comment j'aime de l'amour ?
comment moi attendre bebe,Comment j'attends le bébé ?
comment moi attendre chat,Comment j'attends le chat ?
comment moi vouloir aide,Comment je veux de l'aide ?
comment tu aimer ami,Comment tu aimes mon ami ?
comment tu aimer bebe,Comment tu aimes le bébé ?
comment tu attendre ami,Comment tu attends mon ami ?
comment nous aimer ami,Comment nous aimons mon ami ?
comment ami aimer bebe,Comment mon ami aime le bébé ?
comment ami attendre bebe,Comment mon ami attend le bébé ?
comment bebe aimer chat,Comment le bébé aime le chat ?
comment chat aimer bebe,Comment le chat aime le bébé ?
ami vouloir comprendre,Mon ami veut comprendre.
ami vouloir aimer,Mon ami veut aimer.
ami vouloir donner,Mon ami veut donner.
ami vouloir attendre,Mon ami veut attendre.
bebe vouloir manger,Le bébé veut manger.
bebe vouloir boire,Le bébé veut boire.
bebe vouloir aller,Le bébé veut aller.
bebe vouloir apprendre,Le bébé veut apprendre.
bebe vouloir comprendre,Le bébé veut comprendre.
bebe vouloir changer,Le bébé veut changer.
bebe vouloir aimer,Le bébé veut aimer.
bebe vouloir donner,Le bébé veut donner.
bebe vouloir attendre,Le bébé veut attendre.
chat vouloir manger,Le chat veut manger.
chat vouloir boire,Le chat veut boire.
chat vouloir aller,Le chat veut aller.
chat vouloir apprendre,Le chat veut apprendre.
chat vouloir comprendre,Le chat veut comprendre.
chat vouloir changer,Le chat veut changer.
chat vouloir aimer,Le chat veut aimer.
chat vouloir donner,Le chat veut donner.
chat vouloir attendre,Le chat veut attendre.
nous non vouloir manger,Nous ne voulons pas manger.
nous non vouloir boire,Nous ne voulons pas boire.
nous non vouloir apprendre,Nous ne voulons pas apprendre.
nous non vouloir comprendre,Nous ne voulons pas comprendre.
nous non vouloir aimer,Nous ne voulons pas aimer.
nous non vouloir donner,Nous ne voulons pas donner.
nous non vouloir attendre,Nous ne voulons pas attendre.
ami non vouloir manger,Mon ami ne veut pas manger.
ami non vouloir boire,Mon ami ne veut pas boire.
ami non vouloir apprendre,Mon ami ne veut pas apprendre.
ami non vouloir comprendre,Mon ami ne veut pas comprendre.
ami non vouloir changer,Mon ami ne veut pas changer.
ami non vouloir aimer,Mon ami ne veut pas aimer.
ami non vouloir donner,Mon ami ne veut pas donner.
bebe non vouloir manger,Le bébé ne veut pas manger.
bebe non vouloir boire,Le bébé ne veut pas boire.
bebe non vouloir aller,Le bébé ne veut pas aller.
bebe non vouloir apprendre,Le bébé ne veut pas apprendre.
bebe non vouloir comprendre,Le bébé ne veut pas comprendre.
bebe non vouloir changer,Le bébé ne veut pas changer.
bebe non vouloir aimer,Le bébé ne veut pas aimer.
bebe non vouloir donner,Le bébé ne veut pas donner.
bebe non vouloir attendre,Le bébé ne veut pas attendre.
chat non vouloir manger,Le chat ne veut pas manger.
chat non vouloir boire,Le chat ne veut pas boire.
chat non vouloir aller,Le chat ne veut pas aller.
chat non vouloir apprendre,Le chat ne veut pas apprendre.
chat non vouloir comprendre,Le chat ne veut pas comprendre.
chat non vouloir changer,Le chat ne veut pas changer.
chat non vouloir aimer,Le chat ne veut pas aimer.
chat non vouloir donner,Le chat ne veut pas donner.
chat non vouloir attendre,Le chat ne veut pas attendre.
moi vouloir manger bien,Je veux manger bien.
moi vouloir boire bien,Je veux boire bien.
moi vouloir aller bien,Je veux aller bien.
moi vouloir aimer bien,Je veux aimer bien.
moi vouloir donner bien,Je veux donner bien.
moi vouloir attendre bien,Je veux attendre bien.
tu vouloir manger bien,Tu veux manger bien.
tu vouloir manger bientot,Tu veux manger bientôt.
tu vouloir boire bien,Tu veux boire bien.
tu vouloir aller bientot,Tu veux aller bientôt.
tu vouloir attendre ici,Tu veux attendre ici.
nous vouloir manger bien,Nous voulons manger bien.
nous vouloir changer bientot,Nous voulons changer bientôt.
nous vouloir aller bientot,Nous voulons aller bientôt.
ami vouloir manger bientot,Mon ami veut manger bientôt.
ami vouloir boire ici,Mon ami veut boire ici.
ami vouloir aller bientot,Mon ami veut aller bientôt.
bebe vouloir manger bien,Le bébé veut manger bien.
bebe vouloir boire ici,Le bébé veut boire ici.
chat vouloir manger bien,Le chat veut manger bien.
chat vouloir aller bientot,Le chat veut aller bientôt.
moi vouloir manger avec nous,Je veux manger avec nous.
moi vouloir boire avec nous,Je veux boire avec nous.
moi vouloir aller avec nous,Je veux aller avec nous.
moi vouloir apprendre avec nous,Je veux apprendre avec nous.
tu vouloir manger avec ami,Tu veux manger avec mon ami.
tu vouloir boire avec ami,Tu veux boire avec mon ami.
nous vouloir manger avec ami,Nous voulons manger avec mon ami.
ami vouloir manger avec nous,Mon ami veut manger avec nous.
ami vouloir aller avec nous,Mon ami veut aller avec nous.
bebe vouloir manger avec ami,Le bébé veut manger avec mon ami.
chat vouloir manger avec ami,Le chat veut manger avec mon ami.
moi aimer nous,J'aime nous.
bebe aimer amour,Le bébé aime de l'amour.
chat aimer ami,Le chat aime mon ami.
chat aimer amour,Le chat aime de l'amour.
chat aimer moi,Le chat m'aime.
chat aimer tu,Le chat t'aime.
moi non aimer nous,Je n'aime pas nous.
nous non aimer ami,Nous n'aimons pas mon ami.
nous non aimer chat,Nous n'aimons pas le chat.
ami non aimer bebe,Mon ami n'aime pas le bébé.
bebe non aimer chat,Le bébé n'aime pas le chat.
chat non aimer bebe,Le chat n'aime pas le bébé.
tu aimer ami bien,Tu aimes mon ami bien.
nous aimer ami bien,Nous aimons mon ami bien.
bebe aimer chat bien,Le bébé aime le chat bien.
moi aimer ami avec nous,J'aime mon ami avec nous.
tu aimer chat avec nous,Tu aimes le chat avec nous.
nous aimer ami avec bebe,Nous aimons mon ami avec le bébé.
tu aimer bebe bientot,Tu aimes le bébé bientôt.
moi non aimer chat bien,Je n'aime pas le chat bien.
tu non aimer ami bien,Tu n'aimes pas mon ami bien.
nous non aimer chat bien,Nous n'aimons pas le chat bien.
moi attendre chat,J'attends le chat.
moi attendre nous,J'attends nous.
tu attendre chat,Tu attends le chat.
tu attendre nous,Tu attends nous.
nous attendons chat,Nous attendons le chat.
ami attendre chat,Mon ami attend le chat.
bebe attendre ami,Le bébé attend mon ami.
bebe attendre chat,Le bébé attend le chat.
chat attendre ami,Le chat attend mon ami.
chat attendre bebe,Le chat attend le bébé.
chat attendre nous,Le chat attend nous.
bebe attendre moi,Le bébé m'attend.
bebe attendre tu,Le bébé t'attend.
chat attendre tu,Le chat t'attend.
tu non attendre bebe,Tu n'attends pas le bébé.
ami non attendre bebe,Mon ami n'attend pas le bébé.
ami non attendre nous,Mon ami n'attend pas nous.
bebe non attendre chat,Le bébé n'attend pas le chat.
chat non attendre ami,Le chat n'attend pas mon ami.
tu non attendre moi,Tu ne m'attends pas.
moi attendre chat bientot,J'attends le chat bientôt.
tu attendre ami bien,Tu attends mon ami bien.
tu attendre bebe ici,Tu attends le bébé ici.
nous attendre ami bientot,Nous attendons mon ami bientôt.
ami attendre bebe bien,Mon ami attend le bébé bien.
ami attendre nous ici,Mon ami attend nous ici.
bebe attendre ami bien,Le bébé attend mon ami bien.
chat attendre ami bientot,Le chat attend mon ami bientôt.
moi attendre bebe avec ami,J'attends le bébé avec mon ami.
tu attendre ami avec nous,Tu attends mon ami avec nous.
nous attendre ami avec bebe,Nous attendons mon ami avec le bébé.
moi donner aide nous,Je donne de l'aide nous.
moi donner aide chat,Je donne de l'aide au chat.
tu donner aide nous,Tu donnes de l'aide nous.
tu donner aide chat,Tu donnes de l'aide au chat.
nous donner aide chat,Nous donnons de l'aide au chat.
ami donner aide chat,Mon ami donne de l'aide au chat.
bebe donner aide moi,Le bébé me donne de l'aide.
bebe donner aide ami,Le bébé donne de l'aide à mon ami.
chat donner aide moi,Le chat me donne de l'aide.
chat donner aide ami,Le chat donne de l'aide à mon ami.
moi non donner aide ami,Je ne donne pas d'aide à mon ami.
moi non donner aide bebe,Je ne donne pas d'aide au bébé.
tu non donner aide ami,Tu ne donnes pas d'aide à mon ami.
nous non donner aide ami,Nous ne donnons pas d'aide à mon ami.
ami non donner aide moi,Mon ami ne me donne pas d'aide.
moi donner aide ami bien,Je donne de l'aide à mon ami bien.
tu donner aide ami bien,Tu donnes de l'aide à mon ami bien.
nous donner aide ami bientot,Nous donnons de l'aide à mon ami bientôt.
moi donner aide ami avec tu,Je donne de l'aide à mon ami avec toi.
tu donner aide bebe avec nous,Tu donnes de l'aide au bébé avec nous.
aujourd hui ami boire,Aujourd'hui mon ami boit.
aujourd hui ami comprendre,Aujourd'hui mon ami comprend.
aujourd hui ami aimer,Aujourd'hui mon ami aime.
aujourd hui ami vouloir,Aujourd'hui mon ami veut.
aujourd hui ami donner,Aujourd'hui mon ami donne.
aujourd hui ami attendre,Aujourd'hui mon ami attend.
aujourd hui bebe manger,Aujourd'hui le bébé mange.
aujourd hui bebe boire,Aujourd'hui le bébé boit.
aujourd hui bebe aller,Aujourd'hui le bébé part.
aujourd hui bebe apprendre,Aujourd'hui le bébé apprend.
aujourd hui bebe changer,Aujourd'hui le bébé change.
aujourd hui bebe aimer,Aujourd'hui le bébé aime.
aujourd hui bebe vouloir,Aujourd'hui le bébé veut.
aujourd hui bebe attendre,Aujourd'hui le bébé attend.
aujourd hui chat manger,Aujourd'hui le chat mange.
aujourd hui chat boire,Aujourd'hui le chat boit.
aujourd hui chat aller,Aujourd'hui le chat part.
aujourd hui chat changer,Aujourd'hui le chat change.
aujourd hui chat aimer,Aujourd'hui le chat aime.
aujourd hui chat vouloir,Aujourd'hui le chat veut.
aujourd hui chat attendre,Aujourd'hui le chat attend.
aujourd hui moi non boire,Aujourd'hui je ne bois pas.
aujourd hui moi non comprendre,Aujourd'hui je ne comprends pas.
aujourd hui moi non aimer,Aujourd'hui je n'aime pas.
aujourd hui moi non vouloir,Aujourd'hui je ne veux pas.
aujourd hui tu non manger,Aujourd'hui tu ne manges pas.
aujourd hui tu non boire,Aujourd'hui tu ne bois pas.
aujourd hui tu non comprendre,Aujourd'hui tu ne comprends pas.
aujourd hui tu non aimer,Aujourd'hui tu n'aimes pas.
aujourd hui nous non manger,Aujourd'hui nous ne mangeons pas.
aujourd hui nous non comprendre,Aujourd'hui nous ne comprenons pas.
aujourd hui ami non manger,Aujourd'hui mon ami ne mange pas.
aujourd hui ami non comprendre,Aujourd'hui mon ami ne comprend pas.
aujourd hui tu vouloir apprendre,Aujourd'hui tu veux apprendre.
aujourd hui nous vouloir apprendre,Aujourd'hui nous voulons apprendre.
aujourd hui tu aimer ami,Aujourd'hui tu aimes mon ami.
aujourd hui tu attendre ami,Aujourd'hui tu attends mon ami.
aujourd hui nous donner aide ami,Aujourd'hui nous donnons de l'aide à mon ami.
aujourd hui moi manger avec nous,Aujourd'hui je mange avec nous.
aujourd hui tu manger avec ami,Aujourd'hui tu manges avec mon ami.
aujourd hui nous manger avec ami,Aujourd'hui nous mangeons avec mon ami.
aujourd hui nous apprendre avec ami,Aujourd'hui nous apprenons avec mon ami.
aujourd hui moi manger bien,Aujourd'hui je mange bien.
aujourd hui tu manger bien,Aujourd'hui tu manges bien.
aujourd hui nous manger bien,Aujourd'hui nous mangeons bien.
aujourd hui ami manger bien,Aujourd'hui mon ami mange bien.
aujourd hui moi boire bien,Aujourd'hui je bois bien.
aujourd hui moi aller bientot,Aujourd'hui je pars bientôt.
aujourd hui tu aller bientot,Aujourd'hui tu pars bientôt.
moi manger avec nous,Je mange avec nous.
tu manger avec ami,Tu manges avec mon ami.
tu manger avec bebe,Tu manges avec le bébé.
nous manger avec bebe,Nous mangeons avec le bébé.
nous manger avec chat,Nous mangeons avec le chat.
ami manger avec nous,Mon ami mange avec nous.
bebe manger avec ami,Le bébé mange avec mon ami.
chat manger avec nous,Le chat mange avec nous.
moi boire avec nous,Je bois avec nous.
moi boire avec bebe,Je bois avec le bébé.
tu boire avec ami,Tu bois avec mon ami.
nous boire avec bebe,Nous buvons avec le bébé.
ami boire avec nous,Mon ami boit avec nous.
ami boire avec bebe,Mon ami boit avec le bébé.
moi aller avec nous,Je pars avec nous.
moi apprendre avec nous,J'apprends avec nous.
moi apprendre avec bebe,J'apprends avec le bébé.
tu apprendre avec bebe,Tu apprends avec le bébé.
nous apprendre avec bebe,Nous apprenons avec le bébé.
nous apprendre avec chat,Nous apprenons avec le chat.
ami apprendre avec nous,Mon ami apprend avec nous.
ami apprendre avec bebe,Mon ami apprend avec le bébé.
moi changer avec nous,Je change avec nous.
ami changer avec nous,Mon ami change avec nous.
moi comprendre avec nous,Je comprends avec nous.
moi manger avec nous bien,Je mange avec nous bien.
moi boire avec ami bien,Je bois avec mon ami bien.
tu manger avec ami bien,Tu manges avec mon ami bien.
tu aller avec nous bientot,Tu pars avec nous bientôt.
nous manger avec ami bien,Nous mangeons avec mon ami bien.
nous apprendre avec ami bien,Nous apprenons avec mon ami bien.
bonjour nous manger,Bonjour nous mangeons !
bonjour nous aller,Bonjour nous partons !
bonjour ami manger,Bonjour mon ami mange !
bonjour ami aller,Bonjour mon ami part !
bonjour ami apprendre,Bonjour mon ami apprend !
bonjour bebe manger,Bonjour le bébé mange !
bonjour chat manger,Bonjour le chat mange !
bonjour moi manger avec ami,Bonjour je mange avec mon ami !
bonjour tu manger avec nous,Bonjour tu manges avec nous !
bonjour nous apprendre avec ami,Bonjour nous apprenons avec mon ami !
merci moi vouloir apprendre,Merci je veux apprendre !
merci tu vouloir apprendre,Merci tu veux apprendre !
merci nous donner aide ami,Merci nous donnons de l'aide à mon ami !
tu comprendre tu,Tu comprends.
bebe comprendre moi,Le bébé me comprend.
bebe comprendre tu,Le bébé te comprend.
chat comprendre moi,Le chat me comprend.
chat comprendre tu,Le chat te comprend.
moi comprendre moi bien,Je comprends bien.
moi comprendre tu bien,Je te comprends bien.
ami comprendre moi bien,Mon ami me comprend bien.
bebe manger ici,Le bébé mange ici.
bebe manger bientot,Le bébé mange bientôt.
chat manger bientot,Le chat mange bientôt.
ami boire bien,Mon ami boit bien.
ami boire bientot,Mon ami boit bientôt.
bebe boire bientot,Le bébé boit bientôt.
bebe aller bien,Le bébé part bien.
bebe aller bientot,Le bébé part bientôt.
chat aller bien,Le chat part bien.
bebe apprendre bien,Le bébé apprend bien.
chat apprendre bien,Le chat apprend bien.
ami comprendre bientot,Mon ami comprend bientôt.
bebe comprendre bien,Le bébé comprend bien.
chat comprendre bien,Le chat comprend bien.
tu changer bien,Tu changes bien.
ami changer bien,Mon ami change bien.
bebe changer bien,Le bébé change bien.
chat changer bien,Le chat change bien.
tu donner bien,Tu donnes bien.
ami donner bien,Mon ami donne bien.
tu attendre bien,Tu attends bien.
ami attendre bien,Mon ami attend bien.
ami attendre bientot,Mon ami attend bientôt.
bebe attendre bien,Le bébé attend bien.
chat attendre ici,Le chat attend ici.
moi non manger bien,Je ne mange pas bien.
tu non manger bien,Tu ne manges pas bien.
nous non manger bien,Nous ne mangeons pas bien.
ami non manger bien,Mon ami ne mange pas bien.
moi non boire bien,Je ne bois pas bien.
tu non boire ici,Tu ne bois pas ici.
moi non aller bientot,Je ne pars pas bientôt.
moi non apprendre bien,Je n'apprends pas bien.
moi non apprendre bientot,Je n'apprends pas bientôt.
tu non comprendre bien,Tu ne comprends pas bien.
moi non changer bien,Je ne change pas bien.
tu aimer chat bientot,Tu aimes le chat bientôt.
nous aimer bebe bientot,Nous aimons le bébé bientôt.
ami aimer bebe bientot,Mon ami aime le bébé bientôt.
ami aimer chat ici,Mon ami aime le chat ici.
bebe aimer chat bientot,Le bébé aime le chat bientôt.
chat aimer bebe bientot,Le chat aime le bébé bientôt.
moi aimer bebe avec nous,J'aime le bébé avec nous.
nous aimer bebe avec ami,Nous aimons le bébé avec mon ami.
moi attendre bebe bien,J'attends le bébé bien.
tu attendre chat bien,Tu attends le chat bien.
nous attendre bebe bien,Nous attendons le bébé bien.
ami attendre chat bien,Mon ami attend le chat bien.
tu attendre bebe avec nous,Tu attends le bébé avec nous.
moi non aimer chat bientot,Je n'aime pas le chat bientôt.
moi non aimer bebe bien,Je n'aime pas le bébé bien.
tu non aimer chat ici,Tu n'aimes pas le chat ici.
nous non aimer bebe bien,Nous n'aimons pas le bébé bien.
moi non attendre ami bien,Je n'attends pas mon ami bien.
tu non attendre bebe bien,Tu n'attends pas le bébé bien.
nous voulons aide bientot,Nous voulons de l'aide bientôt.
ami vouloir aide bientot,Mon ami veut de l'aide bientôt.
bebe vouloir aide,Le bébé veut de l'aide.
chat vouloir aide,Le chat veut de l'aide.
moi non vouloir aide bien,Je ne veux pas d'aide bien.
tu non vouloir aide bientot,Tu ne veux pas d'aide bientôt.
nous non vouloir aide bien,Nous ne voulons pas d'aide bien.
bebe vouloir amour,Le bébé veut de l'amour.
chat vouloir amour,Le chat veut de l'amour.
nous vouloir apprendre avec bebe,Nous voulons apprendre avec le bébé.
aujourd hui tu vouloir aide,Aujourd'hui tu veux de l'aide.
aujourd hui moi aimer ami bien,Aujourd'hui j'aime mon ami bien.
aujourd hui moi attendre ami bien,Aujourd'hui j'attends mon ami bien.
aujourd hui moi vouloir manger avec ami,Aujourd'hui je veux manger avec mon ami.
aujourd hui tu vouloir apprendre avec nous,Aujourd'hui tu veux apprendre avec nous.
moi boire bien ici,Je bois bien ici.
moi changer bientot bien,Je change bientôt bien.
moi manger avec ami ici,Je mange avec mon ami ici.
tu manger avec nous ici,Tu manges avec nous ici.
nous apprendre avec ami bientot,Nous apprenons avec mon ami bientôt.
moi non manger avec ami,Je ne mange pas avec mon ami.
moi non boire avec ami,Je ne bois pas avec mon ami.
moi non aller avec nous,Je ne pars pas avec nous.
tu non manger avec nous,Tu ne manges pas avec nous.
nous non manger avec ami,Nous ne mangeons pas avec mon ami.
moi comprendre moi bientot,Je comprends bientôt.
ami comprendre moi bientot,Mon ami me comprend bientôt.
moi comprendre tu bientot,Je te comprends bientôt.
tu comprendre moi bientot,Tu me comprends bientôt.
bebe comprendre moi bientot,Le bébé me comprend bientôt.
moi non comprendre moi bien,Je ne comprends pas bien.
moi non comprendre tu bien,Je ne te comprends pas bien.
tu non comprendre moi bien,Tu ne me comprends pas bien.
ami non comprendre moi bien,Mon ami ne me comprend pas bien.
tu donner aide ami bientot,Tu donnes de l'aide à mon ami bientôt.
nous donner aide ami bien,Nous donnons de l'aide à mon ami bien.
ami donner aide nous bientot,Mon ami donne de l'aide nous bientôt.
nous donner aide bebe avec ami,Nous donnons de l'aide au bébé avec mon ami.
moi non donner aide nous,Je ne donne pas d'aide nous.
tu non donner aide ami bientot,Tu ne donnes pas d'aide à mon ami bientôt.
moi aimer avec nous,J'aime avec nous.
moi aimer avec bebe,J'aime avec le bébé.
moi aimer avec chat,J'aime avec le chat.
tu aimer avec ami,Tu aimes avec mon ami.
tu aimer avec moi,Tu aimes avec moi.
nous aimer avec bebe,Nous aimons avec le bébé.
ami aimer avec nous,Mon ami aime avec nous.
ami aimer avec bebe,Mon ami aime avec le bébé.
ami aimer avec chat,Mon ami aime avec le chat.
bebe aimer avec ami,Le bébé aime avec mon ami.
chat aimer avec nous,Le chat aime avec nous.
tu changer avec moi,Tu changes avec moi.
tu changer avec ami,Tu changes avec mon ami.
nous changer avec bebe,Nous changeons avec le bébé.
ami changer avec bebe,Mon ami change avec le bébé.
bebe changer avec ami,Le bébé change avec mon ami.
chat changer avec ami,Le chat change avec mon ami.
moi donner avec nous,Je donne avec nous.
ami donner avec nous,Mon ami donne avec nous.
moi attendre avec nous,J'attends avec nous.
moi attendre avec bebe,J'attends avec le bébé.
moi attendre avec chat,J'attends avec le chat.
tu attendre avec moi,Tu attends avec moi.
tu attendre avec ami,Tu attends avec mon ami.
nous attendre avec bebe,Nous attendons avec le bébé.
ami attendre avec nous,Mon ami attend avec nous.
ami attendre avec bebe,Mon ami attend avec le bébé.
bebe attendre avec ami,Le bébé attend avec mon ami.
chat attendre avec nous,Le chat attend avec nous.
moi non manger avec tu,Je ne mange pas avec toi.
moi non manger avec bebe,Je ne mange pas avec le bébé.
tu non manger avec moi,Tu ne manges pas avec moi.
tu non manger avec ami,Tu ne manges pas avec mon ami.
nous non manger avec bebe,Nous ne mangeons pas avec le bébé.
tu non boire avec nous,Tu ne bois pas avec nous.
moi non aller avec bebe,Je ne pars pas avec le bébé.
moi non aller avec chat,Je ne pars pas avec le chat.
tu non aller avec ami,Tu ne pars pas avec mon ami.
nous non apprendre avec ami,Nous n'apprenons pas avec mon ami.
moi non aimer avec nous,Je n'aime pas avec nous.
moi non attendre avec ami,Je n'attends pas avec mon ami.
tu non attendre avec nous,Tu n'attends pas avec nous.
nous non attendre avec ami,Nous n'attendons pas avec mon ami.
moi manger avec tu bien,Je mange avec toi bien.
moi manger avec bebe bientot,Je mange avec le bébé bientôt.
tu manger avec ami bientot,Tu manges avec mon ami bientôt.
tu manger avec nous bien,Tu manges avec nous bien.
nous manger avec bebe bien,Nous mangeons avec le bébé bien.
ami manger avec nous bien,Mon ami mange avec nous bien.
moi boire avec nous bientot,Je bois avec nous bientôt.
tu boire avec ami bien,Tu bois avec mon ami bien.
moi aller avec nous bientot,Je pars avec nous bientôt.
tu aller avec ami bientot,Tu pars avec mon ami bientôt.
nous aller avec bebe bientot,Nous partons avec le bébé bientôt.
moi apprendre avec nous bientot,J'apprends avec nous bientôt.
tu apprendre avec ami bien,Tu apprends avec mon ami bien.
nous apprendre avec bebe bien,Nous apprenons avec le bébé bien.
ami apprendre avec nous bien,Mon ami apprend avec nous bien.
moi changer avec ami bientot,Je change avec mon ami bientôt.
moi attendre avec ami bien,J'attends avec mon ami bien.
moi attendre avec nous ici,J'attends avec nous ici.
tu attendre avec ami bientot,Tu attends avec mon ami bientôt.
nous attendre avec bebe bien,Nous attendons avec le bébé bien.
bonjour nous attendre ami,Bonjour nous attendons mon ami !
bonjour moi non manger,Bonjour je ne mange pas !
bonjour tu non aller,Bonjour tu ne pars pas !
merci nous apprendre avec ami,Merci nous apprenons avec mon ami !
merci ami apprendre avec nous,Merci mon ami apprend avec nous !
merci moi non comprendre,Merci je ne comprends pas !
au revoir bebe aller,Au revoir le bébé part !
au revoir chat aller,Au revoir le chat part !
au revoir nous apprendre,Au revoir nous apprenons !
tu apprendre avec nous bien,Tu apprends avec nous bien.
ami apprendre avec bebe bientot,Mon ami apprend avec le bébé bientôt.
moi changer avec nous bien,Je change avec nous bien.
tu changer avec ami bien,Tu changes avec mon ami bien.
nous changer avec bebe bientot,Nous changeons avec le bébé bientôt.
moi comprendre avec ami bien,Je comprends avec mon ami bien.
moi comprendre avec nous bientot,Je comprends avec nous bientôt.
tu comprendre avec ami bien,Tu comprends avec mon ami bien.
nous comprendre avec bebe bien,Nous comprenons avec le bébé bien.
ami comprendre avec nous bientot,Mon ami comprend avec nous bientôt.
bebe comprendre avec ami bien,Le bébé comprend avec mon ami bien.
tu aimer ami bientot,Tu aimes mon ami bientôt.
tu aimer bebe ici,Tu aimes le bébé ici.
nous aimer ami bientot,Nous aimons mon ami bientôt.
nous aimer chat ici,Nous aimons le chat ici.
ami aimer chat bientot,Mon ami aime le chat bientôt.
bebe aimer ami bientot,Le bébé aime mon ami bientôt.
chat aimer bebe ici,Le chat aime le bébé ici.
moi attendre chat ici,J'attends le chat ici.
tu attendre ami bientot,Tu attends mon ami bientôt.
nous attendre chat bientot,Nous attendons le chat bientôt.
ami attendre chat ici,Mon ami attend le chat ici.
bebe attendre ami bientot,Le bébé attend mon ami bientôt.
chat attendre ami ici,Le chat attend mon ami ici.
moi donner aide ami ici,Je donne de l'aide à mon ami ici.
tu donner aide ami ici,Tu donnes de l'aide à mon ami ici.
nous donner aide bebe ici,Nous donnons de l'aide au bébé ici.
ami donner aide nous ici,Mon ami donne de l'aide nous ici.
comment ami attendre nous,Comment mon ami attend nous ?
comment moi vouloir amour,Comment je veux de l'amour ?
comment nous vouloir aide,Comment nous voulons de l'aide ?
comment nous donner aide ami,Comment nous donnons de l'aide à mon ami ?
comment moi vouloir manger,Comment je veux manger ?
comment moi vouloir apprendre,Comment je veux apprendre ?
comment tu vouloir manger,Comment tu veux manger ?
comment nous vouloir apprendre,Comment nous voulons apprendre ?
comment ami vouloir manger,Comment mon ami veut manger ?
comment moi manger avec ami,Comment je mange avec mon ami ?
comment tu manger avec nous,Comment tu manges avec nous ?
comment nous apprendre avec ami,Comment nous apprenons avec mon ami ?
comment moi aller avec ami,Comment je pars avec mon ami ?
comment moi non aimer ami,Comment je n'aime pas mon ami ?
comment moi non attendre ami,Comment je n'attends pas mon ami ?
comment tu non manger avec nous,Comment tu ne manges pas avec nous ?
moi vouloir boire avec ami bientot,Je veux boire avec mon ami bientôt.
moi vouloir apprendre avec ami bien,Je veux apprendre avec mon ami bien.
tu vouloir manger avec nous bientot,Tu veux manger avec nous bientôt.
tu vouloir aller avec ami bientot,Tu veux aller avec mon ami bientôt.
nous vouloir manger avec ami bien,Nous voulons manger avec mon ami bien.
ami vouloir manger avec nous bien,Mon ami veut manger avec nous bien.
aujourd hui moi vouloir apprendre avec ami,Aujourd'hui je veux apprendre avec mon ami.
aujourd hui tu vouloir manger avec nous,Aujourd'hui tu veux manger avec nous.
aujourd hui moi aimer chat bien,Aujourd'hui j'aime le chat bien.
aujourd hui moi aimer bebe bientot,Aujourd'hui j'aime le bébé bientôt.
aujourd hui tu aimer chat bien,Aujourd'hui tu aimes le chat bien.
aujourd hui tu attendre bebe bien,Aujourd'hui tu attends le bébé bien.
aujourd hui nous attendre ami bien,Aujourd'hui nous attendons mon ami bien.
aujourd hui moi manger avec ami bien,Aujourd'hui je mange avec mon ami bien.
aujourd hui tu manger avec nous bien,Aujourd'hui tu manges avec nous bien.
aujourd hui nous apprendre avec bebe bien,Aujourd'hui nous apprenons avec le bébé bien.
aujourd hui moi non manger avec ami,Aujourd'hui je ne mange pas avec mon ami.
aujourd hui tu non aller avec nous,Aujourd'hui tu ne pars pas avec nous.
aujourd hui moi non aimer chat,Aujourd'hui je n'aime pas le chat.
aujourd hui tu non attendre ami,Aujourd'hui tu n'attends pas mon ami.
moi manger avec nous bientot,Je mange avec nous bientôt.
moi manger avec bebe bien,Je mange avec le bébé bien.
moi manger avec chat ici,Je mange avec le chat ici.
tu manger avec moi bien,Tu manges avec moi bien.
tu manger avec bebe bientot,Tu manges avec le bébé bientôt.
nous manger avec bebe bientot,Nous mangeons avec le bébé bientôt.
nous manger avec chat bien,Nous mangeons avec le chat bien.
ami manger avec bebe bientot,Mon ami mange avec le bébé bientôt.
ami manger avec chat bien,Mon ami mange avec le chat bien.
bebe manger avec nous ici,Le bébé mange avec nous ici.
chat manger avec bebe bientot,Le chat mange avec le bébé bientôt.
moi boire avec tu bien,Je bois avec toi bien.
moi boire avec nous ici,Je bois avec nous ici.
moi boire avec bebe bientot,Je bois avec le bébé bientôt.
moi boire avec chat ici,Je bois avec le chat ici.
tu boire avec moi bien,Tu bois avec moi bien.
tu boire avec nous bientot,Tu bois avec nous bientôt.
tu boire avec bebe ici,Tu bois avec le bébé ici.
nous boire avec bebe bientot,Nous buvons avec le bébé bientôt.
nous boire avec chat bien,Nous buvons avec le chat bien.
ami boire avec nous ici,Mon ami boit avec nous ici.
ami boire avec bebe bien,Mon ami boit avec le bébé bien.
bebe boire avec ami bientot,Le bébé boit avec mon ami bientôt.
moi aller avec nous bien,Je pars avec nous bien.
moi aller avec bebe ici,Je pars avec le bébé ici.
moi aller avec chat bientot,Je pars avec le chat bientôt.
tu aller avec nous bien,Tu pars avec nous bien.
tu aller avec bebe bientot,Tu pars avec le bébé bientôt.
nous aller avec ami bientot,Nous partons avec mon ami bientôt.
nous aller avec bebe bien,Nous partons avec le bébé bien.
nous aller avec chat bientot,Nous partons avec le chat bientôt.
ami aller avec nous bien,Mon ami part avec nous bien.
ami aller avec bebe bientot,Mon ami part avec le bébé bientôt.
ami aller avec chat bien,Mon ami part avec le chat bien.
bebe aller avec ami bientot,Le bébé part avec mon ami bientôt.
chat aller avec nous bientot,Le chat part avec nous bientôt.
moi apprendre avec nous bien,J'apprends avec nous bien.
moi apprendre avec bebe bientot,J'apprends avec le bébé bientôt.
moi apprendre avec chat bien,J'apprends avec le chat bien.
tu apprendre avec moi bien,Tu apprends avec moi bien.
tu apprendre avec bebe bientot,Tu apprends avec le bébé bientôt.
tu apprendre avec chat bien,Tu apprends avec le chat bien.
nous apprendre avec bebe bientot,Nous apprenons avec le bébé bientôt.
nous apprendre avec chat bien,Nous apprenons avec le chat bien.
ami apprendre avec bebe bien,Mon ami apprend avec le bébé bien.
ami apprendre avec chat bientot,Mon ami apprend avec le chat bientôt.
bebe apprendre avec ami bien,Le bébé apprend avec mon ami bien.
chat apprendre avec nous bientot,Le chat apprend avec nous bientôt.
moi comprendre avec tu bien,Je comprends avec toi bien.
moi comprendre avec bebe bien,Je comprends avec le bébé bien.
tu comprendre avec moi bien,Tu comprends avec moi bien.
tu comprendre avec nous bientot,Tu comprends avec nous bientôt.
nous comprendre avec ami bientot,Nous comprenons avec mon ami bientôt.
ami comprendre avec nous bien,Mon ami comprend avec nous bien.
bebe comprendre avec nous bientot,Le bébé comprend avec nous bientôt.
moi changer avec tu bientot,Je change avec toi bientôt.
moi changer avec bebe bientot,Je change avec le bébé bientôt.
tu changer avec moi bientot,Tu changes avec moi bientôt.
tu changer avec bebe bien,Tu changes avec le bébé bien.
ami changer avec bebe bien,Mon ami change avec le bébé bien.
bebe changer avec nous bientot,Le bébé change avec nous bientôt.
moi donner avec ami bien,Je donne avec mon ami bien.
moi donner avec nous bientot,Je donne avec nous bientôt.
tu donner avec ami bientot,Tu donnes avec mon ami bientôt.
nous donner avec bebe bien,Nous donnons avec le bébé bien.
moi attendre avec tu bientot,J'attends avec toi bientôt.
moi attendre avec nous bien,J'attends avec nous bien.
moi attendre avec bebe bientot,J'attends avec le bébé bientôt.
moi attendre avec chat bien,J'attends avec le chat bien.
tu attendre avec moi bientot,Tu attends avec moi bientôt.
tu attendre avec nous bien,Tu attends avec nous bien.
tu attendre avec bebe bientot,Tu attends avec le bébé bientôt.
nous attendre avec bebe bientot,Nous attendons avec le bébé bientôt.
nous attendre avec chat bien,Nous attendons avec le chat bien.
ami attendre avec nous bien,Mon ami attend avec nous bien.
ami attendre avec bebe bientot,Mon ami attend avec le bébé bientôt.
bebe attendre avec ami bien,Le bébé attend avec mon ami bien.
chat attendre avec nous bientot,Le chat attend avec nous bientôt.
moi aimer avec ami bien,J'aime avec mon ami bien.
moi aimer avec nous bientot,J'aime avec nous bientôt.
moi aimer avec bebe bien,J'aime avec le bébé bien.
moi aimer avec chat bientot,J'aime avec le chat bientôt.
tu aimer avec moi bien,Tu aimes avec moi bien.
tu aimer avec nous bientot,Tu aimes avec nous bientôt.
tu aimer avec bebe bien,Tu aimes avec le bébé bien.
nous aimer avec bebe bientot,Nous aimons avec le bébé bientôt.
nous aimer avec chat bien,Nous aimons avec le chat bien.
ami aimer avec nous bien,Mon ami aime avec nous bien.
ami aimer avec bebe bientot,Mon ami aime avec le bébé bientôt.
bebe aimer avec ami bien,Le bébé aime avec mon ami bien.
chat aimer avec nous bientot,Le chat aime avec nous bientôt.
moi non manger avec chat,Je ne mange pas avec le chat.
tu non manger avec bebe,Tu ne manges pas avec le bébé.
nous non manger avec chat,Nous ne mangeons pas avec le chat.
ami non manger avec nous,Mon ami ne mange pas avec nous.
moi non boire avec tu,Je ne bois pas avec toi.
moi non boire avec nous,Je ne bois pas avec nous.
tu non boire avec moi,Tu ne bois pas avec moi.
nous non boire avec ami,Nous ne buvons pas avec mon ami.
moi non aller avec tu,Je ne pars pas avec toi.
tu non aller avec moi,Tu ne pars pas avec moi.
tu non aller avec bebe,Tu ne pars pas avec le bébé.
nous non aller avec bebe,Nous ne partons pas avec le bébé.
moi non apprendre avec tu,Je n'apprends pas avec toi.
tu non apprendre avec moi,Tu n'apprends pas avec moi.
nous non apprendre avec bebe,Nous n'apprenons pas avec le bébé.
ami non apprendre avec nous,Mon ami n'apprend pas avec nous.
moi non comprendre avec tu,Je ne comprends pas avec toi.
tu non comprendre avec nous,Tu ne comprends pas avec nous.
nous non comprendre avec ami,Nous ne comprenons pas avec mon ami.
moi non changer avec tu,Je ne change pas avec toi.
tu non changer avec nous,Tu ne changes pas avec nous.
nous non changer avec ami,Nous ne changeons pas avec mon ami.
tu non aimer avec nous,Tu n'aimes pas avec nous.
moi non attendre avec tu,Je n'attends pas avec toi.
tu non attendre avec moi,Tu n'attends pas avec moi.
moi non manger bientot,Je ne mange pas bientôt.
tu non manger bientot,Tu ne manges pas bientôt.
nous non manger bientot,Nous ne mangeons pas bientôt.
nous non manger ici,Nous ne mangeons pas ici.
ami non manger bientot,Mon ami ne mange pas bientôt.
bebe non manger bien,Le bébé ne mange pas bien.
chat non manger bien,Le chat ne mange pas bien.
moi non boire bientot,Je ne bois pas bientôt.
moi non boire ici,Je ne bois pas ici.
tu non boire bientot,Tu ne bois pas bientôt.
nous non boire bientot,Nous ne buvons pas bientôt.
ami non boire bien,Mon ami ne boit pas bien.
ami non aller bientot,Mon ami ne part pas bientôt.
bebe non aller bientot,Le bébé ne part pas bientôt.
tu non apprendre ici,Tu n'apprends pas ici.
nous non apprendre ici,Nous n'apprenons pas ici.
ami non apprendre bien,Mon ami n'apprend pas bien.
bebe non apprendre bien,Le bébé n'apprend pas bien.
moi non comprendre ici,Je ne comprends pas ici.
tu non comprendre ici,Tu ne comprends pas ici.
nous non comprendre ici,Nous ne comprenons pas ici.
ami non comprendre bientot,Mon ami ne comprend pas bientôt.
moi non changer ici,Je ne change pas ici.
tu non changer bien,Tu ne changes pas bien.
nous non changer bientot,Nous ne changeons pas bientôt.
ami non changer bien,Mon ami ne change pas bien.
moi non aimer bien,Je n'aime pas bien.
moi non aimer bientot,Je n'aime pas bientôt.
moi non aimer ici,Je n'aime pas ici.
tu non aimer bien,Tu n'aimes pas bien.
tu non aimer bientot,Tu n'aimes pas bientôt.
nous non aimer bientot,Nous n'aimons pas bientôt.
ami non aimer bien,Mon ami n'aime pas bien.
moi non donner bien,Je ne donne pas bien.
tu non donner bientot,Tu ne donnes pas bientôt.
nous non donner bien,Nous ne donnons pas bien.
moi non attendre bientot,Je n'attends pas bientôt.
moi non attendre ici,Je n'attends pas ici.
tu non attendre bientot,Tu n'attends pas bientôt.
nous non attendre bientot,Nous n'attendons pas bientôt.
ami non attendre bien,Mon ami n'attend pas bien.
bebe non attendre bien,Le bébé n'attend pas bien.
chat non attendre bientot,Le chat n'attend pas bientôt.
moi non vouloir boire bien,Je ne veux pas boire bien.
moi non vouloir apprendre ici,Je ne veux pas apprendre ici.
tu non vouloir manger bien,Tu ne veux pas manger bien.
tu non vouloir aller bientot,Tu ne veux pas aller bientôt.
nous non vouloir apprendre bientot,Nous ne voulons pas apprendre bientôt.
ami non vouloir manger bien,Mon ami ne veut pas manger bien.
moi non vouloir manger avec ami,Je ne veux pas manger avec mon ami.
moi non vouloir aller avec nous,Je ne veux pas aller avec nous.
tu non vouloir manger avec nous,Tu ne veux pas manger avec nous.
nous non vouloir aller avec ami,Nous ne voulons pas aller avec mon ami.
bebe manger avec nous bientot,Le bébé mange avec nous bientôt.
bebe manger avec ami bien,Le bébé mange avec mon ami bien.
bebe boire avec nous bien,Le bébé boit avec nous bien.
bebe aller avec nous bien,Le bébé part avec nous bien.
bebe apprendre avec nous bien,Le bébé apprend avec nous bien.
bebe apprendre avec ami bientot,Le bébé apprend avec mon ami bientôt.
bebe comprendre avec nous bien,Le bébé comprend avec nous bien.
bebe changer avec ami bien,Le bébé change avec mon ami bien.
bebe aimer avec nous bientot,Le bébé aime avec nous bientôt.
bebe attendre avec nous bien,Le bébé attend avec nous bien.
bebe vouloir boire bientot,Le bébé veut boire bientôt.
bebe vouloir aller bien,Le bébé veut aller bien.
bebe vouloir apprendre bien,Le bébé veut apprendre bien.
bebe vouloir apprendre avec nous,Le bébé veut apprendre avec nous.
bebe non aimer amour,Le bébé n'aime pas d'amour.
bebe non attendre ami,Le bébé n'attend pas mon ami.
bebe non attendre nous,Le bébé n'attend pas nous.
chat manger avec nous bientot,Le chat mange avec nous bientôt.
chat manger avec ami bien,Le chat mange avec mon ami bien.
chat boire avec nous bien,Le chat boit avec nous bien.
chat boire avec ami bientot,Le chat boit avec mon ami bientôt.
chat aller avec nous bien,Le chat part avec nous bien.
chat apprendre avec nous bien,Le chat apprend avec nous bien.
chat comprendre avec nous bien,Le chat comprend avec nous bien.
chat changer avec ami bien,Le chat change avec mon ami bien.
chat attendre avec nous bien,Le chat attend avec nous bien.
chat vouloir boire bientot,Le chat veut boire bientôt.
chat vouloir aller bien,Le chat veut aller bien.
chat vouloir apprendre bien,Le chat veut apprendre bien.
chat vouloir apprendre avec nous,Le chat veut apprendre avec nous.
aujourd hui bebe manger avec ami,Aujourd'hui le bébé mange avec mon ami.
aujourd hui bebe apprendre avec nous,Aujourd'hui le bébé apprend avec nous.
aujourd hui bebe vouloir apprendre,Aujourd'hui le bébé veut apprendre.
aujourd hui chat manger avec nous,Aujourd'hui le chat mange avec nous.
aujourd hui chat vouloir manger,Aujourd'hui le chat veut manger.
aujourd hui bebe non manger,Aujourd'hui le bébé ne mange pas.
aujourd hui chat non aller,Aujourd'hui le chat ne part pas.
aujourd hui ami vouloir manger avec nous,Aujourd'hui mon ami veut manger avec nous.
aujourd hui ami non aller avec nous,Aujourd'hui mon ami ne part pas avec nous.
aujourd hui nous non manger avec ami,Aujourd'hui nous ne mangeons pas avec mon ami.
aujourd hui tu non apprendre avec nous,Aujourd'hui tu n'apprends pas avec nous.
comment bebe manger avec ami,Comment le bébé mange avec mon ami ?
comment bebe vouloir manger,Comment le bébé veut manger ?
comment chat vouloir boire,Comment le chat veut boire ?
comment bebe apprendre avec nous,Comment le bébé apprend avec nous ?
comment chat aller avec nous,Comment le chat part avec nous ?
comment bebe aimer amour,Comment le bébé aime de l'amour ?
comment ami vouloir aide,Comment mon ami veut de l'aide ?
comment ami aimer amour,Comment mon ami aime de l'amour ?
comment ami vouloir apprendre avec nous,Comment mon ami veut apprendre avec nous ?
comment nous vouloir manger avec ami,Comment nous voulons manger avec mon ami ?
comment moi vouloir aller avec ami,Comment je veux aller avec mon ami ?
comment tu vouloir boire avec nous,Comment tu veux boire avec nous ?
comment tu donner aide nous,Comment tu donnes de l'aide nous ?
comment moi attendre bebe avec ami,Comment j'attends le bébé avec mon ami ?
comment tu vouloir aimer,Comment tu veux aimer ?
comment nous vouloir changer,Comment nous voulons changer ?
comment ami non manger avec nous,Comment mon ami ne mange pas avec nous ?
ami manger avec ami,Mon ami mange avec mon ami.
ami changer avec tu,Mon ami change avec toi.
ami aimer avec tu,Mon ami aime avec toi.
ami attendre avec tu,Mon ami attend avec toi.
ami comprendre avec tu,Mon ami comprend avec toi.
ami apprendre avec chat,Mon ami apprend avec le chat.
ami vouloir manger avec tu,Mon ami veut manger avec toi.
ami vouloir apprendre avec tu,Mon ami veut apprendre avec toi.
ami non manger avec bebe,Mon ami ne mange pas avec le bébé.
ami non aller avec bebe,Mon ami ne part pas avec le bébé.
ami non apprendre avec bebe,Mon ami n'apprend pas avec le bébé.
ami aimer tu bien,Mon ami t'aime bien.
ami aimer moi bien,Mon ami m'aime bien.
ami comprendre tu bien,Mon ami te comprend bien.
ami attendre moi bien,Mon ami m'attend bien.
ami attendre tu bien,Mon ami t'attend bien.
ami non comprendre tu,Mon ami ne te comprend pas.
ami non aimer tu,Mon ami ne t'aime pas.
bebe aimer tu,Le bébé t'aime.
bebe comprendre moi bien,Le bébé me comprend bien.
bebe comprendre tu bien,Le bébé te comprend bien.
bebe attendre moi bien,Le bébé m'attend bien.
bebe attendre tu bien,Le bébé t'attend bien.
bebe non aimer moi,Le bébé ne m'aime pas.
bebe non aimer tu,Le bébé ne t'aime pas.
bebe non comprendre moi,Le bébé ne me comprend pas.
bebe non attendre moi,Le bébé ne m'attend pas.
chat comprendre moi bien,Le chat me comprend bien.
chat comprendre tu bien,Le chat te comprend bien.
chat attendre moi bien,Le chat m'attend bien.
chat attendre tu bien,Le chat t'attend bien.
chat non comprendre moi,Le chat ne me comprend pas.
chat non attendre moi,Le chat ne m'attend pas.
chat non aimer moi,Le chat ne m'aime pas.
moi aimer ami avec bebe,J'aime mon ami avec le bébé.
tu aimer chat avec ami,Tu aimes le chat avec mon ami.
tu aimer bebe avec nous,Tu aimes le bébé avec nous.
tu aimer ami avec nous,Tu aimes mon ami avec nous.
nous aimer chat avec ami,Nous aimons le chat avec mon ami.
ami aimer chat avec nous,Mon ami aime le chat avec nous.
ami aimer bebe avec nous,Mon ami aime le bébé avec nous.
bebe aimer chat avec ami,Le bébé aime le chat avec mon ami.
chat aimer bebe avec nous,Le chat aime le bébé avec nous.
moi attendre ami avec bebe,J'attends mon ami avec le bébé.
moi attendre chat avec nous,J'attends le chat avec nous.
tu attendre ami avec bebe,Tu attends mon ami avec le bébé.
tu attendre chat avec ami,Tu attends le chat avec mon ami.
nous attendre bebe avec ami,Nous attendons le bébé avec mon ami.
nous attendre chat avec nous,Nous attendons le chat avec nous.
ami attendre bebe avec nous,Mon ami attend le bébé avec nous.
ami attendre chat avec nous,Mon ami attend le chat avec nous.
moi aimer chat avec ami bien,J'aime le chat avec mon ami bien.
moi aimer bebe avec nous bien,J'aime le bébé avec nous bien.
moi aimer chat avec ami bientot,J'aime le chat avec mon ami bientôt.
tu aimer bebe avec nous bientot,Tu aimes le bébé avec nous bientôt.
nous aimer chat avec ami bien,Nous aimons le chat avec mon ami bien.
moi attendre ami avec nous bien,J'attends mon ami avec nous bien.
moi attendre bebe avec ami bientot,J'attends le bébé avec mon ami bientôt.
tu attendre chat avec ami bien,Tu attends le chat avec mon ami bien.
nous attendre ami avec bebe bientot,Nous attendons mon ami avec le bébé bientôt.
moi non aimer chat avec ami,Je n'aime pas le chat avec mon ami.
moi non aimer bebe avec nous,Je n'aime pas le bébé avec nous.
tu non aimer chat avec ami,Tu n'aimes pas le chat avec mon ami.
nous non aimer bebe avec ami,Nous n'aimons pas le bébé avec mon ami.
moi non attendre ami avec nous,Je n'attends pas mon ami avec nous.
tu non attendre bebe avec ami,Tu n'attends pas le bébé avec mon ami.
moi non manger avec ami bientot,Je ne mange pas avec mon ami bientôt.
moi non boire avec nous bien,Je ne bois pas avec nous bien.
moi non aller avec ami bientot,Je ne pars pas avec mon ami bientôt.
tu non manger avec nous bientot,Tu ne manges pas avec nous bientôt.
tu non aller avec ami bientot,Tu ne pars pas avec mon ami bientôt.
nous non manger avec bebe bien,Nous ne mangeons pas avec le bébé bien.
nous non aller avec ami bien,Nous ne partons pas avec mon ami bien.
ami non manger avec nous bientot,Mon ami ne mange pas avec nous bientôt.
moi vouloir aller avec nous bientot,Je veux aller avec nous bientôt.
moi vouloir boire avec ami bien,Je veux boire avec mon ami bien.
tu vouloir manger avec ami bien,Tu veux manger avec mon ami bien.
tu vouloir apprendre avec nous bientot,Tu veux apprendre avec nous bientôt.
nous vouloir manger avec bebe bien,Nous voulons manger avec le bébé bien.
nous vouloir aller avec ami bientot,Nous voulons aller avec mon ami bientôt.
ami vouloir apprendre avec nous bien,Mon ami veut apprendre avec nous bien.
ami vouloir manger avec bebe bientot,Mon ami veut manger avec le bébé bientôt.
bebe vouloir manger avec ami bien,Le bébé veut manger avec mon ami bien.
chat vouloir manger avec nous bien,Le chat veut manger avec nous bien.
aujourd hui moi non attendre ami,Aujourd'hui je n'attends pas mon ami.
aujourd hui moi non vouloir aide,Aujourd'hui je ne veux pas d'aide.
aujourd hui tu non aimer bebe,Aujourd'hui tu n'aimes pas le bébé.
aujourd hui moi aimer chat avec ami,Aujourd'hui j'aime le chat avec mon ami.
aujourd hui moi attendre bebe avec nous,Aujourd'hui j'attends le bébé avec nous.
aujourd hui tu aimer ami avec nous,Aujourd'hui tu aimes mon ami avec nous.
aujourd hui nous aimer chat avec ami,Aujourd'hui nous aimons le chat avec mon ami.
aujourd hui tu vouloir aimer ami,Aujourd'hui tu veux mon ami.
aujourd hui moi vouloir aller avec ami,Aujourd'hui je veux aller avec mon ami.
aujourd hui tu vouloir manger avec bebe,Aujourd'hui tu veux manger avec le bébé.
aujourd hui ami vouloir apprendre avec nous,Aujourd'hui mon ami veut apprendre avec nous.
aujourd hui moi aimer chat avec ami bien,Aujourd'hui j'aime le chat avec mon ami bien.
aujourd hui moi attendre ami avec nous bien,Aujourd'hui j'attends mon ami avec nous bien.
aujourd hui moi vouloir manger avec bebe bien,Aujourd'hui je veux manger avec le bébé bien.
comment moi aimer chat avec ami,Comment j'aime le chat avec mon ami ?
comment moi attendre bebe avec nous,Comment j'attends le bébé avec nous ?
comment tu aimer ami avec nous,Comment tu aimes mon ami avec nous ?
comment nous aimer chat avec ami,Comment nous aimons le chat avec mon ami ?
comment moi vouloir manger avec ami,Comment je veux manger avec mon ami ?
comment moi vouloir apprendre avec nous,Comment je veux apprendre avec nous ?
comment tu vouloir aller avec ami,Comment tu veux aller avec mon ami ?
comment nous vouloir manger avec bebe,Comment nous voulons manger avec le bébé ?
comment aujourd hui moi manger,Aujourd'hui Comment je mange ?
comment moi aimer chat bien,Comment j'aime le chat bien ?
comment moi attendre ami bientot,Comment j'attends mon ami bientôt ?
comment tu vouloir manger bien,Comment tu veux manger bien ?
comment moi aimer chat avec ami bien,Comment j'aime le chat avec mon ami bien ?
comment moi non aimer chat,Comment je n'aime pas le chat ?
comment nous non manger avec ami,Comment nous ne mangeons pas avec mon ami ?
ami aimer nous bien,Mon ami aime nous bien.
bebe aimer ami bien,Le bébé aime mon ami bien.
chat aimer nous bien,Le chat aime nous bien.
moi aimer ami avec nous bien,J'aime mon ami avec nous bien.
moi aimer ami avec bebe bientot,J'aime mon ami avec le bébé bientôt.
tu aimer ami avec moi bien,Tu aimes mon ami avec moi bien.
moi vouloir aide avec nous,Je veux de l'aide avec nous.
tu vouloir aide avec ami,Tu veux de l'aide avec mon ami.
tu vouloir aide avec nous,Tu veux de l'aide avec nous.
nous vouloir aide avec ami,Nous voulons de l'aide avec mon ami.
ami vouloir aide avec nous,Mon ami veut de l'aide avec nous.
bebe vouloir aide avec ami,Le bébé veut de l'aide avec mon ami.
chat vouloir aide avec nous,Le chat veut de l'aide avec nous.
nous vouloir amour bien,Nous voulons de l'amour bien.
moi vouloir aide avec ami bien,Je veux de l'aide avec mon ami bien.
tu vouloir aide avec nous bientot,Tu veux de l'aide avec nous bientôt.
moi non vouloir aide avec ami,Je ne veux pas d'aide avec mon ami.
tu non vouloir amour avec nous,Tu ne veux pas d'amour avec nous.
moi donner amour chat,Je donne de l'amour au chat.
moi donner amour nous,Je donne de l'amour nous.
ami donner amour nous,Mon ami donne de l'amour nous.
bebe donner amour nous,Le bébé donne de l'amour nous.
chat donner amour moi,Le chat me donne de l'amour.
moi non donner amour ami,Je ne donne pas d'amour à mon ami.
moi non donner amour bebe,Je ne donne pas d'amour au bébé.
tu non donner amour ami,Tu ne donnes pas d'amour à mon ami.
tu donner amour ami bientot,Tu donnes de l'amour à mon ami bientôt.
moi donner aide ami avec nous,Je donne de l'aide à mon ami avec nous.
moi donner aide bebe avec ami,Je donne de l'aide au bébé avec mon ami.
tu donner amour ami avec nous,Tu donnes de l'amour à mon ami avec nous.
aujourd hui tu donner aide nous,Aujourd'hui tu donnes de l'aide nous.
comment moi donner amour ami,Comment je donne de l'amour à mon ami ?
comment tu donner amour bebe,Comment tu donnes de l'amour au bébé ?
tu aimer amour avec nous,Tu aimes de l'amour avec nous.
ami aimer amour bien,Mon ami aime de l'amour bien.
moi non aimer amour avec nous,Je n'aime pas d'amour avec nous.
moi non aimer amour bien,Je n'aime pas d'amour bien.
bebe aimer aide,Le bébé aime de l'aide.
moi vouloir manger avec bebe bien,Je veux manger avec le bébé bien.
moi vouloir boire avec nous bientot,Je veux boire avec nous bientôt.
moi vouloir aller avec bebe bien,Je veux aller avec le bébé bien.
moi vouloir changer avec ami bien,Je veux changer avec mon ami bien.
moi vouloir attendre avec ami bien,Je veux attendre avec mon ami bien.
tu vouloir boire avec bebe bientot,Tu veux boire avec le bébé bientôt.
tu vouloir changer avec nous bientot,Tu veux changer avec nous bientôt.
nous vouloir boire avec ami bien,Nous voulons boire avec mon ami bien.
nous vouloir changer avec bebe bientot,Nous voulons changer avec le bébé bientôt.
ami vouloir boire avec nous bientot,Mon ami veut boire avec nous bientôt.
bebe vouloir aller avec nous bientot,Le bébé veut aller avec nous bientôt.
chat vouloir aller avec ami bientot,Le chat veut aller avec mon ami bientôt.
moi vouloir apprendre aide,Je veux de l'aide.
moi vouloir comprendre aide,Je veux de l'aide.
moi non vouloir manger avec bebe,Je ne veux pas manger avec le bébé.
tu non vouloir boire avec ami,Tu ne veux pas boire avec mon ami.
nous non vouloir aller avec bebe,Nous ne voulons pas aller avec le bébé.
ami non vouloir apprendre avec nous,Mon ami ne veut pas apprendre avec nous.
bebe non vouloir manger avec nous,Le bébé ne veut pas manger avec nous.
bonjour moi aimer bebe avec nous,Bonjour j'aime le bébé avec nous !
bonjour moi attendre ami avec tu,Bonjour j'attends mon ami avec toi !
bonjour moi vouloir manger avec ami,Bonjour je veux manger avec mon ami !
bonjour tu vouloir apprendre avec nous,Bonjour tu veux apprendre avec nous !
bonjour nous vouloir manger avec bebe,Bonjour nous voulons manger avec le bébé !
bonjour ami vouloir apprendre avec nous,Bonjour mon ami veut apprendre avec nous !
bonjour moi non comprendre avec ami,Bonjour je ne comprends pas avec mon ami !
bonjour tu vouloir aide avec nous,Bonjour tu veux de l'aide avec nous !
au revoir moi aller avec nous bientot,Au revoir je pars avec nous bientôt !
au revoir tu aller avec ami bientot,Au revoir tu pars avec mon ami bientôt !
au revoir nous aller avec ami,Au revoir nous partons avec mon ami !
au revoir bebe aller avec ami,Au revoir le bébé part avec mon ami !
au revoir moi vouloir aller,Au revoir je veux aller !
au revoir moi vouloir aller avec ami,Au revoir je veux aller avec mon ami !
merci tu donner aide ami,Merci tu donnes de l'aide à mon ami !
merci moi donner aide bebe,Merci je donne de l'aide au bébé !
merci ami donner aide nous,Merci mon ami donne de l'aide nous !
merci tu aimer aide,Merci tu aimes de l'aide !
merci moi vouloir aide avec ami,Merci je veux de l'aide avec mon ami !
merci nous donner amour ami,Merci nous donnons de l'amour à mon ami !
moi vouloir manger avec ami ici,Je veux manger avec mon ami ici.
moi vouloir manger avec tu bien,Je veux manger avec toi bien.
moi vouloir manger avec tu bientot,Je veux manger avec toi bientôt.
moi vouloir manger avec nous ici,Je veux manger avec nous ici.
moi vouloir manger avec bebe ici,Je veux manger avec le bébé ici.
moi vouloir manger avec chat bien,Je veux manger avec le chat bien.
moi vouloir manger avec chat bientot,Je veux manger avec le chat bientôt.
moi vouloir boire avec tu bien,Je veux boire avec toi bien.
moi vouloir boire avec bebe bien,Je veux boire avec le bébé bien.
moi vouloir boire avec chat ici,Je veux boire avec le chat ici.
moi vouloir aller avec tu ici,Je veux aller avec toi ici.
moi vouloir aller avec nous bien,Je veux aller avec nous bien.
moi vouloir aller avec bebe ici,Je veux aller avec le bébé ici.
moi vouloir aller avec chat bientot,Je veux aller avec le chat bientôt.
moi vouloir apprendre avec tu bien,Je veux apprendre avec toi bien.
moi vouloir apprendre avec bebe bien,Je veux apprendre avec le bébé bien.
moi vouloir apprendre avec bebe ici,Je veux apprendre avec le bébé ici.
moi vouloir apprendre avec chat bien,Je veux apprendre avec le chat bien.
moi vouloir comprendre avec ami bien,Je veux comprendre avec mon ami bien.
moi vouloir comprendre avec tu bientot,Je veux comprendre avec toi bientôt.
moi vouloir comprendre avec nous bien,Je veux comprendre avec nous bien.
moi vouloir comprendre avec bebe bientot,Je veux comprendre avec le bébé bientôt.
moi vouloir changer avec tu bientot,Je veux changer avec toi bientôt.
moi vouloir changer avec nous bien,Je veux changer avec nous bien.
moi vouloir changer avec bebe ici,Je veux changer avec le bébé ici.
moi vouloir aimer avec ami bientot,Je veux aimer avec mon ami bientôt.
moi vouloir aimer avec nous bien,Je veux aimer avec nous bien.
moi vouloir aimer avec bebe ici,Je veux aimer avec le bébé ici.
moi vouloir donner avec ami bien,Je veux donner avec mon ami bien.
moi vouloir donner avec nous bientot,Je veux donner avec nous bientôt.
moi vouloir attendre avec ami ici,Je veux attendre avec mon ami ici.
moi vouloir attendre avec tu bientot,Je veux attendre avec toi bientôt.
moi vouloir attendre avec bebe bien,Je veux attendre avec le bébé bien.
tu vouloir manger avec moi bien,Tu veux manger avec moi bien.
tu vouloir manger avec ami ici,Tu veux manger avec mon ami ici.
tu vouloir manger avec bebe bientot,Tu veux manger avec le bébé bientôt.
tu vouloir manger avec chat bien,Tu veux manger avec le chat bien.
tu vouloir boire avec ami ici,Tu veux boire avec mon ami ici.
tu vouloir boire avec bebe bien,Tu veux boire avec le bébé bien.
tu vouloir boire avec nous ici,Tu veux boire avec nous ici.
tu vouloir aller avec moi bien,Tu veux aller avec moi bien.
tu vouloir aller avec bebe ici,Tu veux aller avec le bébé ici.
tu vouloir aller avec chat bien,Tu veux aller avec le chat bien.
tu vouloir apprendre avec ami ici,Tu veux apprendre avec mon ami ici.
tu vouloir apprendre avec bebe bien,Tu veux apprendre avec le bébé bien.
tu vouloir comprendre avec ami bien,Tu veux comprendre avec mon ami bien.
tu vouloir comprendre avec nous bientot,Tu veux comprendre avec nous bientôt.
tu vouloir changer avec ami bientot,Tu veux changer avec mon ami bientôt.
tu vouloir aimer avec nous ici,Tu veux aimer avec nous ici.
tu vouloir attendre avec ami bientot,Tu veux attendre avec mon ami bientôt.
tu vouloir attendre avec nous bien,Tu veux attendre avec nous bien.
nous vouloir manger avec tu bien,Nous voulons manger avec toi bien.
nous vouloir manger avec bebe ici,Nous voulons manger avec le bébé ici.
nous vouloir manger avec chat bientot,Nous voulons manger avec le chat bientôt.
nous vouloir boire avec ami ici,Nous voulons boire avec mon ami ici.
nous vouloir boire avec bebe bientot,Nous voulons boire avec le bébé bientôt.
nous vouloir aller avec tu bientot,Nous voulons aller avec toi bientôt.
nous vouloir aller avec bebe ici,Nous voulons aller avec le bébé ici.
nous vouloir apprendre avec tu bien,Nous voulons apprendre avec toi bien.
nous vouloir apprendre avec bebe ici,Nous voulons apprendre avec le bébé ici.
nous vouloir comprendre avec ami bientot,Nous voulons comprendre avec mon ami bientôt.
nous vouloir changer avec tu bien,Nous voulons changer avec toi bien.
nous vouloir changer avec bebe ici,Nous voulons changer avec le bébé ici.
nous vouloir aimer avec ami bientot,Nous voulons aimer avec mon ami bientôt.
nous vouloir attendre avec tu bien,Nous voulons attendre avec toi bien.
nous vouloir attendre avec bebe bientot,Nous voulons attendre avec le bébé bientôt.
ami vouloir manger avec tu bientot,Mon ami veut manger avec toi bientôt.
ami vouloir manger avec bebe bien,Mon ami veut manger avec le bébé bien.
ami vouloir manger avec chat ici,Mon ami veut manger avec le chat ici.
ami vouloir boire avec tu bien,Mon ami veut boire avec toi bien.
ami vouloir boire avec bebe bientot,Mon ami veut boire avec le bébé bientôt.
ami vouloir aller avec tu bien,Mon ami veut aller avec toi bien.
ami vouloir aller avec bebe bientot,Mon ami veut aller avec le bébé bientôt.
ami vouloir apprendre avec tu ici,Mon ami veut apprendre avec toi ici.
ami vouloir apprendre avec bebe bien,Mon ami veut apprendre avec le bébé bien.
ami vouloir comprendre avec nous bien,Mon ami veut comprendre avec nous bien.
ami vouloir changer avec nous bientot,Mon ami veut changer avec nous bientôt.
ami vouloir aimer avec nous bien,Mon ami veut aimer avec nous bien.
ami vouloir attendre avec tu bientot,Mon ami veut attendre avec toi bientôt.
ami vouloir attendre avec bebe bien,Mon ami veut attendre avec le bébé bien.
bebe vouloir manger avec tu bien,Le bébé veut manger avec toi bien.
bebe vouloir manger avec chat bientot,Le bébé veut manger avec le chat bientôt.
bebe vouloir boire avec ami ici,Le bébé veut boire avec mon ami ici.
bebe vouloir aller avec ami bien,Le bébé veut aller avec mon ami bien.
bebe vouloir apprendre avec ami ici,Le bébé veut apprendre avec mon ami ici.
bebe vouloir comprendre avec nous bien,Le bébé veut comprendre avec nous bien.
bebe vouloir changer avec ami bientot,Le bébé veut changer avec mon ami bientôt.
bebe vouloir aimer avec nous ici,Le bébé veut aimer avec nous ici.
bebe vouloir attendre avec ami bien,Le bébé veut attendre avec mon ami bien.
chat vouloir manger avec tu bien,Le chat veut manger avec toi bien.
chat vouloir manger avec bebe ici,Le chat veut manger avec le bébé ici.
chat vouloir boire avec ami bien,Le chat veut boire avec mon ami bien.
chat vouloir aller avec ami ici,Le chat veut aller avec mon ami ici.
chat vouloir apprendre avec nous bientot,Le chat veut apprendre avec nous bientôt.
chat vouloir comprendre avec ami bien,Le chat veut comprendre avec mon ami bien.
chat vouloir changer avec nous bientot,Le chat veut changer avec nous bientôt.
chat vouloir aimer avec ami bientot,Le chat veut aimer avec mon ami bientôt.
chat vouloir attendre avec nous bien,Le chat veut attendre avec nous bien.
moi aimer bebe avec ami bien,J'aime le bébé avec mon ami bien.
moi aimer bebe avec ami bientot,J'aime le bébé avec mon ami bientôt.
moi aimer bebe avec nous ici,J'aime le bébé avec nous ici.
moi aimer chat avec nous bien,J'aime le chat avec nous bien.
moi aimer chat avec nous bientot,J'aime le chat avec nous bientôt.
moi aimer ami avec chat bien,J'aime mon ami avec le chat bien.
moi aimer amour avec bebe bien,J'aime de l'amour avec le bébé bien.
tu aimer chat avec ami bien,Tu aimes le chat avec mon ami bien.
tu aimer bebe avec ami bientot,Tu aimes le bébé avec mon ami bientôt.
tu aimer ami avec nous bien,Tu aimes mon ami avec nous bien.
nous aimer chat avec bebe bien,Nous aimons le chat avec le bébé bien.
nous aimer ami avec chat bientot,Nous aimons mon ami avec le chat bientôt.
ami aimer chat avec bebe bientot,Mon ami aime le chat avec le bébé bientôt.
ami aimer bebe avec nous bien,Mon ami aime le bébé avec nous bien.
bebe aimer chat avec nous bientot,Le bébé aime le chat avec nous bientôt.
chat aimer bebe avec ami bientot,Le chat aime le bébé avec mon ami bientôt.
moi attendre ami avec bebe bien,J'attends mon ami avec le bébé bien.
moi attendre ami avec nous bientot,J'attends mon ami avec nous bientôt.
moi attendre bebe avec nous bien,J'attends le bébé avec nous bien.
moi attendre chat avec ami bientot,J'attends le chat avec mon ami bientôt.
tu attendre ami avec bebe bien,Tu attends mon ami avec le bébé bien.
tu attendre bebe avec ami bientot,Tu attends le bébé avec mon ami bientôt.
nous attendre chat avec ami bien,Nous attendons le chat avec mon ami bien.
ami attendre bebe avec nous bientot,Mon ami attend le bébé avec nous bientôt.
ami attendre chat avec bebe bien,Mon ami attend le chat avec le bébé bien.
bebe attendre chat avec nous bien,Le bébé attend le chat avec nous bien.
chat attendre bebe avec ami bientot,Le chat attend le bébé avec mon ami bientôt.
moi non aimer chat avec ami bien,Je n'aime pas le chat avec mon ami bien.
moi non aimer bebe avec nous bientot,Je n'aime pas le bébé avec nous bientôt.
tu non aimer ami avec bebe bien,Tu n'aimes pas mon ami avec le bébé bien.
nous non aimer chat avec ami bientot,Nous n'aimons pas le chat avec mon ami bientôt.
moi non attendre ami avec bebe bien,Je n'attends pas mon ami avec le bébé bien.
tu non attendre bebe avec nous bientot,Tu n'attends pas le bébé avec nous bientôt.
moi donner aide ami avec bebe,Je donne de l'aide à mon ami avec le bébé.
moi donner aide bebe avec nous,Je donne de l'aide au bébé avec nous.
tu donner aide ami avec bebe,Tu donnes de l'aide à mon ami avec le bébé.
ami donner aide nous avec bebe,Mon ami donne de l'aide nous avec le bébé.
moi donner amour ami avec nous,Je donne de l'amour à mon ami avec nous.
tu donner amour bebe avec nous,Tu donnes de l'amour au bébé avec nous.
moi donner aide ami avec bebe bien,Je donne de l'aide à mon ami avec le bébé bien.
moi donner aide bebe avec nous bientot,Je donne de l'aide au bébé avec nous bientôt.
tu donner aide ami avec bebe bientot,Tu donnes de l'aide à mon ami avec le bébé bientôt.
aujourd hui moi donner aide ami avec nous,Aujourd'hui je donne de l'aide à mon ami avec nous.
aujourd hui tu donner aide bebe avec ami,Aujourd'hui tu donnes de l'aide au bébé avec mon ami.
comment moi donner aide ami avec bebe,Comment je donne de l'aide à mon ami avec le bébé ?
comment tu donner amour bebe avec nous,Comment tu donnes de l'amour au bébé avec nous ?
moi non vouloir aide avec ami bien,Je ne veux pas d'aide avec mon ami bien.
tu non vouloir amour avec nous bien,Tu ne veux pas d'amour avec nous bien.
nous non vouloir aide avec bebe bien,Nous ne voulons pas d'aide avec le bébé bien.
ami non vouloir aide avec nous bientot,Mon ami ne veut pas d'aide avec nous bientôt.
moi non donner aide ami bientot,Je ne donne pas d'aide à mon ami bientôt.
tu non donner amour bebe ici,Tu ne donnes pas d'amour au bébé ici.
nous non donner aide ami bien,Nous ne donnons pas d'aide à mon ami bien.
moi boire ici avec nous,Je bois avec nous ici.
moi aller bientot avec ami,Je pars avec mon ami bientôt.
tu manger ici avec nous,Tu manges avec nous ici.
tu boire bientot avec ami,Tu bois avec mon ami bientôt.
tu aller bien avec nous,Tu pars avec nous bien.
nous manger bientot avec bebe,Nous mangeons avec le bébé bientôt.
nous apprendre bien avec bebe,Nous apprenons avec le bébé bien.
ami manger bien avec tu,Mon ami mange avec toi bien.
ami boire ici avec nous,Mon ami boit avec nous ici.
ami aller bientot avec nous,Mon ami part avec nous bientôt.
bebe manger bientot avec nous,Le bébé mange avec nous bientôt.
chat manger bien avec ami,Le chat mange avec mon ami bien.
moi non manger bientot avec ami,Je ne mange pas avec mon ami bientôt.
moi non aller bien avec nous,Je ne pars pas avec nous bien.
tu non manger ici avec ami,Tu ne manges pas avec mon ami ici.
nous non apprendre bien avec bebe,Nous n'apprenons pas avec le bébé bien.
bebe manger avec moi,Le bébé mange avec moi.
bebe manger avec tu,Le bébé mange avec toi.
bebe manger avec chat,Le bébé mange avec le chat.
bebe boire avec moi,Le bébé boit avec moi.
bebe boire avec tu,Le bébé boit avec toi.
bebe boire avec chat,Le bébé boit avec le chat.
bebe aller avec tu,Le bébé part avec toi.
bebe apprendre avec moi,Le bébé apprend avec moi.
bebe apprendre avec tu,Le bébé apprend avec toi.
bebe apprendre avec chat,Le bébé apprend avec le chat.
bebe comprendre avec moi,Le bébé comprend avec moi.
bebe comprendre avec tu,Le bébé comprend avec toi.
bebe comprendre avec ami,Le bébé comprend avec mon ami.
bebe comprendre avec chat,Le bébé comprend avec le chat.
bebe changer avec moi,Le bébé change avec moi.
bebe changer avec tu,Le bébé change avec toi.
bebe changer avec nous,Le bébé change avec nous.
bebe changer avec chat,Le bébé change avec le chat.
bebe aimer avec moi,Le bébé aime avec moi.
bebe aimer avec tu,Le bébé aime avec toi.
bebe aimer avec chat,Le bébé aime avec le chat.
bebe attendre avec moi,Le bébé attend avec moi.
bebe attendre avec tu,Le bébé attend avec toi.
bebe attendre avec chat,Le bébé attend avec le chat.
bebe donner avec ami,Le bébé donne avec mon ami.
bebe donner avec nous,Le bébé donne avec nous.
chat manger avec moi,Le chat mange avec moi.
chat manger avec tu,Le chat mange avec toi.
chat manger avec bebe,Le chat mange avec le bébé.
chat boire avec moi,Le chat boit avec moi.
chat boire avec tu,Le chat boit avec toi.
chat boire avec bebe,Le chat boit avec le bébé.
chat aller avec tu,Le chat part avec toi.
chat aller avec bebe,Le chat part avec le bébé.
chat apprendre avec moi,Le chat apprend avec moi.
chat apprendre avec tu,Le chat apprend avec toi.
chat apprendre avec bebe,Le chat apprend avec le bébé.
chat comprendre avec moi,Le chat comprend avec moi.
chat comprendre avec tu,Le chat comprend avec toi.
chat comprendre avec ami,Le chat comprend avec mon ami.
chat comprendre avec bebe,Le chat comprend avec le bébé.
chat changer avec moi,Le chat change avec moi.
chat changer avec tu,Le chat change avec toi.
chat changer avec bebe,Le chat change avec le bébé.
chat aimer avec moi,Le chat aime avec moi.
chat aimer avec tu,Le chat aime avec toi.
chat aimer avec bebe,Le chat aime avec le bébé.
chat attendre avec moi,Le chat attend avec moi.
chat attendre avec tu,Le chat attend avec toi.
chat attendre avec bebe,Le chat attend avec le bébé.
ami manger avec chat,Mon ami mange avec le chat.
ami boire avec chat,Mon ami boit avec le chat.
ami comprendre avec moi,Mon ami comprend avec moi.
ami comprendre avec bebe,Mon ami comprend avec le bébé.
ami comprendre avec chat,Mon ami comprend avec le chat.
ami changer avec moi,Mon ami change avec moi.
ami changer avec chat,Mon ami change avec le chat.
ami aimer avec moi,Mon ami aime avec moi.
ami attendre avec moi,Mon ami attend avec moi.
ami attendre avec chat,Mon ami attend avec le chat.
bebe manger avec nous,Le bébé mange avec nous.
chat manger avec ami,Le chat mange avec mon ami.
bebe boire avec ami,Le bébé boit avec mon ami.
chat boire avec nous,Le chat boit avec nous.
bebe aller avec nous,Le bébé part avec nous.
chat aller avec nous,Le chat part avec nous.
bebe non manger avec moi,Le bébé ne mange pas avec moi.
bebe non boire avec ami,Le bébé ne boit pas avec mon ami.
bebe non aller avec nous,Le bébé ne part pas avec nous.
bebe non apprendre avec tu,Le bébé n'apprend pas avec toi.
bebe non comprendre avec nous,Le bébé ne comprend pas avec nous.
bebe non changer avec ami,Le bébé ne change pas avec mon ami.
bebe non attendre avec tu,Le bébé n'attend pas avec toi.
chat non manger avec nous,Le chat ne mange pas avec nous.
chat non boire avec moi,Le chat ne boit pas avec moi.
chat non aller avec ami,Le chat ne part pas avec mon ami.
chat non apprendre avec nous,Le chat n'apprend pas avec nous.
chat non comprendre avec ami,Le chat ne comprend pas avec mon ami.
chat non changer avec tu,Le chat ne change pas avec toi.
chat non attendre avec nous,Le chat n'attend pas avec nous.
ami non manger avec chat,Mon ami ne mange pas avec le chat.
ami non boire avec bebe,Mon ami ne boit pas avec le bébé.
ami non aller avec chat,Mon ami ne part pas avec le chat.
ami non apprendre avec chat,Mon ami n'apprend pas avec le chat.
ami non changer avec bebe,Mon ami ne change pas avec le bébé.
ami non attendre avec chat,Mon ami n'attend pas avec le chat.
bebe manger avec nous bien,Le bébé mange avec nous bien.
bebe changer avec nous bien,Le bébé change avec nous bien.
chat manger avec tu bientot,Le chat mange avec toi bientôt.
chat boire avec ami bien,Le chat boit avec mon ami bien.
chat aller avec tu bientot,Le chat part avec toi bientôt.
ami manger avec bebe bien,Mon ami mange avec le bébé bien.
ami boire avec bebe bientot,Mon ami boit avec le bébé bientôt.
moi non vouloir boire avec nous,Je ne veux pas boire avec nous.
moi non vouloir aller avec bebe,Je ne veux pas aller avec le bébé.
moi non vouloir apprendre avec tu,Je ne veux pas apprendre avec toi.
moi non vouloir changer avec ami,Je ne veux pas changer avec mon ami.
moi non vouloir attendre avec nous,Je ne veux pas attendre avec nous.
tu non vouloir manger avec ami,Tu ne veux pas manger avec mon ami.
tu non vouloir boire avec nous,Tu ne veux pas boire avec nous.
tu non vouloir aller avec bebe,Tu ne veux pas aller avec le bébé.
tu non vouloir apprendre avec ami,Tu ne veux pas apprendre avec mon ami.
nous non vouloir manger avec bebe,Nous ne voulons pas manger avec le bébé.
nous non vouloir apprendre avec bebe,Nous ne voulons pas apprendre avec le bébé.
ami non vouloir manger avec nous,Mon ami ne veut pas manger avec nous.
ami non vouloir boire avec tu,Mon ami ne veut pas boire avec toi.
bebe non vouloir aller avec nous,Le bébé ne veut pas aller avec nous.
chat non vouloir manger avec ami,Le chat ne veut pas manger avec mon ami.
moi non vouloir manger avec ami bientot,Je ne veux pas manger avec mon ami bientôt.
tu non vouloir aller avec bebe bientot,Tu ne veux pas aller avec le bébé bientôt.
nous non vouloir apprendre avec ami bien,Nous ne voulons pas apprendre avec mon ami bien.
aujourd hui moi non vouloir manger avec ami,Aujourd'hui je ne veux pas manger avec mon ami.
aujourd hui tu non vouloir aller avec nous,Aujourd'hui tu ne veux pas aller avec nous.
aujourd hui moi vouloir apprendre avec chat bientot,Aujourd'hui je veux apprendre avec le chat bientôt.
aujourd hui tu vouloir boire avec nous bien,Aujourd'hui tu veux boire avec nous bien.
aujourd hui nous vouloir apprendre avec bebe bien,Aujourd'hui nous voulons apprendre avec le bébé bien.
aujourd hui ami vouloir aller avec nous bientot,Aujourd'hui mon ami veut aller avec nous bientôt.
aujourd hui bebe vouloir manger avec ami bien,Aujourd'hui le bébé veut manger avec mon ami bien.
aujourd hui chat vouloir manger avec nous bientot,Aujourd'hui le chat veut manger avec nous bientôt.
aujourd hui moi aimer bebe avec ami bien,Aujourd'hui j'aime le bébé avec mon ami bien.
aujourd hui moi attendre chat avec nous bientot,Aujourd'hui j'attends le chat avec nous bientôt.
aujourd hui tu aimer ami avec bebe bien,Aujourd'hui tu aimes mon ami avec le bébé bien.
aujourd hui nous attendre ami avec bebe bientot,Aujourd'hui nous attendons mon ami avec le bébé bientôt.
aujourd hui ami aimer nous avec bebe bien,Aujourd'hui mon ami aime nous avec le bébé bien.
comment moi vouloir manger avec bebe,Comment je veux manger avec le bébé ?
comment moi vouloir boire avec ami bientot,Comment je veux boire avec mon ami bientôt ?
comment tu vouloir aller avec nous,Comment tu veux aller avec nous ?
comment nous vouloir apprendre avec bebe,Comment nous voulons apprendre avec le bébé ?
comment ami vouloir manger avec nous,Comment mon ami veut manger avec nous ?
comment bebe vouloir manger avec ami,Comment le bébé veut manger avec mon ami ?
comment chat vouloir aller avec nous,Comment le chat veut aller avec nous ?
comment moi aimer bebe avec ami,Comment j'aime le bébé avec mon ami ?
comment moi attendre chat avec nous,Comment j'attends le chat avec nous ?
comment tu aimer ami avec bebe,Comment tu aimes mon ami avec le bébé ?
comment nous donner aide ami avec bebe,Comment nous donnons de l'aide à mon ami avec le bébé ?
comment moi non vouloir manger avec ami,Comment je ne veux pas manger avec mon ami ?
comment moi non aimer chat avec nous,Comment je n'aime pas le chat avec nous ?
comment tu non attendre ami avec bebe,Comment tu n'attends pas mon ami avec le bébé ?
bonjour moi aimer chat avec nous,Bonjour j'aime le chat avec nous !
bonjour moi vouloir aller avec ami bientot,Bonjour je veux aller avec mon ami bientôt !
bonjour moi vouloir manger avec bebe,Bonjour je veux manger avec le bébé !
bonjour tu vouloir apprendre avec nous bien,Bonjour tu veux apprendre avec nous bien !
bonjour nous vouloir aller avec ami bientot,Bonjour nous voulons aller avec mon ami bientôt !
bonjour ami vouloir manger avec nous,Bonjour mon ami veut manger avec nous !
bonjour moi non vouloir aller,Bonjour je ne veux pas aller !
bonjour tu non manger avec nous,Bonjour tu ne manges pas avec nous !
au revoir moi aller avec ami bientot,Au revoir je pars avec mon ami bientôt !
au revoir tu aller avec nous bientot,Au revoir tu pars avec nous bientôt !
au revoir ami aller avec nous bientot,Au revoir mon ami part avec nous bientôt !
merci moi comprendre avec ami bien,Merci je comprends avec mon ami bien !
merci tu apprendre avec nous bien,Merci tu apprends avec nous bien !
merci moi donner aide ami avec nous,Merci je donne de l'aide à mon ami avec nous !
merci nous aimer amour bien,Merci nous aimons de l'amour bien !
moi manger avec ami aujourd hui,Aujourd'hui je mange avec mon ami.
tu boire avec nous aujourd hui,Aujourd'hui tu bois avec nous.
ami aller avec nous aujourd hui,Aujourd'hui mon ami part avec nous.
moi apprendre avec ami aujourd hui bien,Aujourd'hui j'apprends avec mon ami bien.
tu manger avec bebe aujourd hui bien,Aujourd'hui tu manges avec le bébé bien.
tu attendre ami aujourd hui,Aujourd'hui tu attends mon ami.
nous aimer bebe aujourd hui,Aujourd'hui nous aimons le bébé.
ami vouloir manger aujourd hui,Aujourd'hui mon ami veut manger.
bebe apprendre,Le bébé apprend.
chat apprendre,Le chat apprend.
bebe comprendre,Le bébé comprend.
chat comprendre,Le chat comprend.
bebe changer,Le bébé change.
chat changer,Le chat change.
ami donner,Mon ami donne.
bebe donner,Le bébé donne.
chat donner,Le chat donne.
bebe non aller,Le bébé ne part pas.
chat non aller,Le chat ne part pas.
bebe non apprendre,Le bébé n'apprend pas.
chat non apprendre,Le chat n'apprend pas.
bebe non comprendre,Le bébé ne comprend pas.
chat non comprendre,Le chat ne comprend pas.
bebe non changer,Le bébé ne change pas.
chat non changer,Le chat ne change pas.
ami non donner,Mon ami ne donne pas.
bebe non donner,Le bébé ne donne pas.
chat non donner,Le chat ne donne pas.
bebe non aimer,Le bébé n'aime pas.
chat non aimer,Le chat n'aime pas.
bebe non attendre,Le bébé n'attend pas.
chat non attendre,Le chat n'attend pas.
bebe non vouloir,Le bébé ne veut pas.
chat non vouloir,Le chat ne veut pas.
ami aimer,Mon ami aime.
bebe aimer,Le bébé aime.
chat aimer,Le chat aime.
ami vouloir,Mon ami veut.
bebe vouloir,Le bébé veut.
chat vouloir,Le chat veut.
bebe attendre,Le bébé attend.
chat attendre,Le chat attend.
moi manger amour,Je mange de l'amour.
moi vouloir aide moi,Je veux de l'aide.
tu aimer amour bien,Tu aimes de l'amour bien.
nous aimer amour bientot,Nous aimons de l'amour bientôt.
bebe aimer amour bientot,Le bébé aime de l'amour bientôt.
chat aimer amour bientot,Le chat aime de l'amour bientôt.
ami aimer amour bientot,Mon ami aime de l'amour bientôt.
moi aimer amour avec nous,J'aime de l'amour avec nous.
tu aimer amour avec ami,Tu aimes de l'amour avec mon ami.
nous aimer amour avec bebe,Nous aimons de l'amour avec le bébé.
ami aimer amour avec nous,Mon ami aime de l'amour avec nous.
moi non aimer amour bientot,Je n'aime pas d'amour bientôt.
tu non aimer amour bien,Tu n'aimes pas d'amour bien.
nous non aimer amour bientot,Nous n'aimons pas d'amour bientôt.
aujourd hui tu aimer amour,Aujourd'hui tu aimes de l'amour.
aujourd hui moi aimer amour avec ami,Aujourd'hui j'aime de l'amour avec mon ami.
comment moi aimer amour avec ami,Comment j'aime de l'amour avec mon ami ?
comment tu aimer amour bien,Comment tu aimes de l'amour bien ?
moi vouloir amour avec bebe,Je veux de l'amour avec le bébé.
tu vouloir amour avec bebe,Tu veux de l'amour avec le bébé.
nous vouloir amour avec ami,Nous voulons de l'amour avec mon ami.
ami vouloir amour avec nous,Mon ami veut de l'amour avec nous.
tu vouloir amour bientot,Tu veux de l'amour bientôt.
ami vouloir amour bientot,Mon ami veut de l'amour bientôt.
bebe vouloir amour bien,Le bébé veut de l'amour bien.
chat vouloir amour bientot,Le chat veut de l'amour bientôt.
moi non vouloir amour bien,Je ne veux pas d'amour bien.
tu non vouloir amour bientot,Tu ne veux pas d'amour bientôt.
moi donner amour bebe avec nous,Je donne de l'amour au bébé avec nous.
comment moi donner amour bebe,Comment je donne de l'amour au bébé ?
tu vouloir aide tu,Tu veux de l'aide.
nous vouloir aide nous,Nous voulons de l'aide.
moi vouloir aide avec ami bientot,Je veux de l'aide avec mon ami bientôt.
tu vouloir aide avec bebe bien,Tu veux de l'aide avec le bébé bien.
nous vouloir aide avec chat bientot,Nous voulons de l'aide avec le chat bientôt.
ami vouloir aide avec tu bien,Mon ami veut de l'aide avec toi bien.
moi non vouloir aide bientot,Je ne veux pas d'aide bientôt.
tu non vouloir aide bien,Tu ne veux pas d'aide bien.
nous non vouloir aide bientot,Nous ne voulons pas d'aide bientôt.
aujourd hui moi vouloir aide avec ami,Aujourd'hui je veux de l'aide avec mon ami.
aujourd hui tu vouloir aide bien,Aujourd'hui tu veux de l'aide bien.
comment moi vouloir aide avec nous,Comment je veux de l'aide avec nous ?
comment tu non vouloir aide,Comment tu ne veux pas d'aide ?
bonjour tu vouloir amour,Bonjour tu veux de l'amour !
merci moi vouloir aide bientot,Merci je veux de l'aide bientôt !
aujourd hui bebe comprendre,Aujourd'hui le bébé comprend.
aujourd hui bebe donner,Aujourd'hui le bébé donne.
aujourd hui chat apprendre,Aujourd'hui le chat apprend.
aujourd hui chat comprendre,Aujourd'hui le chat comprend.
aujourd hui chat donner,Aujourd'hui le chat donne.
aujourd hui moi non apprendre,Aujourd'hui je n'apprends pas.
aujourd hui moi non changer,Aujourd'hui je ne change pas.
aujourd hui tu non apprendre,Aujourd'hui tu n'apprends pas.
aujourd hui tu non changer,Aujourd'hui tu ne changes pas.
aujourd hui tu non vouloir,Aujourd'hui tu ne veux pas.
aujourd hui nous non boire,Aujourd'hui nous ne buvons pas.
aujourd hui nous non apprendre,Aujourd'hui nous n'apprenons pas.
aujourd hui nous non aimer,Aujourd'hui nous n'aimons pas.
aujourd hui nous non vouloir,Aujourd'hui nous ne voulons pas.
aujourd hui ami non boire,Aujourd'hui mon ami ne boit pas.
aujourd hui ami non apprendre,Aujourd'hui mon ami n'apprend pas.
aujourd hui ami non aimer,Aujourd'hui mon ami n'aime pas.
aujourd hui ami non vouloir,Aujourd'hui mon ami ne veut pas.
aujourd hui bebe non boire,Aujourd'hui le bébé ne boit pas.
aujourd hui bebe non aller,Aujourd'hui le bébé ne part pas.
aujourd hui bebe non comprendre,Aujourd'hui le bébé ne comprend pas.
aujourd hui bebe non vouloir,Aujourd'hui le bébé ne veut pas.
aujourd hui chat non manger,Aujourd'hui le chat ne mange pas.
aujourd hui chat non boire,Aujourd'hui le chat ne boit pas.
aujourd hui chat non aimer,Aujourd'hui le chat n'aime pas.
aujourd hui chat non vouloir,Aujourd'hui le chat ne veut pas.
bonjour nous boire,Bonjour nous buvons !
bonjour nous comprendre,Bonjour nous comprenons !
bonjour nous vouloir,Bonjour nous voulons !
bonjour nous aimer,Bonjour nous aimons !
bonjour ami boire,Bonjour mon ami boit !
bonjour ami comprendre,Bonjour mon ami comprend !
bonjour ami vouloir,Bonjour mon ami veut !
bonjour ami aimer,Bonjour mon ami aime !
bonjour bebe boire,Bonjour le bébé boit !
bonjour bebe aller,Bonjour le bébé part !
bonjour bebe vouloir,Bonjour le bébé veut !
bonjour bebe aimer,Bonjour le bébé aime !
bonjour chat boire,Bonjour le chat boit !
bonjour chat aller,Bonjour le chat part !
bonjour chat vouloir,Bonjour le chat veut !
bonjour chat aimer,Bonjour le chat aime !
merci ami manger,Merci mon ami mange !
merci ami boire,Merci mon ami boit !
merci ami aller,Merci mon ami part !
merci ami vouloir,Merci mon ami veut !
merci bebe manger,Merci le bébé mange !
merci bebe boire,Merci le bébé boit !
merci bebe aller,Merci le bébé part !
merci chat manger,Merci le chat mange !
merci chat boire,Merci le chat boit !
merci chat aller,Merci le chat part !
au revoir nous manger,Au revoir nous mangeons !
au revoir nous boire,Au revoir nous buvons !
au revoir nous vouloir,Au revoir nous voulons !
au revoir ami manger,Au revoir mon ami mange !
au revoir ami boire,Au revoir mon ami boit !
au revoir ami apprendre,Au revoir mon ami apprend !
au revoir ami vouloir,Au revoir mon ami veut !
au revoir bebe manger,Au revoir le bébé mange !
au revoir bebe boire,Au revoir le bébé boit !
au revoir chat manger,Au revoir le chat mange !
au revoir chat boire,Au revoir le chat boit !
tu aimer bien,Tu aimes bien.
tu vouloir bien,Tu veux bien.
ami aimer bien,Mon ami aime bien.
ami vouloir bien,Mon ami veut bien.
chat aimer bien,Le chat aime bien.
tu vouloir bientot,Tu veux bientôt.
ami vouloir bientot,Mon ami veut bientôt.
chat boire bientot,Le chat boit bientôt.
tu vouloir ici,Tu veux ici.
bebe boire ici,Le bébé boit ici.
moi boire avec chat,Je bois avec le chat.
moi apprendre avec chat,J'apprends avec le chat.
tu apprendre avec ami,Tu apprends avec mon ami.
tu vouloir avec ami,Tu veux avec mon ami.
nous boire avec tu,Nous buvons avec toi.
nous aller avec tu,Nous partons avec toi.
nous apprendre avec tu,Nous apprenons avec toi.
ami vouloir avec moi,Mon ami veut avec moi.
nous non aimer amour,Nous n'aimons pas d'amour.
nous non aimer bebe,Nous n'aimons pas le bébé.
nous attendre moi,Nous m'attendons.
nous attendre tu,Nous t'attendons.
chat attendre moi,Le chat m'attend.
moi non attendre tu,Je ne t'attends pas.
nous non attendre bebe,Nous n'attendons pas le bébé.
moi donner amour tu,Je te donne de l'amour.
nous donner aide tu,Nous te donnons de l'aide.
nous donner amour tu,Nous te donnons de l'amour.
ami donner amour tu,Mon ami te donne de l'amour.
ami donner amour bebe,Mon ami donne de l'amour au bébé.
bebe donner amour moi,Le bébé me donne de l'amour.
bebe donner amour tu,Le bébé te donne de l'amour.
bebe donner amour ami,Le bébé donne de l'amour à mon ami.
chat donner amour tu,Le chat te donne de l'amour.
chat donner amour ami,Le chat donne de l'amour à mon ami.
moi non donner aide tu,Je ne te donne pas d'aide.
tu non donner aide moi,Tu ne me donnes pas d'aide.
nous non donner amour bebe,Nous ne donnons pas d'amour au bébé.
ami non donner amour tu,Mon ami ne te donne pas d'amour.
moi boire avec ami bientot,Je bois avec mon ami bientôt.
moi aller avec ami ici,Je pars avec mon ami ici.
moi apprendre avec ami ici,J'apprends avec mon ami ici.
tu manger avec moi bientot,Tu manges avec moi bientôt.
tu boire avec moi bientot,Tu bois avec moi bientôt.
nous manger avec tu bientot,Nous mangeons avec toi bientôt.
nous boire avec ami ici,Nous buvons avec mon ami ici.
nous apprendre avec tu ici,Nous apprenons avec toi ici.
ami manger avec moi bien,Mon ami mange avec moi bien.
ami manger avec tu bientot,Mon ami mange avec toi bientôt.
ami boire avec moi ici,Mon ami boit avec moi ici.
ami apprendre avec moi bien,Mon ami apprend avec moi bien.
ami apprendre avec tu bientot,Mon ami apprend avec toi bientôt.
bebe boire avec moi bientot,Le bébé boit avec moi bientôt.
chat boire avec moi ici,Le chat boit avec moi ici.
aujourd hui tu vouloir comprendre,Aujourd'hui tu veux comprendre.
aujourd hui tu vouloir aller,Aujourd'hui tu veux aller.
aujourd hui tu vouloir manger,Aujourd'hui tu veux manger.
aujourd hui tu vouloir boire,Aujourd'hui tu veux boire.
aujourd hui tu vouloir changer,Aujourd'hui tu veux changer.
aujourd hui tu vouloir aimer,Aujourd'hui tu veux aimer.
aujourd hui nous vouloir comprendre,Aujourd'hui nous voulons comprendre.
aujourd hui nous vouloir aller,Aujourd'hui nous voulons aller.
aujourd hui nous vouloir manger,Aujourd'hui nous voulons manger.
aujourd hui nous vouloir boire,Aujourd'hui nous voulons boire.
aujourd hui nous vouloir changer,Aujourd'hui nous voulons changer.
aujourd hui nous vouloir aimer,Aujourd'hui nous voulons aimer.
aujourd hui ami vouloir apprendre,Aujourd'hui mon ami veut apprendre.
aujourd hui ami vouloir comprendre,Aujourd'hui mon ami veut comprendre.
aujourd hui ami vouloir aller,Aujourd'hui mon ami veut aller.
aujourd hui ami vouloir manger,Aujourd'hui mon ami veut manger.
aujourd hui ami vouloir boire,Aujourd'hui mon ami veut boire.
aujourd hui ami vouloir aimer,Aujourd'hui mon ami veut aimer.
aujourd hui bebe vouloir manger,Aujourd'hui le bébé veut manger.
aujourd hui bebe vouloir boire,Aujourd'hui le bébé veut boire.
aujourd hui bebe vouloir aller,Aujourd'hui le bébé veut aller.
aujourd hui chat vouloir boire,Aujourd'hui le chat veut boire.
aujourd hui chat vouloir aller,Aujourd'hui le chat veut aller.
aujourd hui chat vouloir apprendre,Aujourd'hui le chat veut apprendre.
aujourd hui moi non vouloir apprendre,Aujourd'hui je ne veux pas apprendre.
aujourd hui moi non vouloir manger,Aujourd'hui je ne veux pas manger.
aujourd hui moi non vouloir boire,Aujourd'hui je ne veux pas boire.
aujourd hui moi non vouloir aller,Aujourd'hui je ne veux pas aller.
aujourd hui tu non vouloir apprendre,Aujourd'hui tu ne veux pas apprendre.
aujourd hui tu non vouloir manger,Aujourd'hui tu ne veux pas manger.
aujourd hui tu non vouloir aller,Aujourd'hui tu ne veux pas aller.
aujourd hui nous non vouloir apprendre,Aujourd'hui nous ne voulons pas apprendre.
aujourd hui nous non vouloir manger,Aujourd'hui nous ne voulons pas manger.
aujourd hui ami non vouloir apprendre,Aujourd'hui mon ami ne veut pas apprendre.
aujourd hui ami non vouloir manger,Aujourd'hui mon ami ne veut pas manger.
tu non boire bien,Tu ne bois pas bien.
tu non apprendre bien,Tu n'apprends pas bien.
nous non boire bien,Nous ne buvons pas bien.
nous non apprendre bien,Nous n'apprenons pas bien.
nous non aimer bien,Nous n'aimons pas bien.
tu non aller bientot,Tu ne pars pas bientôt.
nous non aller bientot,Nous ne partons pas bientôt.
nous non aller ici,Nous ne partons pas ici.
bebe aimer moi bien,Le bébé m'aime bien.
chat aimer moi bien,Le chat m'aime bien.
moi donner amour bebe bien,Je donne de l'amour au bébé bien.
nous donner amour ami bien,Nous donnons de l'amour à mon ami bien.
moi manger bebe bien,Je mange le bébé bien.
moi manger ami bientot,Je mange mon ami bientôt.
tu manger chat bien,Tu manges le chat bien.
nous manger bebe bientot,Nous mangeons le bébé bientôt.
ami manger chat bien,Mon ami mange le chat bien.
moi non aimer ami bien,Je n'aime pas mon ami bien.
tu non aimer bebe bien,Tu n'aimes pas le bébé bien.
moi non attendre ami bientot,Je n'attends pas mon ami bientôt.
tu non attendre ami bientot,Tu n'attends pas mon ami bientôt.
bonjour moi boire avec tu,Bonjour je bois avec toi !
bonjour moi aller avec ami,Bonjour je pars avec mon ami !
bonjour moi apprendre avec tu,Bonjour j'apprends avec toi !
bonjour moi apprendre avec ami,Bonjour j'apprends avec mon ami !
bonjour tu manger avec ami,Bonjour tu manges avec mon ami !
bonjour tu boire avec moi,Bonjour tu bois avec moi !
bonjour tu aller avec nous,Bonjour tu pars avec nous !
bonjour nous apprendre avec tu,Bonjour nous apprenons avec toi !
merci moi manger avec ami,Merci je mange avec mon ami !
merci moi boire avec tu,Merci je bois avec toi !
merci tu manger avec nous,Merci tu manges avec nous !
au revoir moi aller avec tu,Au revoir je pars avec toi !
au revoir tu aller avec nous,Au revoir tu pars avec nous !
au revoir ami aller avec moi,Au revoir mon ami part avec moi !
bonjour moi boire bientot,Bonjour je bois bientôt !
bonjour tu manger bien,Bonjour tu manges bien !
bonjour tu boire bientot,Bonjour tu bois bientôt !
bonjour nous aller bientot,Bonjour nous partons bientôt !
bonjour ami manger bien,Bonjour mon ami mange bien !
bonjour ami aller bientot,Bonjour mon ami part bientôt !
merci tu manger bientot,Merci tu manges bientôt !
comment moi boire avec tu,Comment je bois avec toi ?
comment moi apprendre avec tu,Comment j'apprends avec toi ?
comment moi apprendre avec ami,Comment j'apprends avec mon ami ?
comment tu manger avec moi,Comment tu manges avec moi ?
comment tu boire avec ami,Comment tu bois avec mon ami ?
comment tu aller avec nous,Comment tu pars avec nous ?
comment nous manger avec ami,Comment nous mangeons avec mon ami ?
comment nous apprendre avec tu,Comment nous apprenons avec toi ?
comment ami manger avec moi,Comment mon ami mange avec moi ?
comment ami boire avec tu,Comment mon ami boit avec toi ?
comment ami aller avec nous,Comment mon ami part avec nous ?
comment chat manger avec moi,Comment le chat mange avec moi ?
comment moi manger bien,Comment je mange bien ?
comment moi boire bientot,Comment je bois bientôt ?
comment moi aller bientot,Comment je pars bientôt ?
comment tu boire bientot,Comment tu bois bientôt ?
comment nous manger bientot,Comment nous mangeons bientôt ?
comment ami manger bien,Comment mon ami mange bien ?
comment ami aller bientot,Comment mon ami part bientôt ?
comment bebe manger bien,Comment le bébé mange bien ?
comment chat manger bientot,Comment le chat mange bientôt ?
aujourd hui moi boire avec tu,Aujourd'hui je bois avec toi.
aujourd hui moi apprendre avec tu,Aujourd'hui j'apprends avec toi.
aujourd hui tu boire avec moi,Aujourd'hui tu bois avec moi.
aujourd hui tu aller avec nous,Aujourd'hui tu pars avec nous.
aujourd hui nous apprendre avec tu,Aujourd'hui nous apprenons avec toi.
aujourd hui ami manger avec moi,Aujourd'hui mon ami mange avec moi.
aujourd hui ami boire avec tu,Aujourd'hui mon ami boit avec toi.
aujourd hui chat manger avec moi,Aujourd'hui le chat mange avec moi.
aujourd hui moi boire bientot,Aujourd'hui je bois bientôt.
aujourd hui tu apprendre bientot,Aujourd'hui tu apprends bientôt.
aujourd hui nous manger bientot,Aujourd'hui nous mangeons bientôt.
aujourd hui ami aller bientot,Aujourd'hui mon ami part bientôt.
aujourd hui tu aimer bebe,Aujourd'hui tu aimes le bébé.
aujourd hui tu donner aide ami,Aujourd'hui tu donnes de l'aide à mon ami.
aujourd hui nous donner amour ami,Aujourd'hui nous donnons de l'amour à mon ami.
tu non aller avec nous,Tu ne pars pas avec nous.
nous non apprendre avec tu,Nous n'apprenons pas avec toi.
ami non manger avec moi,Mon ami ne mange pas avec moi.
ami non boire avec tu,Mon ami ne boit pas avec toi.
ami non aller avec nous,Mon ami ne part pas avec nous.
moi non aimer ami bientot,Je n'aime pas mon ami bientôt.
nous non aimer ami bientot,Nous n'aimons pas mon ami bientôt.
tu non donner amour bebe bien,Tu ne donnes pas d'amour au bébé bien.
nous non donner aide ami bientot,Nous ne donnons pas d'aide à mon ami bientôt.
tu non aller avec nous bientot,Tu ne pars pas avec nous bientôt.
nous non apprendre avec ami bien,Nous n'apprenons pas avec mon ami bien.
ami non manger avec moi bien,Mon ami ne mange pas avec moi bien.
bonjour tu aimer bebe,Bonjour tu aimes le bébé !
bonjour nous aimer ami,Bonjour nous aimons mon ami !
bonjour tu attendre ami,Bonjour tu attends mon ami !
bonjour moi donner aide ami,Bonjour je donne de l'aide à mon ami !
bonjour moi donner amour bebe,Bonjour je donne de l'amour au bébé !
bonjour tu donner aide moi,Bonjour tu me donnes de l'aide !
merci tu aimer bebe,Merci tu aimes le bébé !
merci nous aimer ami,Merci nous aimons mon ami !
merci ami aimer moi,Merci mon ami m'aime !
merci tu donner aide moi,Merci tu me donnes de l'aide !
merci moi donner amour bebe,Merci je donne de l'amour au bébé !
au revoir tu aimer bebe,Au revoir tu aimes le bébé !
au revoir nous aimer ami,Au revoir nous aimons mon ami !
au revoir ami aimer moi,Au revoir mon ami m'aime !
au revoir moi donner aide ami,Au revoir je donne de l'aide à mon ami !
tu vouloir aller avec ami,Tu veux aller avec mon ami.
nous vouloir manger avec tu,Nous voulons manger avec toi.
nous vouloir boire avec ami,Nous voulons boire avec mon ami.
ami vouloir manger avec moi,Mon ami veut manger avec moi.
ami vouloir boire avec moi,Mon ami veut boire avec moi.
ami vouloir aller avec moi,Mon ami veut aller avec moi.
ami vouloir aller avec tu,Mon ami veut aller avec toi.
ami vouloir apprendre avec moi,Mon ami veut apprendre avec moi.
nous vouloir manger bientot,Nous voulons manger bientôt.
ami vouloir manger bien,Mon ami veut manger bien.
chat vouloir manger bientot,Le chat veut manger bientôt.
bonjour moi vouloir comprendre,Bonjour je veux comprendre !
bonjour moi vouloir aller,Bonjour je veux aller !
bonjour moi vouloir boire,Bonjour je veux boire !
bonjour tu vouloir aller,Bonjour tu veux aller !
bonjour nous vouloir apprendre,Bonjour nous voulons apprendre !
bonjour nous vouloir manger,Bonjour nous voulons manger !
bonjour ami vouloir apprendre,Bonjour mon ami veut apprendre !
bonjour ami vouloir manger,Bonjour mon ami veut manger !
merci moi vouloir manger,Merci je veux manger !
merci nous vouloir apprendre,Merci nous voulons apprendre !
au revoir tu vouloir aller,Au revoir tu veux aller !
au revoir nous vouloir aller,Au revoir nous voulons aller !
bonjour moi vouloir apprendre avec tu,Bonjour je veux apprendre avec toi !
bonjour tu vouloir manger avec moi,Bonjour tu veux manger avec moi !
bonjour nous vouloir apprendre avec ami,Bonjour nous voulons apprendre avec mon ami !
merci moi vouloir manger avec ami,Merci je veux manger avec mon ami !
bonjour moi vouloir manger bien,Bonjour je veux manger bien !
bonjour moi vouloir aller bientot,Bonjour je veux aller bientôt !
merci moi vouloir apprendre bien,Merci je veux apprendre bien !
au revoir moi vouloir aller bientot,Au revoir je veux aller bientôt !
aujourd hui moi boire avec tu bientot,Aujourd'hui je bois avec toi bientôt.
aujourd hui moi aller avec ami bientot,Aujourd'hui je pars avec mon ami bientôt.
aujourd hui moi apprendre avec tu bien,Aujourd'hui j'apprends avec toi bien.
aujourd hui tu manger avec ami bien,Aujourd'hui tu manges avec mon ami bien.
aujourd hui tu boire avec moi bientot,Aujourd'hui tu bois avec moi bientôt.
aujourd hui nous manger avec ami bientot,Aujourd'hui nous mangeons avec mon ami bientôt.
aujourd hui nous apprendre avec tu bien,Aujourd'hui nous apprenons avec toi bien.
aujourd hui ami manger avec moi bien,Aujourd'hui mon ami mange avec moi bien.
aujourd hui ami aller avec nous bientot,Aujourd'hui mon ami part avec nous bientôt.
aujourd hui moi aimer chat bientot,Aujourd'hui j'aime le chat bientôt.
aujourd hui tu aimer bebe bien,Aujourd'hui tu aimes le bébé bien.
aujourd hui nous aimer ami bien,Aujourd'hui nous aimons mon ami bien.
aujourd hui moi attendre ami bientot,Aujourd'hui j'attends mon ami bientôt.
aujourd hui tu attendre ami bien,Aujourd'hui tu attends mon ami bien.
aujourd hui moi donner aide ami bientot,Aujourd'hui je donne de l'aide à mon ami bientôt.
aujourd hui tu donner amour bebe bien,Aujourd'hui tu donnes de l'amour au bébé bien.
aujourd hui nous donner aide ami bien,Aujourd'hui nous donnons de l'aide à mon ami bien.
aujourd hui nous non apprendre avec ami,Aujourd'hui nous n'apprenons pas avec mon ami.
comment moi manger avec ami bien,Comment je mange avec mon ami bien ?
comment moi aller avec tu bientot,Comment je pars avec toi bientôt ?
comment tu apprendre avec ami bien,Comment tu apprends avec mon ami bien ?
comment nous manger avec ami bientot,Comment nous mangeons avec mon ami bientôt ?
comment ami manger avec moi bien,Comment mon ami mange avec moi bien ?
comment tu aimer chat bien,Comment tu aimes le chat bien ?
comment tu donner aide ami,Comment tu donnes de l'aide à mon ami ?
comment nous donner amour bebe,Comment nous donnons de l'amour au bébé ?
comment moi non manger avec ami,Comment je ne mange pas avec mon ami ?
comment tu non aller avec nous,Comment tu ne pars pas avec nous ?
comment nous non apprendre bien,Comment nous n'apprenons pas bien ?
comment tu non attendre ami,Comment tu n'attends pas mon ami ?
comment tu vouloir apprendre avec nous,Comment tu veux apprendre avec nous ?
comment nous vouloir aller avec ami,Comment nous voulons aller avec mon ami ?
comment moi vouloir aimer chat,Comment je veux le chat ?
comment ami vouloir apprendre bien,Comment mon ami veut apprendre bien ?
moi non manger avec ami bien,Je ne mange pas avec mon ami bien.
moi non boire avec tu bientot,Je ne bois pas avec toi bientôt.
tu non manger avec moi bien,Tu ne manges pas avec moi bien.
tu non apprendre avec ami bientot,Tu n'apprends pas avec mon ami bientôt.
nous non manger avec ami bien,Nous ne mangeons pas avec mon ami bien.
nous non aller avec tu bientot,Nous ne partons pas avec toi bientôt.
ami non aller avec nous bientot,Mon ami ne part pas avec nous bientôt.
moi non aimer bebe bientot,Je n'aime pas le bébé bientôt.
tu non aimer chat bien,Tu n'aimes pas le chat bien.
nous non vouloir apprendre avec ami,Nous ne voulons pas apprendre avec mon ami.
moi non vouloir manger bien,Je ne veux pas manger bien.
nous non vouloir apprendre bien,Nous ne voulons pas apprendre bien.
moi manger bebe,Je mange le bébé.
moi manger chat,Je mange le chat.
tu manger bebe,Tu manges le bébé.
tu manger chat,Tu manges le chat.
nous manger bebe,Nous mangeons le bébé.
nous manger chat,Nous mangeons le chat.
ami manger bebe,Mon ami mange le bébé.
ami manger chat,Mon ami mange le chat.
bebe manger chat,Le bébé mange le chat.
chat manger bebe,Le chat mange le bébé.
moi non manger bebe,Je ne mange pas le bébé.
moi non manger chat,Je ne mange pas le chat.
tu non manger bebe,Tu ne manges pas le bébé.
tu non manger ami,Tu ne manges pas mon ami.
nous non manger bebe,Nous ne mangeons pas le bébé.
nous non manger chat,Nous ne mangeons pas le chat.
ami non manger bebe,Mon ami ne mange pas le bébé.
bebe non manger chat,Le bébé ne mange pas le chat.
chat non manger bebe,Le chat ne mange pas le bébé.
moi comprendre ami,Je comprends mon ami.
moi comprendre bebe,Je comprends le bébé.
moi non comprendre ami,Je ne comprends pas mon ami.
moi changer bebe,Je change le bébé.
tu changer moi,Tu changes.
ami changer moi,Mon ami change.
bebe changer moi,Le bébé change.
moi non changer ami,Je ne change pas mon ami.
tu non changer moi,Tu ne changes pas.
nous non changer ami,Nous ne changeons pas mon ami.
moi changer avec ami bien,Je change avec mon ami bien.
moi non changer avec ami,Je ne change pas avec mon ami.
tu apprendre nous,Tu apprends nous.
moi apprendre bebe,J'apprends le bébé.
ami apprendre moi,Mon ami apprend.
moi donner bebe ami,Je donne le bébé à mon ami.
tu donner chat moi,Tu me donnes le chat.
nous donner bebe tu,Nous te donnons le bébé.
ami donner chat moi,Mon ami me donne le chat.
moi non donner bebe ami,Je ne donne pas le bébé à mon ami.
tu non donner chat moi,Tu ne me donnes pas le chat.
aujourd hui moi manger chat,Aujourd'hui je mange le chat.
aujourd hui moi manger ami,Aujourd'hui je mange mon ami.
aujourd hui moi manger bebe,Aujourd'hui je mange le bébé.
aujourd hui tu manger ami,Aujourd'hui tu manges mon ami.
aujourd hui nous manger chat,Aujourd'hui nous mangeons le chat.
aujourd hui tu aimer amour bien,Aujourd'hui tu aimes de l'amour bien.
aujourd hui nous aimer bebe bien,Aujourd'hui nous aimons le bébé bien.
aujourd hui tu attendre bebe bientot,Aujourd'hui tu attends le bébé bientôt.
aujourd hui tu comprendre nous,Aujourd'hui tu comprends nous.
aujourd hui moi changer bien,Aujourd'hui je change bien.
aujourd hui tu changer bientot,Aujourd'hui tu changes bientôt.
aujourd hui nous changer bien,Aujourd'hui nous changeons bien.
aujourd hui nous non manger bebe,Aujourd'hui nous ne mangeons pas le bébé.
aujourd hui moi non comprendre ami,Aujourd'hui je ne comprends pas mon ami.
aujourd hui moi non changer bien,Aujourd'hui je ne change pas bien.
comment moi manger chat,Comment je mange le chat ?
comment moi manger ami,Comment je mange mon ami ?
comment tu manger bebe,Comment tu manges le bébé ?
comment nous manger chat,Comment nous mangeons le chat ?
comment moi comprendre ami,Comment je comprends mon ami ?
comment ami comprendre moi,Comment mon ami me comprend ?
comment moi changer bientot,Comment je change bientôt ?
comment moi changer avec ami,Comment je change avec mon ami ?
comment tu changer bien,Comment tu changes bien ?
bebe aller ici,Le bébé part ici.
chat aller ici,Le chat part ici.
tu non aller ici,Tu ne pars pas ici.
moi aller avec nous ici,Je pars avec nous ici.
nous aller avec tu bien,Nous partons avec toi bien.
ami aller avec tu bien,Mon ami part avec toi bien.
chat aller avec moi bientot,Le chat part avec moi bientôt.
tu aimer aide bientot,Tu aimes de l'aide bientôt.
tu aimer bebe avec moi,Tu aimes le bébé avec moi.
moi non aimer aide bientot,Je n'aime pas d'aide bientôt.
moi attendre chat bien,J'attends le chat bien.
nous attendre bebe ici,Nous attendons le bébé ici.
ami attendre tu bientot,Mon ami t'attend bientôt.
bebe attendre moi bientot,Le bébé m'attend bientôt.
chat attendre ami bien,Le chat attend mon ami bien.
tu attendre moi avec ami,Tu m'attends avec mon ami.
nous attendre ami avec tu,Nous attendons mon ami avec toi.
moi non attendre bebe bien,Je n'attends pas le bébé bien.
tu donner aide moi bientot,Tu me donnes de l'aide bientôt.
tu donner amour bebe bien,Tu donnes de l'amour au bébé bien.
nous donner amour bebe bientot,Nous donnons de l'amour au bébé bientôt.
ami donner aide moi bien,Mon ami me donne de l'aide bien.
ami donner amour tu bientot,Mon ami te donne de l'amour bientôt.
bebe donner amour moi bien,Le bébé me donne de l'amour bien.
tu donner aide moi avec ami,Tu me donnes de l'aide avec mon ami.
nous donner amour bebe avec ami,Nous donnons de l'amour au bébé avec mon ami.
moi non donner aide ami bien,Je ne donne pas d'aide à mon ami bien.
moi non donner amour bebe bientot,Je ne donne pas d'amour au bébé bientôt.
tu non donner aide moi bien,Tu ne me donnes pas d'aide bien.
nous non donner amour ami bientot,Nous ne donnons pas d'amour à mon ami bientôt.
ami non donner aide moi bientot,Mon ami ne me donne pas d'aide bientôt.
bonjour moi aimer chat bien,Bonjour j'aime le chat bien !
bonjour moi aimer ami bien,Bonjour j'aime mon ami bien !
bonjour moi aimer amour bientot,Bonjour j'aime de l'amour bientôt !
bonjour tu aimer bebe bien,Bonjour tu aimes le bébé bien !
bonjour nous aimer ami bientot,Bonjour nous aimons mon ami bientôt !
bonjour moi attendre ami bientot,Bonjour j'attends mon ami bientôt !
bonjour moi attendre bebe bien,Bonjour j'attends le bébé bien !
bonjour tu attendre ami bien,Bonjour tu attends mon ami bien !
bonjour moi donner aide ami bien,Bonjour je donne de l'aide à mon ami bien !
bonjour tu donner amour bebe bien,Bonjour tu donnes de l'amour au bébé bien !
bonjour moi aller avec ami bientot,Bonjour je pars avec mon ami bientôt !
bonjour moi manger avec ami bien,Bonjour je mange avec mon ami bien !
bonjour tu manger avec moi bientot,Bonjour tu manges avec moi bientôt !
bonjour nous aller avec ami bientot,Bonjour nous partons avec mon ami bientôt !
merci moi aimer chat bien,Merci j'aime le chat bien !
merci moi aimer ami bien,Merci j'aime mon ami bien !
merci tu aimer bebe bien,Merci tu aimes le bébé bien !
merci moi attendre ami bientot,Merci j'attends mon ami bientôt !
merci moi aller avec ami bientot,Merci je pars avec mon ami bientôt !
merci nous apprendre avec ami bien,Merci nous apprenons avec mon ami bien !
au revoir moi aller avec tu bientot,Au revoir je pars avec toi bientôt !
au revoir ami aller avec moi bientot,Au revoir mon ami part avec moi bientôt !
moi apprendre avec tu bien,J'apprends avec toi bien.
moi apprendre avec bebe bien,J'apprends avec le bébé bien.
tu apprendre avec ami bientot,Tu apprends avec mon ami bientôt.
moi non apprendre avec ami,Je n'apprends pas avec mon ami.
tu comprendre avec moi bientot,Tu comprends avec moi bientôt.
nous comprendre avec ami bien,Nous comprenons avec mon ami bien.
ami comprendre avec moi bientot,Mon ami comprend avec moi bientôt.
moi non comprendre avec ami,Je ne comprends pas avec mon ami.
tu vouloir comprendre avec moi,Tu veux comprendre avec moi.
moi vouloir apprendre avec tu bientot,Je veux apprendre avec toi bientôt.
tu vouloir apprendre avec ami bientot,Tu veux apprendre avec mon ami bientôt.
nous vouloir apprendre avec ami bien,Nous voulons apprendre avec mon ami bien.
aujourd hui moi apprendre avec ami bien,Aujourd'hui j'apprends avec mon ami bien.
aujourd hui moi apprendre avec tu bientot,Aujourd'hui j'apprends avec toi bientôt.
aujourd hui tu apprendre avec ami bientot,Aujourd'hui tu apprends avec mon ami bientôt.
aujourd hui nous apprendre avec ami bien,Aujourd'hui nous apprenons avec mon ami bien.
aujourd hui ami apprendre avec moi bien,Aujourd'hui mon ami apprend avec moi bien.
aujourd hui tu comprendre avec moi,Aujourd'hui tu comprends avec moi.
aujourd hui moi aimer amour avec tu,Aujourd'hui j'aime de l'amour avec toi.
aujourd hui tu aimer bebe avec moi,Aujourd'hui tu aimes le bébé avec moi.
aujourd hui tu attendre moi avec ami,Aujourd'hui tu m'attends avec mon ami.
aujourd hui moi donner aide ami bien,Aujourd'hui je donne de l'aide à mon ami bien.
aujourd hui tu donner amour bebe bientot,Aujourd'hui tu donnes de l'amour au bébé bientôt.
aujourd hui nous donner aide ami bientot,Aujourd'hui nous donnons de l'aide à mon ami bientôt.
comment moi apprendre avec ami bien,Comment j'apprends avec mon ami bien ?
comment tu apprendre avec moi bientot,Comment tu apprends avec moi bientôt ?
comment nous apprendre avec ami bien,Comment nous apprenons avec mon ami bien ?
comment moi attendre ami avec tu,Comment j'attends mon ami avec toi ?
comment moi donner aide ami bien,Comment je donne de l'aide à mon ami bien ?
comment tu donner amour bebe bientot,Comment tu donnes de l'amour au bébé bientôt ?
moi non aller avec tu bien,Je ne pars pas avec toi bien.
nous non aller avec ami bientot,Nous ne partons pas avec mon ami bientôt.
ami non aller avec moi bientot,Mon ami ne part pas avec moi bientôt.
moi non apprendre avec ami bien,Je n'apprends pas avec mon ami bien.
tu non apprendre avec moi bientot,Tu n'apprends pas avec moi bientôt.
nous non apprendre avec ami bientot,Nous n'apprenons pas avec mon ami bientôt.
tu non aimer bebe avec moi,Tu n'aimes pas le bébé avec moi.
nous non aimer chat avec ami,Nous n'aimons pas le chat avec mon ami.
moi non attendre ami avec tu,Je n'attends pas mon ami avec toi.
moi non vouloir apprendre avec ami,Je ne veux pas apprendre avec mon ami.
tu non vouloir apprendre avec moi,Tu ne veux pas apprendre avec moi.
moi non vouloir manger avec ami bien,Je ne veux pas manger avec mon ami bien.
tu non vouloir aller avec nous bientot,Tu ne veux pas aller avec nous bientôt.
aujourd hui moi non aller avec ami,Aujourd'hui je ne pars pas avec mon ami.
aujourd hui tu non apprendre avec moi,Aujourd'hui tu n'apprends pas avec moi.
aujourd hui nous non aimer chat,Aujourd'hui nous n'aimons pas le chat.
moi vouloir manger avec ami bien,Je veux manger avec mon ami bien.
moi vouloir aller avec tu bien,Je veux aller avec toi bien.
tu vouloir apprendre avec ami bien,Tu veux apprendre avec mon ami bien.
nous vouloir manger avec ami bientot,Nous voulons manger avec mon ami bientôt.
nous vouloir aller avec ami bien,Nous voulons aller avec mon ami bien.
nous vouloir apprendre avec tu bientot,Nous voulons apprendre avec toi bientôt.
ami vouloir manger avec moi bien,Mon ami veut manger avec moi bien.
ami vouloir aller avec tu bientot,Mon ami veut aller avec toi bientôt.
chat vouloir manger avec moi bientot,Le chat veut manger avec moi bientôt.
moi non vouloir aller avec ami bientot,Je ne veux pas aller avec mon ami bientôt.
nous non vouloir manger avec ami,Nous ne voulons pas manger avec mon ami.
bonjour moi vouloir manger avec ami bientot,Bonjour je veux manger avec mon ami bientôt !
bonjour moi vouloir apprendre avec tu bien,Bonjour je veux apprendre avec toi bien !
bonjour tu vouloir aller avec nous bientot,Bonjour tu veux aller avec nous bientôt !
bonjour nous vouloir apprendre avec ami bien,Bonjour nous voulons apprendre avec mon ami bien !
merci moi vouloir manger avec ami bien,Merci je veux manger avec mon ami bien !
merci tu vouloir apprendre avec moi bientot,Merci tu veux apprendre avec moi bientôt !
au revoir moi vouloir aller avec ami bientot,Au revoir je veux aller avec mon ami bientôt !
au revoir tu vouloir aller avec nous bientot,Au revoir tu veux aller avec nous bientôt !
aujourd hui moi vouloir manger avec ami bien,Aujourd'hui je veux manger avec mon ami bien.
aujourd hui moi vouloir aller avec ami bientot,Aujourd'hui je veux aller avec mon ami bientôt.
aujourd hui tu vouloir apprendre avec moi bien,Aujourd'hui tu veux apprendre avec moi bien.
aujourd hui nous vouloir manger avec ami bientot,Aujourd'hui nous voulons manger avec mon ami bientôt.
comment moi vouloir manger avec ami bien,Comment je veux manger avec mon ami bien ?
comment tu vouloir aller avec nous bientot,Comment tu veux aller avec nous bientôt ?
comment nous vouloir apprendre avec ami bien,Comment nous voulons apprendre avec mon ami bien ?
bebe apprendre bientot,Le bébé apprend bientôt.
bebe vouloir bien,Le bébé veut bien.
bebe aimer bien,Le bébé aime bien.
bebe non boire bien,Le bébé ne boit pas bien.
bebe non donner amour moi,Le bébé ne me donne pas d'amour.
aujourd hui bebe manger bien,Aujourd'hui le bébé mange bien.
aujourd hui bebe apprendre bientot,Aujourd'hui le bébé apprend bientôt.
aujourd hui bebe aimer chat,Aujourd'hui le bébé aime le chat.
aujourd hui bebe aller avec ami,Aujourd'hui le bébé part avec mon ami.
chat vouloir bien,Le chat veut bien.
chat non manger bientot,Le chat ne mange pas bientôt.
chat non boire bien,Le chat ne boit pas bien.
chat non aller bientot,Le chat ne part pas bientôt.
chat non apprendre bien,Le chat n'apprend pas bien.
chat non donner amour moi,Le chat ne me donne pas d'amour.
aujourd hui chat manger bien,Aujourd'hui le chat mange bien.
aujourd hui chat apprendre bientot,Aujourd'hui le chat apprend bientôt.
aujourd hui chat aimer bebe,Aujourd'hui le chat aime le bébé.
aujourd hui chat aller avec ami,Aujourd'hui le chat part avec mon ami.
bonjour chat manger bien,Bonjour le chat mange bien !
bonjour bebe manger bien,Bonjour le bébé mange bien !
tu vouloir comprendre bien,Tu veux comprendre bien.
tu vouloir aller ici,Tu veux aller ici.
nous vouloir aller ici,Nous voulons aller ici.
nous vouloir comprendre bien,Nous voulons comprendre bien.
ami vouloir aller ici,Mon ami veut aller ici.
ami vouloir comprendre bien,Mon ami veut comprendre bien.
bebe vouloir aller bientot,Le bébé veut aller bientôt.
moi non vouloir apprendre bientot,Je ne veux pas apprendre bientôt.
tu non vouloir apprendre bien,Tu ne veux pas apprendre bien.
nous non vouloir aller bientot,Nous ne voulons pas aller bientôt.
ami non vouloir apprendre bientot,Mon ami ne veut pas apprendre bientôt.
moi manger ami avec tu,Je mange mon ami avec toi.
moi manger chat avec ami,Je mange le chat avec mon ami.
moi manger bebe avec tu,Je mange le bébé avec toi.
tu manger ami avec moi,Tu manges mon ami avec moi.
nous manger chat avec ami,Nous mangeons le chat avec mon ami.
tu aimer ami avec moi,Tu aimes mon ami avec moi.
ami aimer chat avec moi,Mon ami aime le chat avec moi.
tu attendre ami avec moi,Tu attends mon ami avec moi.
moi manger ami ici,Je mange mon ami ici.
moi manger chat bien,Je mange le chat bien.
moi manger bebe bientot,Je mange le bébé bientôt.
tu manger ami bientot,Tu manges mon ami bientôt.
nous manger chat bien,Nous mangeons le chat bien.
ami manger bebe ici,Mon ami mange le bébé ici.
moi comprendre ami bien,Je comprends mon ami bien.
nous comprendre ami bientot,Nous comprenons mon ami bientôt.
moi changer ami bientot,Je change mon ami bientôt.
tu changer moi bien,Tu changes bien.
nous changer ami bientot,Nous changeons mon ami bientôt.
moi non manger ami bientot,Je ne mange pas mon ami bientôt.
moi non manger chat bien,Je ne mange pas le chat bien.
tu non manger ami bien,Tu ne manges pas mon ami bien.
nous non manger chat bientot,Nous ne mangeons pas le chat bientôt.
moi non aimer ami avec tu,Je n'aime pas mon ami avec toi.
tu non attendre moi avec ami,Tu ne m'attends pas avec mon ami.
moi non comprendre ami bien,Je ne comprends pas mon ami bien.
tu non comprendre moi bientot,Tu ne me comprends pas bientôt.
nous non comprendre ami bientot,Nous ne comprenons pas mon ami bientôt.
moi non changer ami bientot,Je ne change pas mon ami bientôt.
tu non changer moi bien,Tu ne changes pas bien.
moi manger ami avec tu bien,Je mange mon ami avec toi bien.
moi attendre ami avec tu bientot,J'attends mon ami avec toi bientôt.
nous attendre ami avec moi bien,Nous attendons mon ami avec moi bien.
bonjour moi non boire,Bonjour je ne bois pas !
bonjour moi non aller,Bonjour je ne pars pas !
bonjour moi non apprendre,Bonjour je n'apprends pas !
bonjour moi non aimer,Bonjour je n'aime pas !
bonjour moi non vouloir,Bonjour je ne veux pas !
bonjour tu non manger,Bonjour tu ne manges pas !
bonjour tu non apprendre,Bonjour tu n'apprends pas !
bonjour nous non manger,Bonjour nous ne mangeons pas !
bonjour nous non aller,Bonjour nous ne partons pas !
bonjour nous non apprendre,Bonjour nous n'apprenons pas !
bonjour ami non manger,Bonjour mon ami ne mange pas !
bonjour ami non aller,Bonjour mon ami ne part pas !
merci moi non manger,Merci je ne mange pas !
merci moi non aller,Merci je ne pars pas !
merci moi non apprendre,Merci je n'apprends pas !
merci tu non manger,Merci tu ne manges pas !
merci nous non aller,Merci nous ne partons pas !
au revoir moi non aller,Au revoir je ne pars pas !
au revoir tu non aller,Au revoir tu ne pars pas !
au revoir nous non aller,Au revoir nous ne partons pas !
bonjour moi non aimer chat,Bonjour je n'aime pas le chat !
bonjour moi non aimer ami,Bonjour je n'aime pas mon ami !
bonjour tu non aimer bebe,Bonjour tu n'aimes pas le bébé !
merci moi non aimer chat,Merci je n'aime pas le chat !
bonjour moi non attendre ami,Bonjour je n'attends pas mon ami !
merci tu non attendre ami,Merci tu n'attends pas mon ami !
bonjour moi non vouloir manger,Bonjour je ne veux pas manger !
merci nous non vouloir apprendre,Merci nous ne voulons pas apprendre !
comment tu non aimer bebe,Comment tu n'aimes pas le bébé ?
comment nous non aimer ami,Comment nous n'aimons pas mon ami ?
comment tu non attendre moi,Comment tu ne m'attends pas ?
comment moi non vouloir manger,Comment je ne veux pas manger ?
comment moi non vouloir aller,Comment je ne veux pas aller ?
comment tu non vouloir apprendre,Comment tu ne veux pas apprendre ?
comment nous non vouloir manger,Comment nous ne voulons pas manger ?
comment moi vouloir aimer,Comment je veux aimer ?
comment tu vouloir attendre,Comment tu veux attendre ?
comment nous vouloir comprendre,Comment nous voulons comprendre ?
bonjour moi vouloir aimer,Bonjour je veux aimer !
bonjour moi vouloir attendre,Bonjour je veux attendre !
merci moi vouloir comprendre,Merci je veux comprendre !
au revoir moi vouloir changer,Au revoir je veux changer !
ami vouloir ici,Mon ami veut ici.
ami boire avec tu bientot,Mon ami boit avec toi bientôt.
ami apprendre avec tu bien,Mon ami apprend avec toi bien.
ami aimer aide bientot,Mon ami aime de l'aide bientôt.
ami donner aide bebe bien,Mon ami donne de l'aide au bébé bien.
ami non aimer amour bien,Mon ami n'aime pas d'amour bien.
ami non attendre bebe bientot,Mon ami n'attend pas le bébé bientôt.
nous bon,Nous bien.
bebe bon,Le bébé bien.
chat bon,Le chat bien.
nous non bon,Nous bien.
ami non bon,Mon ami bien.
comment moi bon,Moi bien.
comment tu bon,Toi bien.
bonjour moi bon,Bonjour moi bien !
bonjour tu bon,Bonjour toi bien !
merci moi bon,Merci moi bien !
au revoir moi bon,Au revoir moi bien !
aujourd hui moi bon,Aujourd'hui moi bien.
aujourd hui tu bon,Aujourd'hui toi bien.
aujourd hui nous bon,Aujourd'hui nous bien.
aujourd hui ami bon,Aujourd'hui mon ami bien.
moi manger bon,Je mange bien.
tu manger bon,Tu manges bien.
nous manger bon,Nous mangeons bien.
ami manger bon,Mon ami mange bien.
moi boire bon,Je bois bien.
tu boire bon,Tu bois bien.
moi apprendre bon,J'apprends bien.
tu apprendre bon,Tu apprends bien.
moi aller bon,Je pars bien.
tu aller bon,Tu pars bien.
nous aller bon,Nous partons bien.
moi boire avec tu aujourd hui,Aujourd'hui je bois avec toi.
moi aller avec ami aujourd hui,Aujourd'hui je pars avec mon ami.
moi apprendre avec tu aujourd hui,Aujourd'hui j'apprends avec toi.
tu manger avec moi aujourd hui,Aujourd'hui tu manges avec moi.
tu aller avec nous aujourd hui,Aujourd'hui tu pars avec nous.
nous manger avec ami aujourd hui,Aujourd'hui nous mangeons avec mon ami.
nous apprendre avec tu aujourd hui,Aujourd'hui nous apprenons avec toi.
ami manger avec moi aujourd hui,Aujourd'hui mon ami mange avec moi.
moi manger ami aujourd hui,Aujourd'hui je mange mon ami.
tu aimer bebe aujourd hui,Aujourd'hui tu aimes le bébé.
nous aimer ami aujourd hui,Aujourd'hui nous aimons mon ami.
tu donner amour bebe aujourd hui,Aujourd'hui tu donnes de l'amour au bébé.
moi non manger aujourd hui,Aujourd'hui je ne mange pas.
moi non boire aujourd hui,Aujourd'hui je ne bois pas.
moi non aller aujourd hui,Aujourd'hui je ne pars pas.
moi non apprendre aujourd hui,Aujourd'hui je n'apprends pas.
tu non manger aujourd hui,Aujourd'hui tu ne manges pas.
nous non manger aujourd hui,Aujourd'hui nous ne mangeons pas.
ami non manger aujourd hui,Aujourd'hui mon ami ne mange pas.
moi non aimer chat aujourd hui,Aujourd'hui je n'aime pas le chat.
tu non attendre ami aujourd hui,Aujourd'hui tu n'attends pas mon ami.
moi non manger avec ami aujourd hui,Aujourd'hui je ne mange pas avec mon ami.
tu aimer amour avec moi,Tu aimes de l'amour avec moi.
nous aimer amour avec ami,Nous aimons de l'amour avec mon ami.
ami aimer amour avec moi,Mon ami aime de l'amour avec moi.
moi aimer chat avec bebe,J'aime le chat avec le bébé.
tu aimer chat avec bebe,Tu aimes le chat avec le bébé.
moi aimer bebe avec chat,J'aime le bébé avec le chat.
tu aimer amour ici,Tu aimes de l'amour ici.
nous aimer ami ici,Nous aimons mon ami ici.
ami aimer moi bientot,Mon ami m'aime bientôt.
ami aimer tu ici,Mon ami t'aime ici.
bebe aimer moi bientot,Le bébé m'aime bientôt.
chat aimer moi ici,Le chat m'aime ici.
moi non aimer amour avec ami,Je n'aime pas d'amour avec mon ami.
tu non aimer amour ici,Tu n'aimes pas d'amour ici.
moi vouloir boire avec tu bientot,Je veux boire avec toi bientôt.
tu vouloir apprendre avec moi bientot,Tu veux apprendre avec moi bientôt.
tu vouloir aller avec ami bien,Tu veux aller avec mon ami bien.
tu vouloir manger avec moi ici,Tu veux manger avec moi ici.
nous vouloir manger avec tu ici,Nous voulons manger avec toi ici.
ami vouloir apprendre avec moi bien,Mon ami veut apprendre avec moi bien.
bebe vouloir manger avec ami bientot,Le bébé veut manger avec mon ami bientôt.
chat vouloir manger avec moi bien,Le chat veut manger avec moi bien.
moi non vouloir aller avec tu,Je ne veux pas aller avec toi.
tu non vouloir manger avec moi,Tu ne veux pas manger avec moi.
aujourd hui moi vouloir apprendre avec ami bien,Aujourd'hui je veux apprendre avec mon ami bien.
aujourd hui tu vouloir aller avec nous bientot,Aujourd'hui tu veux aller avec nous bientôt.
aujourd hui nous vouloir manger avec ami ici,Aujourd'hui nous voulons manger avec mon ami ici.
bonjour moi apprendre avec ami bien,Bonjour j'apprends avec mon ami bien !
bonjour moi aimer ami bientot,Bonjour j'aime mon ami bientôt !
bonjour tu apprendre avec moi bientot,Bonjour tu apprends avec moi bientôt !
bonjour nous apprendre avec ami bien,Bonjour nous apprenons avec mon ami bien !
bonjour ami manger avec moi bientot,Bonjour mon ami mange avec moi bientôt !
merci moi apprendre avec ami bien,Merci j'apprends avec mon ami bien !
merci moi aimer chat bientot,Merci j'aime le chat bientôt !
merci moi attendre ami bien,Merci j'attends mon ami bien !
merci tu apprendre avec moi bientot,Merci tu apprends avec moi bientôt !
merci nous aller avec ami bientot,Merci nous partons avec mon ami bientôt !
au revoir moi apprendre avec ami bien,Au revoir j'apprends avec mon ami bien !
au revoir tu aller avec moi bientot,Au revoir tu pars avec moi bientôt !
au revoir ami aller avec moi bien,Au revoir mon ami part avec moi bien !
aujourd hui moi non boire avec tu,Aujourd'hui je ne bois pas avec toi.
aujourd hui tu non manger avec moi,Aujourd'hui tu ne manges pas avec moi.
aujourd hui moi non aimer chat bien,Aujourd'hui je n'aime pas le chat bien.
aujourd hui tu non aimer bebe bientot,Aujourd'hui tu n'aimes pas le bébé bientôt.
aujourd hui moi non donner aide ami,Aujourd'hui je ne donne pas d'aide à mon ami.
aujourd hui tu non donner amour bebe,Aujourd'hui tu ne donnes pas d'amour au bébé.
aujourd hui moi non vouloir apprendre avec ami,Aujourd'hui je ne veux pas apprendre avec mon ami.
comment moi non aimer chat bientot,Comment je n'aime pas le chat bientôt ?
comment tu non attendre ami bien,Comment tu n'attends pas mon ami bien ?
comment moi non vouloir apprendre avec ami,Comment je ne veux pas apprendre avec mon ami ?
bonjour moi non manger avec ami,Bonjour je ne mange pas avec mon ami !
bonjour tu non aller avec nous,Bonjour tu ne pars pas avec nous !
merci tu non apprendre avec moi,Merci tu n'apprends pas avec moi !
tu comprendre ici,Tu comprends ici.
tu changer ici,Tu changes ici.
ami changer ici,Mon ami change ici.
tu donner ici,Tu donnes ici.
ami donner ici,Mon ami donne ici.
bebe attendre ici,Le bébé attend ici.
tu vouloir aimer bientot,Tu veux aimer bientôt.
tu vouloir comprendre ici,Tu veux comprendre ici.
nous vouloir aimer bientot,Nous voulons aimer bientôt.
nous vouloir comprendre ici,Nous voulons comprendre ici.
ami vouloir aimer bientot,Mon ami veut aimer bientôt.
ami vouloir comprendre ici,Mon ami veut comprendre ici.
moi aimer aide avec tu bien,J'aime de l'aide avec toi bien.
moi aimer aide avec ami bientot,J'aime de l'aide avec mon ami bientôt.
moi aimer amour avec ami bien,J'aime de l'amour avec mon ami bien.
tu aimer aide avec ami bientot,Tu aimes de l'aide avec mon ami bientôt.
nous aimer aide avec ami bien,Nous aimons de l'aide avec mon ami bien.
moi attendre bebe avec ami bien,J'attends le bébé avec mon ami bien.
tu attendre moi avec ami bientot,Tu m'attends avec mon ami bientôt.
nous attendre ami avec tu bien,Nous attendons mon ami avec toi bien.
ami attendre moi avec tu bientot,Mon ami m'attend avec toi bientôt.
moi donner aide ami avec tu bien,Je donne de l'aide à mon ami avec toi bien.
moi donner amour bebe avec tu bientot,Je donne de l'amour au bébé avec toi bientôt.
tu donner aide moi avec ami bien,Tu me donnes de l'aide avec mon ami bien.
nous donner amour ami avec tu bientot,Nous donnons de l'amour à mon ami avec toi bientôt.
moi comprendre ami avec tu,Je comprends mon ami avec toi.
moi comprendre ami ici,Je comprends mon ami ici.
tu comprendre moi avec ami,Tu me comprends avec mon ami.
nous comprendre ami avec tu,Nous comprenons mon ami avec toi.
moi changer ami avec tu bientot,Je change mon ami avec toi bientôt.
tu changer moi avec ami bien,Tu changes avec mon ami bien.
moi manger ami avec bebe bien,Je mange mon ami avec le bébé bien.
moi manger chat avec ami bientot,Je mange le chat avec mon ami bientôt.
tu manger bebe avec moi ici,Tu manges le bébé avec moi ici.
aujourd hui moi aimer aide avec ami,Aujourd'hui j'aime de l'aide avec mon ami.
aujourd hui moi donner aide ami avec tu,Aujourd'hui je donne de l'aide à mon ami avec toi.
aujourd hui moi donner amour bebe avec ami,Aujourd'hui je donne de l'amour au bébé avec mon ami.
aujourd hui nous donner amour ami avec tu,Aujourd'hui nous donnons de l'amour à mon ami avec toi.
aujourd hui moi comprendre ami ici,Aujourd'hui je comprends mon ami ici.
aujourd hui moi changer avec ami bientot,Aujourd'hui je change avec mon ami bientôt.
comment moi aimer aide avec ami,Comment j'aime de l'aide avec mon ami ?
comment moi donner aide ami avec tu,Comment je donne de l'aide à mon ami avec toi ?
comment tu donner amour bebe bien,Comment tu donnes de l'amour au bébé bien ?
comment nous donner amour ami avec tu,Comment nous donnons de l'amour à mon ami avec toi ?
comment moi comprendre ami ici,Comment je comprends mon ami ici ?
bonjour moi donner aide ami avec tu bien,Bonjour je donne de l'aide à mon ami avec toi bien !
bonjour moi attendre ami avec tu bientot,Bonjour j'attends mon ami avec toi bientôt !
merci moi donner amour bebe avec ami bien,Merci je donne de l'amour au bébé avec mon ami bien !
au revoir moi donner aide ami avec tu bientot,Au revoir je donne de l'aide à mon ami avec toi bientôt !
moi non aimer aide avec ami,Je n'aime pas d'aide avec mon ami.
moi non aimer amour avec tu,Je n'aime pas d'amour avec toi.
tu non aimer aide avec moi,Tu n'aimes pas d'aide avec moi.
moi non attendre ami avec tu bientot,Je n'attends pas mon ami avec toi bientôt.
tu non attendre moi avec ami bien,Tu ne m'attends pas avec mon ami bien.
moi non comprendre ami ici,Je ne comprends pas mon ami ici.
tu non comprendre moi avec ami,Tu ne me comprends pas avec mon ami.
moi non changer avec ami bientot,Je ne change pas avec mon ami bientôt.
moi non donner aide ami avec tu,Je ne donne pas d'aide à mon ami avec toi.
tu non donner amour bebe avec ami,Tu ne donnes pas d'amour au bébé avec mon ami.
nous non donner amour ami avec tu,Nous ne donnons pas d'amour à mon ami avec toi.
aujourd hui moi non aimer aide avec ami,Aujourd'hui je n'aime pas d'aide avec mon ami.
aujourd hui tu non attendre ami avec moi,Aujourd'hui tu n'attends pas mon ami avec moi.
aujourd hui moi non donner aide ami avec tu,Aujourd'hui je ne donne pas d'aide à mon ami avec toi.
comment moi non aimer aide avec ami,Comment je n'aime pas d'aide avec mon ami ?
comment tu non attendre moi avec ami,Comment tu ne m'attends pas avec mon ami ?
bonjour moi non attendre ami avec tu,Bonjour je n'attends pas mon ami avec toi !
merci moi non donner aide ami avec tu,Merci je ne donne pas d'aide à mon ami avec toi !
moi vouloir apprendre avec ami ici,Je veux apprendre avec mon ami ici.
moi vouloir changer avec ami bientot,Je veux changer avec mon ami bientôt.
moi vouloir attendre avec ami bientot,Je veux attendre avec mon ami bientôt.
tu vouloir comprendre avec moi bientot,Tu veux comprendre avec moi bientôt.
ami vouloir comprendre avec moi bien,Mon ami veut comprendre avec moi bien.
ami vouloir changer avec tu bientot,Mon ami veut changer avec toi bientôt.
moi vouloir apprendre avec ami ici bientot,Je veux apprendre avec mon ami ici bientôt.
moi non vouloir comprendre avec ami,Je ne veux pas comprendre avec mon ami.
nous non vouloir comprendre avec ami,Nous ne voulons pas comprendre avec mon ami.
aujourd hui moi vouloir comprendre avec ami,Aujourd'hui je veux comprendre avec mon ami.
aujourd hui tu vouloir changer avec nous,Aujourd'hui tu veux changer avec nous.
comment moi vouloir comprendre avec ami,Comment je veux comprendre avec mon ami ?
comment tu vouloir changer avec moi,Comment tu veux changer avec moi ?
moi boire avec tu ici,Je bois avec toi ici.
tu boire avec ami ici,Tu bois avec mon ami ici.
nous boire avec ami bientot,Nous buvons avec mon ami bientôt.
nous boire avec tu ici,Nous buvons avec toi ici.
ami boire avec moi bientot,Mon ami boit avec moi bientôt.
ami boire avec tu ici,Mon ami boit avec toi ici.
moi non boire avec ami bientot,Je ne bois pas avec mon ami bientôt.
tu non boire avec moi ici,Tu ne bois pas avec moi ici.
tu boire avec nous bien,Tu bois avec nous bien.
nous boire avec ami bien,Nous buvons avec mon ami bien.
aujourd hui tu boire avec nous,Aujourd'hui tu bois avec nous.
comment moi boire avec ami,Comment je bois avec mon ami ?
bonjour moi boire avec ami bientot,Bonjour je bois avec mon ami bientôt !
merci moi boire avec tu bientot,Merci je bois avec toi bientôt !
moi aller avec bebe bientot,Je pars avec le bébé bientôt.
moi aller avec chat ici,Je pars avec le chat ici.
moi apprendre avec chat bientot,J'apprends avec le chat bientôt.
tu manger avec chat ici,Tu manges avec le chat ici.
tu aller avec bebe bien,Tu pars avec le bébé bien.
tu apprendre avec bebe ici,Tu apprends avec le bébé ici.
nous apprendre avec bebe ici,Nous apprenons avec le bébé ici.
ami aller avec bebe bien,Mon ami part avec le bébé bien.
ami apprendre avec chat ici,Mon ami apprend avec le chat ici.
moi non manger avec bebe bientot,Je ne mange pas avec le bébé bientôt.
moi non aller avec chat ici,Je ne pars pas avec le chat ici.
tu non apprendre avec bebe bien,Tu n'apprends pas avec le bébé bien.
aujourd hui moi manger avec bebe,Aujourd'hui je mange avec le bébé.
comment moi manger avec bebe,Comment je mange avec le bébé ?
bonjour moi manger avec bebe bientot,Bonjour je mange avec le bébé bientôt !
bebe apprendre avec moi bien,Le bébé apprend avec moi bien.
bebe vouloir boire avec moi bien,Le bébé veut boire avec moi bien.
bebe vouloir aller avec ami bientot,Le bébé veut aller avec mon ami bientôt.
bebe vouloir apprendre avec moi bien,Le bébé veut apprendre avec moi bien.
bebe non manger avec ami,Le bébé ne mange pas avec mon ami.
bebe non aller avec moi,Le bébé ne part pas avec moi.
bebe non vouloir manger avec ami,Le bébé ne veut pas manger avec mon ami.
chat apprendre avec moi bien,Le chat apprend avec moi bien.
chat apprendre avec ami bientot,Le chat apprend avec mon ami bientôt.
chat vouloir manger avec ami bientot,Le chat veut manger avec mon ami bientôt.
chat vouloir boire avec moi bien,Le chat veut boire avec moi bien.
chat vouloir apprendre avec moi bien,Le chat veut apprendre avec moi bien.
chat non manger avec ami,Le chat ne mange pas avec mon ami.
chat non aller avec moi,Le chat ne part pas avec moi.
aujourd hui bebe apprendre avec moi,Aujourd'hui le bébé apprend avec moi.
aujourd hui bebe vouloir manger avec ami,Aujourd'hui le bébé veut manger avec mon ami.
aujourd hui bebe non manger avec ami,Aujourd'hui le bébé ne mange pas avec mon ami.
aujourd hui chat apprendre avec moi,Aujourd'hui le chat apprend avec moi.
aujourd hui chat vouloir manger avec ami,Aujourd'hui le chat veut manger avec mon ami.
aujourd hui chat non aller avec moi,Aujourd'hui le chat ne part pas avec moi.
comment bebe apprendre avec moi,Comment le bébé apprend avec moi ?
comment chat apprendre avec moi,Comment le chat apprend avec moi ?
comment chat vouloir manger avec ami,Comment le chat veut manger avec mon ami ?
bonjour bebe apprendre avec moi bien,Bonjour le bébé apprend avec moi bien !
bonjour bebe vouloir manger avec ami bientot,Bonjour le bébé veut manger avec mon ami bientôt !
bonjour chat apprendre avec moi bientot,Bonjour le chat apprend avec moi bientôt !
merci bebe apprendre avec ami bien,Merci le bébé apprend avec mon ami bien !
merci chat vouloir aller avec ami bientot,Merci le chat veut aller avec mon ami bientôt !
moi apprendre chat,J'apprends le chat.
moi comprendre chat,Je comprends le chat.
tu apprendre bebe,Tu apprends le bébé.
tu comprendre chat,Tu comprends le chat.
nous apprendre bebe,Nous apprenons le bébé.
nous comprendre bebe,Nous comprenons le bébé.
moi changer chat,Je change le chat.
tu changer bebe,Tu changes le bébé.
nous changer bebe,Nous changeons le bébé.
ami changer bebe,Mon ami change le bébé.
moi non apprendre bebe,Je n'apprends pas le bébé.
moi non comprendre chat,Je ne comprends pas le chat.
tu non changer bebe,Tu ne changes pas le bébé.
tu attendre bebe bientot,Tu attends le bébé bientôt.
nous non attendre chat,Nous n'attendons pas le chat.
aujourd hui moi apprendre bebe,Aujourd'hui j'apprends le bébé.
aujourd hui moi comprendre chat,Aujourd'hui je comprends le chat.
aujourd hui tu attendre bebe,Aujourd'hui tu attends le bébé.
aujourd hui nous attendre chat,Aujourd'hui nous attendons le chat.
aujourd hui moi non attendre chat,Aujourd'hui je n'attends pas le chat.
comment tu apprendre bebe,Comment tu apprends le bébé ?
comment nous comprendre bebe,Comment nous comprenons le bébé ?
bonjour moi attendre bebe bientot,Bonjour j'attends le bébé bientôt !
bonjour moi attendre chat bien,Bonjour j'attends le chat bien !
merci moi apprendre bebe bien,Merci j'apprends le bébé bien !
moi donner aide chat bien,Je donne de l'aide au chat bien.
tu donner aide bebe bientot,Tu donnes de l'aide au bébé bientôt.
nous donner amour chat bientot,Nous donnons de l'amour au chat bientôt.
ami donner aide bebe bientot,Mon ami donne de l'aide au bébé bientôt.
moi non donner aide bebe bientot,Je ne donne pas d'aide au bébé bientôt.
tu non donner amour chat bien,Tu ne donnes pas d'amour au chat bien.
aujourd hui tu donner amour chat,Aujourd'hui tu donnes de l'amour au chat.
bonjour moi donner aide bebe bientot,Bonjour je donne de l'aide au bébé bientôt !
moi comprendre bon,Je comprends bien.
moi aimer bon,J'aime bien.
moi vouloir bon,Je veux bien.
moi attendre bon,J'attends bien.
tu aimer bon,Tu aimes bien.
tu vouloir bon,Tu veux bien.
nous apprendre bon,Nous apprenons bien.
nous aimer bon,Nous aimons bien.
ami aller bon,Mon ami part bien.
ami apprendre bon,Mon ami apprend bien.
ami aimer bon,Mon ami aime bien.
bebe manger bon,Le bébé mange bien.
bebe boire bon,Le bébé boit bien.
chat manger bon,Le chat mange bien.
chat boire bon,Le chat boit bien.
aujourd hui moi manger bon,Aujourd'hui je mange bien.
aujourd hui moi aller bon,Aujourd'hui je pars bien.
aujourd hui tu manger bon,Aujourd'hui tu manges bien.
comment moi manger bon,Comment je mange bien ?
bonjour moi manger bon,Bonjour je mange bien !
merci moi apprendre bon,Merci j'apprends bien !
moi manger avec ami bon,Je mange avec mon ami bien.
moi boire avec tu bon,Je bois avec toi bien.
moi aller avec ami bon,Je pars avec mon ami bien.
moi apprendre avec tu bon,J'apprends avec toi bien.
tu manger avec moi bon,Tu manges avec moi bien.
nous aller avec ami bon,Nous partons avec mon ami bien.
ami manger avec moi bon,Mon ami mange avec moi bien.
moi aimer ami bon,J'aime mon ami bien.
moi aimer chat bon,J'aime le chat bien.
tu aimer bebe bon,Tu aimes le bébé bien.
moi attendre ami bon,J'attends mon ami bien.
moi donner aide ami bon,Je donne de l'aide à mon ami bien.
tu donner amour bebe bon,Tu donnes de l'amour au bébé bien.
moi manger avec ami bientot bon,Je mange avec mon ami bientôt bien.
moi non manger bon,Je ne mange pas bien.
tu non aller bon,Tu ne pars pas bien.
nous non apprendre bon,Nous n'apprenons pas bien.
ami non manger bon,Mon ami ne mange pas bien.
moi non aimer bon,Je n'aime pas bien.
moi vouloir manger bon,Je veux manger bien.
tu vouloir aller bon,Tu veux aller bien.
nous vouloir apprendre bon,Nous voulons apprendre bien.
ami vouloir manger bon,Mon ami veut manger bien.
aujourd hui moi manger avec ami bon,Aujourd'hui je mange avec mon ami bien.
bonjour moi manger avec ami bon,Bonjour je mange avec mon ami bien !
tu manger aujourd hui,Aujourd'hui tu manges.
tu boire aujourd hui,Aujourd'hui tu bois.
tu aller aujourd hui,Aujourd'hui tu pars.
tu apprendre aujourd hui,Aujourd'hui tu apprends.
tu vouloir aujourd hui,Aujourd'hui tu veux.
tu aimer aujourd hui,Aujourd'hui tu aimes.
ami manger aujourd hui,Aujourd'hui mon ami mange.
ami boire aujourd hui,Aujourd'hui mon ami boit.
ami aller aujourd hui,Aujourd'hui mon ami part.
ami apprendre aujourd hui,Aujourd'hui mon ami apprend.
ami vouloir aujourd hui,Aujourd'hui mon ami veut.
bebe manger aujourd hui,Aujourd'hui le bébé mange.
bebe boire aujourd hui,Aujourd'hui le bébé boit.
bebe aller aujourd hui,Aujourd'hui le bébé part.
chat manger aujourd hui,Aujourd'hui le chat mange.
chat boire aujourd hui,Aujourd'hui le chat boit.
chat aller aujourd hui,Aujourd'hui le chat part.
moi manger avec ami aujourd hui bien,Aujourd'hui je mange avec mon ami bien.
moi boire avec tu aujourd hui bientot,Aujourd'hui je bois avec toi bientôt.
moi aller avec ami aujourd hui bientot,Aujourd'hui je pars avec mon ami bientôt.
moi apprendre avec tu aujourd hui bien,Aujourd'hui j'apprends avec toi bien.
tu manger avec moi aujourd hui bien,Aujourd'hui tu manges avec moi bien.
nous aller avec ami aujourd hui bientot,Aujourd'hui nous partons avec mon ami bientôt.
moi aimer chat aujourd hui bien,Aujourd'hui j'aime le chat bien.
moi aimer ami aujourd hui bientot,Aujourd'hui j'aime mon ami bientôt.
moi attendre ami aujourd hui bientot,Aujourd'hui j'attends mon ami bientôt.
moi donner aide ami aujourd hui bientot,Aujourd'hui je donne de l'aide à mon ami bientôt.
moi vouloir apprendre avec ami aujourd hui bien,Aujourd'hui je veux apprendre avec mon ami bien.
tu vouloir manger avec moi aujourd hui bientot,Aujourd'hui tu veux manger avec moi bientôt.
moi changer moi,Je change.
ami changer ami,Mon ami change.
moi donner amour moi,Je donne de l'amour.
tu attendre tu,Tu attends.
nous aimer aide bien,Nous aimons de l'aide bien.
bebe aimer aide bien,Le bébé aime de l'aide bien.
chat aimer aide bientot,Le chat aime de l'aide bientôt.
moi non aimer aide bien,Je n'aime pas d'aide bien.
tu non aimer aide bientot,Tu n'aimes pas d'aide bientôt.
moi aimer aide avec ami bien,J'aime de l'aide avec mon ami bien.
moi aimer aide avec tu bientot,J'aime de l'aide avec toi bientôt.
tu aimer aide avec moi bien,Tu aimes de l'aide avec moi bien.
nous aimer amour ici,Nous aimons de l'amour ici.
ami aimer amour ici,Mon ami aime de l'amour ici.
bebe aimer amour ici,Le bébé aime de l'amour ici.
chat aimer amour ici,Le chat aime de l'amour ici.
moi aimer amour avec ami ici,J'aime de l'amour avec mon ami ici.
moi aimer amour avec tu bientot,J'aime de l'amour avec toi bientôt.
tu aimer amour avec moi bien,Tu aimes de l'amour avec moi bien.
nous aimer amour avec ami bientot,Nous aimons de l'amour avec mon ami bientôt.
moi non aimer amour ici,Je n'aime pas d'amour ici.
tu non aimer amour bientot,Tu n'aimes pas d'amour bientôt.
nous non aimer amour ici,Nous n'aimons pas d'amour ici.
moi donner aide bebe avec ami bientot,Je donne de l'aide au bébé avec mon ami bientôt.
moi donner aide chat avec tu bien,Je donne de l'aide au chat avec toi bien.
tu donner amour bebe avec moi bientot,Tu donnes de l'amour au bébé avec moi bientôt.
nous donner aide ami avec tu bien,Nous donnons de l'aide à mon ami avec toi bien.
ami donner amour bebe avec moi bientot,Mon ami donne de l'amour au bébé avec moi bientôt.
moi non donner aide bebe avec ami,Je ne donne pas d'aide au bébé avec mon ami.
tu non donner amour chat avec moi,Tu ne donnes pas d'amour au chat avec moi.
aujourd hui moi donner aide bebe avec ami,Aujourd'hui je donne de l'aide au bébé avec mon ami.
bonjour moi aimer amour avec ami bientot,Bonjour j'aime de l'amour avec mon ami bientôt !
moi vouloir manger bebe,Je veux le bébé.
moi vouloir manger chat,Je veux le chat.
moi vouloir manger ami,Je veux mon ami.
nous vouloir aide bientot,Nous voulons de l'aide bientôt.
bebe non vouloir aide,Le bébé ne veut pas d'aide.
aujourd hui moi vouloir aide bientot,Aujourd'hui je veux de l'aide bientôt.
aujourd hui nous vouloir aide,Aujourd'hui nous voulons de l'aide.
comment tu vouloir amour,Comment tu veux de l'amour ?
bonjour moi vouloir aide bientot,Bonjour je veux de l'aide bientôt !
tu vouloir aide avec moi,Tu veux de l'aide avec moi.
tu non vouloir amour avec moi,Tu ne veux pas d'amour avec moi.
comment moi vouloir aide avec ami,Comment je veux de l'aide avec mon ami ?
bonjour moi vouloir aide avec ami bientot,Bonjour je veux de l'aide avec mon ami bientôt !
moi non manger bebe bientot,Je ne mange pas le bébé bientôt.
moi non manger ami ici,Je ne mange pas mon ami ici.
tu non manger bebe bientot,Tu ne manges pas le bébé bientôt.
nous non manger chat bien,Nous ne mangeons pas le chat bien.
ami non manger bebe bientot,Mon ami ne mange pas le bébé bientôt.
moi non comprendre ami bientot,Je ne comprends pas mon ami bientôt.
moi non comprendre bebe bien,Je ne comprends pas le bébé bien.
moi non changer ami bien,Je ne change pas mon ami bien.
moi non changer bebe bientot,Je ne change pas le bébé bientôt.
tu non changer moi bientot,Tu ne changes pas bientôt.
moi non attendre chat bien,Je n'attends pas le chat bien.
tu non attendre bebe bientot,Tu n'attends pas le bébé bientôt.
nous non attendre chat ici,Nous n'attendons pas le chat ici.
ami non attendre bebe bien,Mon ami n'attend pas le bébé bien.
moi non aimer aide avec ami bientot,Je n'aime pas d'aide avec mon ami bientôt.
tu non aimer amour avec moi bien,Tu n'aimes pas d'amour avec moi bien.
moi non donner aide chat avec ami,Je ne donne pas d'aide au chat avec mon ami.
moi apprendre avec ami aujourd hui bientot,Aujourd'hui j'apprends avec mon ami bientôt.
moi aimer ami aujourd hui bien,Aujourd'hui j'aime mon ami bien.
moi donner aide ami aujourd hui bien,Aujourd'hui je donne de l'aide à mon ami bien.
tu apprendre avec moi aujourd hui bien,Aujourd'hui tu apprends avec moi bien.
moi vouloir manger avec tu aujourd hui bientot,Aujourd'hui je veux manger avec toi bientôt.
tu vouloir aller avec nous aujourd hui bientot,Aujourd'hui tu veux aller avec nous bientôt.
tu non apprendre avec moi aujourd hui,Aujourd'hui tu n'apprends pas avec moi.
moi non aimer chat aujourd hui bien,Aujourd'hui je n'aime pas le chat bien.
moi non attendre ami aujourd hui,Aujourd'hui je n'attends pas mon ami.
bonjour moi non aller avec ami,Bonjour je ne pars pas avec mon ami !
bonjour moi non aimer chat bien,Bonjour je n'aime pas le chat bien !
bonjour moi non attendre ami bientot,Bonjour je n'attends pas mon ami bientôt !
bonjour tu non manger avec moi,Bonjour tu ne manges pas avec moi !
bonjour nous non apprendre avec ami,Bonjour nous n'apprenons pas avec mon ami !
merci moi non aller avec ami,Merci je ne pars pas avec mon ami !
au revoir moi non aller avec ami,Au revoir je ne pars pas avec mon ami !
au revoir tu non aller avec nous,Au revoir tu ne pars pas avec nous !
bonjour moi non vouloir manger avec ami,Bonjour je ne veux pas manger avec mon ami !
merci moi non vouloir aller bientot,Merci je ne veux pas aller bientôt !
comment moi non manger avec ami bientot,Comment je ne mange pas avec mon ami bientôt ?
comment tu non apprendre avec moi bien,Comment tu n'apprends pas avec moi bien ?
comment nous non aller avec ami,Comment nous ne partons pas avec mon ami ?
comment bebe non manger avec moi,Comment le bébé ne mange pas avec moi ?
comment chat non aller avec ami,Comment le chat ne part pas avec mon ami ?
moi manger bientot aujourd hui,Aujourd'hui je mange bientôt.
moi boire bientot aujourd hui,Aujourd'hui je bois bientôt.
moi aller bientot aujourd hui,Aujourd'hui je pars bientôt.
moi apprendre bientot aujourd hui,Aujourd'hui j'apprends bientôt.
tu manger bientot aujourd hui,Aujourd'hui tu manges bientôt.
nous aller bientot aujourd hui,Aujourd'hui nous partons bientôt.
moi manger bien aujourd hui,Aujourd'hui je mange bien.
tu apprendre bien aujourd hui,Aujourd'hui tu apprends bien.
nous boire bien aujourd hui,Aujourd'hui nous buvons bien.
moi non manger bientot aujourd hui,Aujourd'hui je ne mange pas bientôt.
tu non aller bientot aujourd hui,Aujourd'hui tu ne pars pas bientôt.
moi manger avec ami bientot aujourd hui,Aujourd'hui je mange avec mon ami bientôt.
tu apprendre avec moi bien aujourd hui,Aujourd'hui tu apprends avec moi bien.
moi aimer ami bientot aujourd hui,Aujourd'hui j'aime mon ami bientôt.
moi attendre ami bientot aujourd hui,Aujourd'hui j'attends mon ami bientôt.
moi vouloir manger bientot aujourd hui,Aujourd'hui je veux manger bientôt.
tu vouloir apprendre bien aujourd hui,Aujourd'hui tu veux apprendre bien.
tu non manger chat,Tu ne manges pas le chat.
nous non manger ami,Nous ne mangeons pas mon ami.
ami non manger chat,Mon ami ne mange pas le chat.
moi non comprendre bebe,Je ne comprends pas le bébé.
nous non comprendre bebe,Nous ne comprenons pas le bébé.
moi non changer bebe,Je ne change pas le bébé.
moi non changer chat,Je ne change pas le chat.
moi manger bebe avec chat,Je mange le bébé avec le chat.
tu aimer bebe avec chat,Tu aimes le bébé avec le chat.
nous aimer bebe avec chat,Nous aimons le bébé avec le chat.
moi attendre bebe avec chat,J'attends le bébé avec le chat.
moi attendre chat avec bebe,J'attends le chat avec le bébé.
tu attendre bebe avec chat,Tu attends le bébé avec le chat.
moi non aimer bebe avec chat,Je n'aime pas le bébé avec le chat.
moi non attendre bebe avec chat,Je n'attends pas le bébé avec le chat.
aujourd hui moi aimer bebe avec chat,Aujourd'hui j'aime le bébé avec le chat.
comment moi aimer bebe avec chat,Comment j'aime le bébé avec le chat ?
bonjour moi aimer bebe avec chat,Bonjour j'aime le bébé avec le chat !
moi aimer bebe avec chat bientot,J'aime le bébé avec le chat bientôt.
moi aimer bebe avec chat bien,J'aime le bébé avec le chat bien.
moi attendre bebe avec chat bientot,J'attends le bébé avec le chat bientôt.
moi comprendre bebe bientot,Je comprends le bébé bientôt.
moi comprendre chat ici,Je comprends le chat ici.
tu comprendre bebe bientot,Tu comprends le bébé bientôt.
nous comprendre bebe ici,Nous comprenons le bébé ici.
ami comprendre bebe bientot,Mon ami comprend le bébé bientôt.
moi changer bebe bientot,Je change le bébé bientôt.
moi changer chat bien,Je change le chat bien.
tu changer bebe bien,Tu changes le bébé bien.
nous changer bebe bientot,Nous changeons le bébé bientôt.
ami changer bebe bien,Mon ami change le bébé bien.
moi comprendre bebe avec ami,Je comprends le bébé avec mon ami.
moi comprendre chat avec tu,Je comprends le chat avec toi.
moi changer bebe avec ami,Je change le bébé avec mon ami.
tu changer bebe avec moi,Tu changes le bébé avec moi.
moi non comprendre bebe bientot,Je ne comprends pas le bébé bientôt.
moi non changer bebe bien,Je ne change pas le bébé bien.
aujourd hui moi comprendre bebe,Aujourd'hui je comprends le bébé.
aujourd hui moi changer bebe,Aujourd'hui je change le bébé.
comment moi comprendre bebe,Comment je comprends le bébé ?
comment moi changer bebe,Comment je change le bébé ?
bonjour moi comprendre bebe bientot,Bonjour je comprends le bébé bientôt !
bonjour moi aujourd hui apprendre avec ami,Aujourd'hui j'apprends avec mon ami !
bonjour moi aujourd hui aimer chat,Aujourd'hui j'aime le chat !
bonjour moi aujourd hui vouloir manger,Aujourd'hui je veux manger !
bonjour moi aujourd hui aller avec ami bientot,Aujourd'hui je pars avec mon ami bientôt !
merci moi aujourd hui apprendre bien,Aujourd'hui j'apprends bien !
merci tu aujourd hui vouloir apprendre avec moi,Aujourd'hui tu veux apprendre avec moi !
au revoir moi aujourd hui aller bientot,Aujourd'hui je pars bientôt !
au revoir nous aujourd hui aller avec ami,Aujourd'hui nous partons avec mon ami !
comment moi aujourd hui vouloir apprendre avec ami,Aujourd'hui Comment je veux apprendre avec mon ami ?
comment tu aujourd hui manger avec nous,Aujourd'hui Comment tu manges avec nous ?
bonjour moi aujourd hui non manger,Aujourd'hui je ne mange pas !
merci moi aujourd hui non aller avec ami,Aujourd'hui je ne pars pas avec mon ami !
moi donner aide chat bientot,Je donne de l'aide au chat bientôt.
moi donner aide chat ici,Je donne de l'aide au chat ici.
tu donner aide chat bientot,Tu donnes de l'aide au chat bientôt.
nous donner aide chat bien,Nous donnons de l'aide au chat bien.
ami donner aide chat bientot,Mon ami donne de l'aide au chat bientôt.
moi donner amour chat bientot,Je donne de l'amour au chat bientôt.
moi donner amour chat bien,Je donne de l'amour au chat bien.
tu donner amour chat bientot,Tu donnes de l'amour au chat bientôt.
nous donner amour chat bien,Nous donnons de l'amour au chat bien.
ami donner amour chat bientot,Mon ami donne de l'amour au chat bientôt.
moi non donner aide chat bientot,Je ne donne pas d'aide au chat bientôt.
moi donner aide chat avec tu,Je donne de l'aide au chat avec toi.
moi donner amour chat avec ami,Je donne de l'amour au chat avec mon ami.
aujourd hui moi donner aide chat,Aujourd'hui je donne de l'aide au chat.
comment moi donner aide chat,Comment je donne de l'aide au chat ?
bonjour moi donner aide chat bientot,Bonjour je donne de l'aide au chat bientôt !
moi manger ami bebe,Je mange mon ami le bébé.
moi manger ami chat,Je mange mon ami le chat.
moi manger bebe ami,Je mange le bébé mon ami.
tu manger ami bebe,Tu manges mon ami le bébé.
nous manger ami chat,Nous mangeons mon ami le chat.
moi aimer ami bebe,J'aime mon ami le bébé.
moi aimer ami chat,J'aime mon ami le chat.
moi aimer bebe chat,J'aime le bébé le chat.
tu aimer ami chat,Tu aimes mon ami le chat.
nous aimer ami bebe,Nous aimons mon ami le bébé.
ami aimer moi bebe,Mon ami m'aime le bébé.
moi attendre ami chat,J'attends mon ami le chat.
moi attendre bebe ami,J'attends le bébé mon ami.
tu attendre ami chat,Tu attends mon ami le chat.
moi non aimer ami bebe,Je n'aime pas mon ami le bébé.
moi non aimer ami chat,Je n'aime pas mon ami le chat.
moi non attendre ami chat,Je n'attends pas mon ami le chat.
comment moi manger bebe,Comment je mange le bébé ?
comment tu manger ami,Comment tu manges mon ami ?
comment nous manger bebe,Comment nous mangeons le bébé ?
comment moi aimer aide,Comment j'aime de l'aide ?
comment nous aimer bebe,Comment nous aimons le bébé ?
comment ami aimer chat,Comment mon ami aime le chat ?
comment tu attendre bebe,Comment tu attends le bébé ?
comment moi donner amour chat,Comment je donne de l'amour au chat ?
comment nous donner amour ami,Comment nous donnons de l'amour à mon ami ?
comment moi non manger ami,Comment je ne mange pas mon ami ?
comment moi non aimer bebe,Comment je n'aime pas le bébé ?
comment tu non aimer chat,Comment tu n'aimes pas le chat ?
bonjour moi manger ami,Bonjour je mange mon ami !
bonjour moi manger bebe,Bonjour je mange le bébé !
bonjour moi manger chat,Bonjour je mange le chat !
bonjour tu aimer ami,Bonjour tu aimes mon ami !
bonjour nous aimer bebe,Bonjour nous aimons le bébé !
bonjour moi attendre bebe,Bonjour j'attends le bébé !
bonjour moi attendre chat,Bonjour j'attends le chat !
bonjour moi donner aide bebe,Bonjour je donne de l'aide au bébé !
bonjour moi donner amour chat,Bonjour je donne de l'amour au chat !
bonjour moi comprendre bebe,Bonjour je comprends le bébé !
bonjour moi changer bebe,Bonjour je change le bébé !
merci moi manger ami,Merci je mange mon ami !
merci moi attendre chat,Merci j'attends le chat !
merci tu donner amour moi,Merci tu me donnes de l'amour !
au revoir tu attendre moi,Au revoir tu m'attends !
aujourd hui tu manger bebe,Aujourd'hui tu manges le bébé.
aujourd hui nous manger ami,Aujourd'hui nous mangeons mon ami.
aujourd hui nous aimer bebe,Aujourd'hui nous aimons le bébé.
aujourd hui moi attendre bebe,Aujourd'hui j'attends le bébé.
aujourd hui moi attendre chat,Aujourd'hui j'attends le chat.
aujourd hui moi donner amour chat,Aujourd'hui je donne de l'amour au chat.
aujourd hui tu donner aide moi,Aujourd'hui tu me donnes de l'aide.
aujourd hui moi non manger ami,Aujourd'hui je ne mange pas mon ami.
aujourd hui nous non donner aide bebe,Aujourd'hui nous ne donnons pas d'aide au bébé.
moi manger chat bientot,Je mange le chat bientôt.
tu manger ami bien,Tu manges mon ami bien.
ami manger chat bientot,Mon ami mange le chat bientôt.
tu attendre ami ici,Tu attends mon ami ici.
moi donner amour bebe ici,Je donne de l'amour au bébé ici.
tu donner aide moi ici,Tu me donnes de l'aide ici.
moi manger ami avec bebe,Je mange mon ami avec le bébé.
tu manger ami avec nous,Tu manges mon ami avec nous.
tu aimer aide avec moi bientot,Tu aimes de l'aide avec moi bientôt.
moi aimer amour avec tu bien,J'aime de l'amour avec toi bien.
moi aimer chat avec tu bien,J'aime le chat avec toi bien.
tu aimer ami avec bebe bien,Tu aimes mon ami avec le bébé bien.
nous aimer bebe avec ami bientot,Nous aimons le bébé avec mon ami bientôt.
moi attendre chat avec tu bien,J'attends le chat avec toi bien.
tu attendre ami avec nous bientot,Tu attends mon ami avec nous bientôt.
moi donner amour chat avec tu,Je donne de l'amour au chat avec toi.
tu donner aide ami avec nous,Tu donnes de l'aide à mon ami avec nous.
moi non manger ami avec bebe,Je ne mange pas mon ami avec le bébé.
moi non aimer aide avec tu bientot,Je n'aime pas d'aide avec toi bientôt.
bebe aimer chat avec moi,Le bébé aime le chat avec moi.
bebe aimer amour avec ami,Le bébé aime de l'amour avec mon ami.
bebe aimer aide avec tu,Le bébé aime de l'aide avec toi.
bebe attendre ami avec moi,Le bébé attend mon ami avec moi.
bebe attendre chat avec ami,Le bébé attend le chat avec mon ami.
bebe vouloir apprendre avec moi bientot,Le bébé veut apprendre avec moi bientôt.
bebe non aimer chat avec moi,Le bébé n'aime pas le chat avec moi.
bebe non vouloir apprendre avec moi,Le bébé ne veut pas apprendre avec moi.
chat aimer bebe avec moi,Le chat aime le bébé avec moi.
chat aimer amour avec ami,Le chat aime de l'amour avec mon ami.
chat aimer aide avec tu,Le chat aime de l'aide avec toi.
chat attendre ami avec moi,Le chat attend mon ami avec moi.
chat attendre bebe avec ami,Le chat attend le bébé avec mon ami.
chat vouloir apprendre avec moi bientot,Le chat veut apprendre avec moi bientôt.
chat vouloir aller avec ami bien,Le chat veut aller avec mon ami bien.
chat non aimer bebe avec moi,Le chat n'aime pas le bébé avec moi.
chat non vouloir aller avec moi,Le chat ne veut pas aller avec moi.
moi manger avec moi,Je mange avec moi.
tu manger avec tu,Tu manges avec toi.
nous manger avec nous,Nous mangeons avec nous.
moi boire avec moi,Je bois avec moi.
moi aller avec moi,Je pars avec moi.
moi apprendre avec moi,J'apprends avec moi.
moi non manger avec moi,Je ne mange pas avec moi.
tu non manger avec tu,Tu ne manges pas avec toi.
tu donner aide tu,Tu donnes de l'aide.
nous donner aide nous,Nous donnons de l'aide.
ami donner aide ami,Mon ami donne de l'aide.
tu donner amour tu,Tu donnes de l'amour.
nous donner amour nous,Nous donnons de l'amour.
moi non donner aide moi,Je ne donne pas d'aide.
moi non donner amour moi,Je ne donne pas d'amour.
bonjour moi aimer aide avec ami bientot,Bonjour j'aime de l'aide avec mon ami bientôt !
bonjour moi aimer amour avec tu bien,Bonjour j'aime de l'amour avec toi bien !
bonjour moi donner aide bebe avec ami,Bonjour je donne de l'aide au bébé avec mon ami !
bonjour tu aimer aide avec moi bientot,Bonjour tu aimes de l'aide avec moi bientôt !
merci moi aimer aide avec ami bien,Merci j'aime de l'aide avec mon ami bien !
merci moi attendre bebe avec ami bientot,Merci j'attends le bébé avec mon ami bientôt !
au revoir moi aimer amour avec ami bientot,Au revoir j'aime de l'amour avec mon ami bientôt !
au revoir moi attendre ami avec tu bientot,Au revoir j'attends mon ami avec toi bientôt !
comment moi aimer aide avec ami bientot,Comment j'aime de l'aide avec mon ami bientôt ?
comment moi attendre ami avec tu bientot,Comment j'attends mon ami avec toi bientôt ?
comment moi donner aide bebe avec ami,Comment je donne de l'aide au bébé avec mon ami ?
aujourd hui moi aimer aide avec ami bientot,Aujourd'hui j'aime de l'aide avec mon ami bientôt.
aujourd hui moi attendre ami avec tu bien,Aujourd'hui j'attends mon ami avec toi bien.
moi manger avec nous ici,Je mange avec nous ici.
tu manger avec nous bientot,Tu manges avec nous bientôt.
tu apprendre avec nous bientot,Tu apprends avec nous bientôt.
nous apprendre avec nous,Nous apprenons avec nous.
moi non manger avec nous,Je ne mange pas avec nous.
tu non aller avec nous bien,Tu ne pars pas avec nous bien.
tu vouloir apprendre avec nous bien,Tu veux apprendre avec nous bien.
comment moi manger avec nous,Comment je mange avec nous ?
bonjour moi manger avec nous bientot,Bonjour je mange avec nous bientôt !
moi manger avec tu bientot,Je mange avec toi bientôt.
moi manger avec tu ici,Je mange avec toi ici.
moi boire avec tu bientot,Je bois avec toi bientôt.
moi aller avec tu bien,Je pars avec toi bien.
moi aller avec tu ici,Je pars avec toi ici.
moi apprendre avec tu ici,J'apprends avec toi ici.
moi changer avec tu bien,Je change avec toi bien.
moi comprendre avec tu bientot,Je comprends avec toi bientôt.
moi non manger avec tu bientot,Je ne mange pas avec toi bientôt.
moi non apprendre avec tu bientot,Je n'apprends pas avec toi bientôt.
moi manger avec moi bientot,Je mange avec moi bientôt.
tu manger avec toi,Tu manges.
moi boire avec moi bientot,Je bois avec moi bientôt.
moi aller avec moi bientot,Je pars avec moi bientôt.
moi apprendre avec moi bien,J'apprends avec moi bien.
tu apprendre avec toi bientot,Tu apprends bientôt.
nous aller avec nous bientot,Nous partons avec nous bientôt.
moi non aller avec moi,Je ne pars pas avec moi.
moi vouloir manger avec moi,Je veux manger avec moi.
moi comprendre ami avec nous,Je comprends mon ami avec nous.
moi changer bebe avec nous,Je change le bébé avec nous.
moi attendre ami avec nous,J'attends mon ami avec nous.
tu comprendre moi avec nous,Tu me comprends avec nous.
nous comprendre ami avec nous,Nous comprenons mon ami avec nous.
moi aimer amour avec nous bientot,J'aime de l'amour avec nous bientôt.
moi non aimer aide avec nous,Je n'aime pas d'aide avec nous.
moi vouloir manger avec nous bientot,Je veux manger avec nous bientôt.
moi vouloir apprendre avec nous bientot,Je veux apprendre avec nous bientôt.
tu vouloir manger avec nous bien,Tu veux manger avec nous bien.
nous vouloir manger avec nous,Nous voulons manger avec nous.
moi vouloir aller avec tu bientot,Je veux aller avec toi bientôt.
tu vouloir manger avec moi bientot,Tu veux manger avec moi bientôt.
nous vouloir manger avec tu bientot,Nous voulons manger avec toi bientôt.
nous vouloir aller avec tu bien,Nous voulons aller avec toi bien.
ami vouloir aller avec nous bientot,Mon ami veut aller avec nous bientôt.
moi non vouloir manger avec nous,Je ne veux pas manger avec nous.
nous non vouloir aller avec nous,Nous ne voulons pas aller avec nous.
moi comprendre bien aujourd hui,Aujourd'hui je comprends bien.
moi changer bientot aujourd hui,Aujourd'hui je change bientôt.
moi aimer bien aujourd hui,Aujourd'hui j'aime bien.
moi vouloir bientot aujourd hui,Aujourd'hui je veux bientôt.
tu apprendre bientot aujourd hui,Aujourd'hui tu apprends bientôt.
ami manger bientot aujourd hui,Aujourd'hui mon ami mange bientôt.
moi apprendre avec tu bien aujourd hui,Aujourd'hui j'apprends avec toi bien.
moi aimer chat bientot aujourd hui,Aujourd'hui j'aime le chat bientôt.
moi donner aide ami bientot aujourd hui,Aujourd'hui je donne de l'aide à mon ami bientôt.
moi vouloir apprendre avec ami bientot aujourd hui,Aujourd'hui je veux apprendre avec mon ami bientôt.
moi non aller bien aujourd hui,Aujourd'hui je ne pars pas bien.
moi aimer ami moi,J'aime mon ami.
moi aimer bebe moi,J'aime le bébé.
moi aimer chat moi,J'aime le chat.
moi aimer amour moi,J'aime de l'amour.
moi aimer aide moi,J'aime de l'aide.
tu aimer ami tu,Tu aimes mon ami.
tu aimer bebe tu,Tu aimes le bébé.
tu aimer amour tu,Tu aimes de l'amour.
nous aimer ami nous,Nous aimons mon ami.
nous aimer bebe nous,Nous aimons le bébé.
ami aimer chat ami,Mon ami aime le chat.
moi attendre ami moi,J'attends mon ami.
tu attendre moi tu,Tu m'attends.
moi comprendre ami moi,Je comprends mon ami.
tu comprendre moi tu,Tu me comprends.
moi donner aide ami moi,Je donne de l'aide à mon ami.
tu donner amour bebe tu,Tu donnes de l'amour au bébé.
moi manger ami moi,Je mange mon ami.
tu manger bebe tu,Tu manges le bébé.
moi changer bebe moi,Je change le bébé.
moi vouloir aide avec tu bien,Je veux de l'aide avec toi bien.
moi vouloir amour avec ami bientot,Je veux de l'amour avec mon ami bientôt.
moi vouloir amour avec tu bien,Je veux de l'amour avec toi bien.
tu vouloir aide avec ami bientot,Tu veux de l'aide avec mon ami bientôt.
tu vouloir amour avec moi bien,Tu veux de l'amour avec moi bien.
nous vouloir aide avec ami bientot,Nous voulons de l'aide avec mon ami bientôt.
nous vouloir amour avec tu bien,Nous voulons de l'amour avec toi bien.
ami vouloir aide avec moi bientot,Mon ami veut de l'aide avec moi bientôt.
ami vouloir amour avec tu bien,Mon ami veut de l'amour avec toi bien.
chat vouloir amour avec moi,Le chat veut de l'amour avec moi.
moi non vouloir amour avec tu,Je ne veux pas d'amour avec toi.
tu non vouloir aide avec moi,Tu ne veux pas d'aide avec moi.
nous non vouloir aide avec ami,Nous ne voulons pas d'aide avec mon ami.
aujourd hui moi vouloir aide avec ami bientot,Aujourd'hui je veux de l'aide avec mon ami bientôt.
merci moi vouloir amour avec tu bien,Merci je veux de l'amour avec toi bien !
moi boire avec ami ici,Je bois avec mon ami ici.
moi changer avec ami ici,Je change avec mon ami ici.
moi comprendre avec ami ici,Je comprends avec mon ami ici.
tu manger avec moi ici,Tu manges avec moi ici.
tu apprendre avec ami ici,Tu apprends avec mon ami ici.
nous manger avec ami ici,Nous mangeons avec mon ami ici.
nous aller avec ami ici,Nous partons avec mon ami ici.
ami manger avec moi ici,Mon ami mange avec moi ici.
moi non manger avec ami ici,Je ne mange pas avec mon ami ici.
moi non aller avec tu ici,Je ne pars pas avec toi ici.
tu vouloir apprendre avec moi ici,Tu veux apprendre avec moi ici.
tu manger avec chat,Tu manges avec le chat.
tu boire avec bebe,Tu bois avec le bébé.
tu boire avec chat,Tu bois avec le chat.
nous boire avec chat,Nous buvons avec le chat.
chat boire avec ami,Le chat boit avec mon ami.
tu aller avec chat,Tu pars avec le chat.
tu non aller avec chat,Tu ne pars pas avec le chat.
tu apprendre avec chat,Tu apprends avec le chat.
bebe apprendre avec ami,Le bébé apprend avec mon ami.
chat apprendre avec ami,Le chat apprend avec mon ami.
moi non apprendre avec bebe,Je n'apprends pas avec le bébé.
tu non apprendre avec chat,Tu n'apprends pas avec le chat.
moi aimer avec moi,J'aime avec moi.
tu aimer avec bebe,Tu aimes avec le bébé.
nous aimer avec tu,Nous aimons avec toi.
chat aimer avec ami,Le chat aime avec mon ami.
moi non aimer avec bebe,Je n'aime pas avec le bébé.
tu non aimer avec chat,Tu n'aimes pas avec le chat.
tu attendre avec bebe,Tu attends avec le bébé.
nous attendre avec tu,Nous attendons avec toi.
chat attendre avec ami,Le chat attend avec mon ami.
moi non attendre avec bebe,Je n'attends pas avec le bébé.
tu non attendre avec chat,Tu n'attends pas avec le chat.
tu vouloir attendre avec moi,Tu veux attendre avec moi.
moi comprendre avec bebe,Je comprends avec le bébé.
moi comprendre avec chat,Je comprends avec le chat.
tu comprendre avec ami,Tu comprends avec mon ami.
tu comprendre avec moi,Tu comprends avec moi.
nous comprendre avec tu,Nous comprenons avec toi.
nous changer avec tu,Nous changeons avec toi.
moi non comprendre avec bebe,Je ne comprends pas avec le bébé.
moi non changer avec chat,Je ne change pas avec le chat.
tu donner avec moi,Tu donnes avec moi.
tu donner avec ami,Tu donnes avec mon ami.
nous donner avec tu,Nous donnons avec toi.
ami donner avec moi,Mon ami donne avec moi.
ami donner avec tu,Mon ami donne avec toi.
moi non donner avec ami,Je ne donne pas avec mon ami.
nous donner amour ami avec tu,Nous donnons de l'amour à mon ami avec toi.
ami donner aide moi avec tu,Mon ami me donne de l'aide avec toi.
moi donner aide bebe avec tu bientot,Je donne de l'aide au bébé avec toi bientôt.
moi donner amour ami avec nous bien,Je donne de l'amour à mon ami avec nous bien.
tu donner aide bebe avec moi bientot,Tu donnes de l'aide au bébé avec moi bientôt.
nous donner amour chat avec ami bien,Nous donnons de l'amour au chat avec mon ami bien.
moi aimer ami avec moi bientot,J'aime mon ami avec moi bientôt.
moi aimer bebe avec moi bien,J'aime le bébé avec moi bien.
moi aimer chat avec moi bientot,J'aime le chat avec moi bientôt.
tu aimer ami avec toi bien,Tu aimes mon ami bien.
nous aimer ami avec nous bientot,Nous aimons mon ami avec nous bientôt.
moi attendre ami avec moi bientot,J'attends mon ami avec moi bientôt.
moi attendre bebe avec moi bien,J'attends le bébé avec moi bien.
tu attendre ami avec toi bientot,Tu attends mon ami bientôt.
nous attendre ami avec nous bien,Nous attendons mon ami avec nous bien.
moi comprendre ami avec moi,Je comprends mon ami avec moi.
moi comprendre bebe avec moi,Je comprends le bébé avec moi.
tu comprendre moi avec toi,Tu me comprends.
moi changer bebe avec moi bientot,Je change le bébé avec moi bientôt.
moi changer ami avec moi bien,Je change mon ami avec moi bien.
tu changer moi avec toi bientot,Tu changes bientôt.
moi manger ami avec moi bientot,Je mange mon ami avec moi bientôt.
moi manger bebe avec moi bien,Je mange le bébé avec moi bien.
tu manger ami avec toi bientot,Tu manges mon ami bientôt.
moi donner aide ami avec moi bientot,Je donne de l'aide à mon ami avec moi bientôt.
tu donner amour bebe avec toi bien,Tu donnes de l'amour au bébé bien.
moi manger ami avec ami,Je mange mon ami avec mon ami.
moi aimer ami avec ami bientot,J'aime mon ami avec mon ami bientôt.
moi attendre ami avec ami bien,J'attends mon ami avec mon ami bien.
moi manger bebe avec bebe,Je mange le bébé avec le bébé.
moi aimer bebe avec bebe bientot,J'aime le bébé avec le bébé bientôt.
moi manger chat avec chat,Je mange le chat avec le chat.
moi aimer chat avec chat bientot,J'aime le chat avec le chat bientôt.
moi manger ami avec ami bientot,Je mange mon ami avec mon ami bientôt.
moi aimer aide avec aide bien,J'aime de l'aide de l'aide bien.
moi aimer amour avec amour bientot,J'aime de l'amour de l'amour bientôt.
moi manger ami avec ami ici,Je mange mon ami avec mon ami ici.
moi attendre bebe avec bebe ici,J'attends le bébé avec le bébé ici.
moi comprendre ami avec ami bien,Je comprends mon ami avec mon ami bien.
moi changer bebe avec bebe bientot,Je change le bébé avec le bébé bientôt.
moi donner aide ami avec ami bien,Je donne de l'aide à mon ami avec mon ami bien.
moi non boire avec bebe,Je ne bois pas avec le bébé.
moi non boire avec chat,Je ne bois pas avec le chat.
moi non apprendre avec chat,Je n'apprends pas avec le chat.
moi non aimer avec chat,Je n'aime pas avec le chat.
moi non attendre avec chat,Je n'attends pas avec le chat.
moi non changer avec bebe,Je ne change pas avec le bébé.
tu non manger avec chat,Tu ne manges pas avec le chat.
tu non apprendre avec bebe,Tu n'apprends pas avec le bébé.
nous non aller avec chat,Nous ne partons pas avec le chat.
ami boire avec ami,Mon ami boit avec mon ami.
ami aller avec ami,Mon ami part avec mon ami.
ami apprendre avec ami,Mon ami apprend avec mon ami.
ami aimer avec ami,Mon ami aime avec mon ami.
ami attendre avec ami,Mon ami attend avec mon ami.
ami comprendre avec ami,Mon ami comprend avec mon ami.
ami changer avec ami,Mon ami change avec mon ami.
ami donner avec ami,Mon ami donne avec mon ami.
bebe manger avec bebe,Le bébé mange avec le bébé.
bebe boire avec bebe,Le bébé boit avec le bébé.
bebe aller avec bebe,Le bébé part avec le bébé.
bebe apprendre avec bebe,Le bébé apprend avec le bébé.
bebe aimer avec bebe,Le bébé aime avec le bébé.
chat manger avec chat,Le chat mange avec le chat.
chat boire avec chat,Le chat boit avec le chat.
chat aller avec chat,Le chat part avec le chat.
chat aimer avec chat,Le chat aime avec le chat.
ami non manger avec ami,Mon ami ne mange pas avec mon ami.
bebe non aimer avec bebe,Le bébé n'aime pas avec le bébé.
moi aller bientot avec tu,Je pars avec toi bientôt.
moi aimer bien avec ami,J'aime avec mon ami bien.
moi comprendre bien avec tu,Je comprends avec toi bien.
tu boire bien avec ami,Tu bois avec mon ami bien.
nous apprendre bien avec tu,Nous apprenons avec toi bien.
ami boire bien avec tu,Mon ami boit avec toi bien.
moi non aller bientot avec tu,Je ne pars pas avec toi bientôt.
tu non apprendre bien avec moi,Tu n'apprends pas avec moi bien.
moi vouloir manger bientot avec ami,Je veux manger avec mon ami bientôt.
moi vouloir aller bientot avec tu,Je veux aller avec toi bientôt.
nous donner aide moi,Nous me donnons de l'aide.
nous donner amour moi,Nous me donnons de l'amour.
moi non donner aide chat,Je ne donne pas d'aide au chat.
moi non donner amour tu,Je ne te donne pas d'amour.
moi non donner amour chat,Je ne donne pas d'amour au chat.
tu non donner amour moi,Tu ne me donnes pas d'amour.
tu non donner amour bebe,Tu ne donnes pas d'amour au bébé.
chat non donner aide moi,Le chat ne me donne pas d'aide.
moi aimer moi tu,Je t'aime.
moi aimer moi ami,J'aime mon ami.
moi aimer moi bebe,J'aime le bébé.
moi aimer moi chat,J'aime le chat.
tu aimer tu moi,Tu m'aimes.
tu aimer tu ami,Tu aimes mon ami.
tu aimer tu bebe,Tu aimes le bébé.
nous aimer nous ami,Nous aimons mon ami.
nous aimer nous bebe,Nous aimons le bébé.
ami aimer ami moi,Mon ami m'aime.
ami aimer ami tu,Mon ami t'aime.
moi attendre moi tu,Je t'attends.
moi attendre moi ami,J'attends mon ami.
tu attendre tu moi,Tu m'attends.
tu attendre tu ami,Tu attends mon ami.
moi donner aide moi tu,Je te donne de l'aide.
moi donner amour moi bebe,Je donne de l'amour au bébé.
tu donner aide tu moi,Tu me donnes de l'aide.
moi comprendre moi ami,Je comprends mon ami.
moi changer moi bebe,Je change le bébé.
bonjour moi aimer ami avec tu bientot,Bonjour j'aime mon ami avec toi bientôt !
bonjour moi aimer bebe avec ami bien,Bonjour j'aime le bébé avec mon ami bien !
bonjour moi donner aide ami avec nous,Bonjour je donne de l'aide à mon ami avec nous !
bonjour tu aimer bebe avec moi bien,Bonjour tu aimes le bébé avec moi bien !
bonjour nous aimer ami avec tu bientot,Bonjour nous aimons mon ami avec toi bientôt !
bonjour ami aimer moi avec tu bien,Bonjour mon ami m'aime avec toi bien !
merci moi aimer ami avec tu bientot,Merci j'aime mon ami avec toi bientôt !
merci moi attendre bebe avec ami bien,Merci j'attends le bébé avec mon ami bien !
merci tu donner aide moi avec ami,Merci tu me donnes de l'aide avec mon ami !
au revoir moi aimer ami avec tu bientot,Au revoir j'aime mon ami avec toi bientôt !
comment moi aimer ami avec tu bientot,Comment j'aime mon ami avec toi bientôt ?
comment moi attendre bebe avec ami bien,Comment j'attends le bébé avec mon ami bien ?
comment tu donner aide moi avec ami,Comment tu me donnes de l'aide avec mon ami ?
comment nous aimer ami avec tu bientot,Comment nous aimons mon ami avec toi bientôt ?
aujourd hui moi aimer ami avec tu bientot,Aujourd'hui j'aime mon ami avec toi bientôt.
aujourd hui moi attendre ami avec tu bientot,Aujourd'hui j'attends mon ami avec toi bientôt.
aujourd hui tu aimer bebe avec moi bien,Aujourd'hui tu aimes le bébé avec moi bien.
aujourd hui nous aimer ami avec tu bientot,Aujourd'hui nous aimons mon ami avec toi bientôt.
aujourd hui ami aimer moi avec tu bien,Aujourd'hui mon ami m'aime avec toi bien.
aujourd hui bebe aimer moi avec ami bientot,Aujourd'hui le bébé m'aime avec mon ami bientôt.
aujourd hui chat aimer moi avec ami bien,Aujourd'hui le chat m'aime avec mon ami bien.
aujourd hui moi non aimer ami avec tu,Aujourd'hui je n'aime pas mon ami avec toi.
aujourd hui tu non attendre moi avec ami,Aujourd'hui tu ne m'attends pas avec mon ami.
aujourd hui nous non donner aide ami avec tu,Aujourd'hui nous ne donnons pas d'aide à mon ami avec toi.
moi non aimer ami avec tu bientot,Je n'aime pas mon ami avec toi bientôt.
moi non aimer bebe avec ami bien,Je n'aime pas le bébé avec mon ami bien.
moi non donner aide ami avec nous,Je ne donne pas d'aide à mon ami avec nous.
tu non aimer bebe avec moi bien,Tu n'aimes pas le bébé avec moi bien.
nous non aimer ami avec tu bientot,Nous n'aimons pas mon ami avec toi bientôt.
ami non aimer moi avec tu bien,Mon ami ne m'aime pas avec toi bien.
moi non manger ami avec bebe bientot,Je ne mange pas mon ami avec le bébé bientôt.
moi non comprendre bebe avec ami,Je ne comprends pas le bébé avec mon ami.
moi non changer bebe avec tu bientot,Je ne change pas le bébé avec toi bientôt.
tu non donner aide moi avec ami,Tu ne me donnes pas d'aide avec mon ami.
nous non donner amour bebe avec tu,Nous ne donnons pas d'amour au bébé avec toi.
nous aimer moi,Nous m'aimons.
ami aimer ami,Mon ami aime.
nous attendre chat,Nous attendons le chat.
ami attendre ami,Mon ami attend.
moi non aimer tu,Je ne t'aime pas.
tu non aimer moi,Tu ne m'aimes pas.
nous non aimer moi,Nous ne m'aimons pas.
nous non attendre moi,Nous ne m'attendons pas.
tu comprendre ami,Tu comprends mon ami.
tu comprendre bebe,Tu comprends le bébé.
nous comprendre moi,Nous me comprenons.
ami comprendre bebe,Mon ami comprend le bébé.
moi changer tu,Je change.
tu changer ami,Tu changes mon ami.
moi non changer tu,Je ne change pas.
moi manger moi,Je mange.
moi manger tu,Je mange.
moi manger aide,Je mange de l'aide.
tu manger moi,Tu manges.
nous manger moi,Nous mangeons.
ami manger moi,Mon ami mange.
ami manger tu,Mon ami mange.
bebe manger moi,Le bébé mange.
bebe manger tu,Le bébé mange.
bebe manger ami,Le bébé mange mon ami.
chat manger moi,Le chat mange.
chat manger tu,Le chat mange.
chat manger ami,Le chat mange mon ami.
moi non manger tu,Je ne mange pas.
tu non manger moi,Tu ne manges pas.
moi boire moi,Je bois.
moi boire tu,Je bois.
moi boire bebe,Je bois le bébé.
moi boire chat,Je bois le chat.
tu boire moi,Tu bois.
tu boire ami,Tu bois mon ami.
nous boire moi,Nous buvons.
nous boire ami,Nous buvons mon ami.
ami boire moi,Mon ami boit.
ami boire tu,Mon ami boit.
bebe boire moi,Le bébé boit.
chat boire moi,Le chat boit.
moi non boire moi,Je ne bois pas.
moi non boire ami,Je ne bois pas mon ami.
tu non boire moi,Tu ne bois pas.
moi aller moi,Je pars.
moi aller tu,Je pars.
tu aller moi,Tu pars.
ami aller moi,Mon ami part.
ami aller tu,Mon ami part.
moi non aller moi,Je ne pars pas.
moi apprendre moi,J'apprends.
moi apprendre tu,J'apprends.
tu apprendre moi,Tu apprends.
nous apprendre moi,Nous apprenons.
ami apprendre tu,Mon ami apprend.
bebe apprendre moi,Le bébé apprend.
chat apprendre moi,Le chat apprend.
moi non apprendre moi,Je n'apprends pas.
tu non apprendre moi,Tu n'apprends pas.
moi donner moi,Je donne.
moi donner tu,Je te donne.
moi donner ami,Je donne mon ami.
tu donner moi,Tu me donnes.
tu donner ami,Tu donnes mon ami.
nous donner ami,Nous donnons mon ami.
ami donner moi,Mon ami me donne.
ami donner tu,Mon ami te donne.
moi non donner moi,Je ne donne pas.
tu non donner moi,Tu ne me donnes pas.
moi changer moi bien,Je change bien.
moi changer tu bien,Je change bien.
moi changer ami bien,Je change mon ami bien.
moi changer chat ici,Je change le chat ici.
tu changer moi bientot,Tu changes bientôt.
tu changer ami bien,Tu changes mon ami bien.
nous changer bebe bien,Nous changeons le bébé bien.
ami changer moi bientot,Mon ami change bientôt.
bebe changer moi bien,Le bébé change bien.
moi non changer moi bien,Je ne change pas bien.
moi comprendre ami bientot,Je comprends mon ami bientôt.
moi comprendre bebe bien,Je comprends le bébé bien.
moi non comprendre moi bientot,Je ne comprends pas bientôt.
moi aimer tu bien,Je t'aime bien.
moi aimer moi bien,J'aime bien.
moi aimer tu bientot,Je t'aime bientôt.
tu aimer moi bientot,Tu m'aimes bientôt.
moi aimer tu ici,Je t'aime ici.
moi non aimer moi bien,Je n'aime pas bien.
tu non aimer moi bien,Tu ne m'aimes pas bien.
moi attendre tu bien,Je t'attends bien.
tu attendre moi bien,Tu m'attends bien.
nous attendre ami bien,Nous attendons mon ami bien.
tu non attendre moi bien,Tu ne m'attends pas bien.
moi non attendre bebe bientot,Je n'attends pas le bébé bientôt.
moi manger ami bien,Je mange mon ami bien.
moi manger bebe ici,Je mange le bébé ici.
tu manger moi bien,Tu manges bien.
nous manger bebe bien,Nous mangeons le bébé bien.
ami manger moi bien,Mon ami mange bien.
ami manger bebe bientot,Mon ami mange le bébé bientôt.
moi non manger moi bien,Je ne mange pas bien.
moi non manger ami bien,Je ne mange pas mon ami bien.
tu non manger moi bien,Tu ne manges pas bien.
moi boire ami bientot,Je bois mon ami bientôt.
moi boire chat ici,Je bois le chat ici.
tu boire moi bien,Tu bois bien.
nous boire ami bientot,Nous buvons mon ami bientôt.
moi apprendre ami bien,J'apprends mon ami bien.
moi apprendre bebe bientot,J'apprends le bébé bientôt.
tu apprendre moi bien,Tu apprends bien.
nous apprendre ami bientot,Nous apprenons mon ami bientôt.
ami apprendre moi bien,Mon ami apprend bien.
moi non apprendre ami bien,Je n'apprends pas mon ami bien.
moi donner aide moi bientot,Je donne de l'aide bientôt.
moi donner aide tu bientot,Je te donne de l'aide bientôt.
moi donner aide moi bien,Je donne de l'aide bien.
moi donner aide tu bien,Je te donne de l'aide bien.
moi donner aide bebe bien,Je donne de l'aide au bébé bien.
tu donner aide moi bien,Tu me donnes de l'aide bien.
moi donner amour tu bientot,Je te donne de l'amour bientôt.
tu donner amour moi bien,Tu me donnes de l'amour bien.
ami donner amour moi bientot,Mon ami me donne de l'amour bientôt.
moi non donner aide tu bientot,Je ne te donne pas d'aide bientôt.
moi non donner amour ami bien,Je ne donne pas d'amour à mon ami bien.
aujourd hui moi aimer tu,Aujourd'hui je t'aime.
aujourd hui moi aimer moi,Aujourd'hui j'aime.
aujourd hui tu aimer moi,Aujourd'hui tu m'aimes.
aujourd hui tu comprendre moi,Aujourd'hui tu me comprends.
aujourd hui moi changer ami,Aujourd'hui je change mon ami.
aujourd hui tu changer moi,Aujourd'hui tu changes.
aujourd hui tu manger moi,Aujourd'hui tu manges.
aujourd hui tu donner amour moi,Aujourd'hui tu me donnes de l'amour.
comment moi aimer tu,Comment je t'aime ?
comment moi aimer moi,Comment j'aime ?
comment tu aimer moi,Comment tu m'aimes ?
comment moi attendre tu,Comment je t'attends ?
comment tu attendre moi,Comment tu m'attends ?
comment moi changer ami,Comment je change mon ami ?
comment tu manger moi,Comment tu manges ?
comment tu donner amour moi,Comment tu me donnes de l'amour ?
bonjour moi aimer moi,Bonjour j'aime !
bonjour tu aimer moi,Bonjour tu m'aimes !
bonjour moi attendre tu,Bonjour je t'attends !
bonjour tu attendre moi,Bonjour tu m'attends !
bonjour moi comprendre ami,Bonjour je comprends mon ami !
bonjour moi changer ami,Bonjour je change mon ami !
bonjour tu manger moi,Bonjour tu manges !
bonjour tu donner amour moi,Bonjour tu me donnes de l'amour !
merci tu aimer moi,Merci tu m'aimes !
merci moi comprendre ami,Merci je comprends mon ami !
au revoir tu aimer moi,Au revoir tu m'aimes !
moi vouloir aimer tu,Je veux aimer.
moi vouloir attendre tu,Je veux attendre.
moi vouloir comprendre ami,Je veux mon ami.
moi vouloir changer ami,Je veux mon ami.
tu vouloir aimer moi,Tu veux aimer.
ami vouloir aimer moi,Mon ami veut aimer.
moi non vouloir aimer tu,Je ne veux pas aimer.
tu non vouloir aimer moi,Tu ne veux pas aimer.
nous non vouloir attendre ami,Nous ne voulons pas mon ami.
moi vouloir manger moi,Je veux manger.
moi vouloir manger tu,Je veux manger.
moi vouloir boire moi,Je veux boire.
moi vouloir boire ami,Je veux mon ami.
moi vouloir aller moi,Je veux aller.
moi vouloir aller ami,Je veux mon ami.
moi vouloir apprendre moi,Je veux apprendre.
moi vouloir apprendre ami,Je veux mon ami.
moi vouloir comprendre moi,Je veux comprendre.
moi vouloir changer moi,Je veux changer.
moi vouloir attendre moi,Je veux attendre.
moi vouloir donner moi,Je veux donner.
tu vouloir manger moi,Tu veux manger.
tu vouloir manger ami,Tu veux mon ami.
nous vouloir manger ami,Nous voulons mon ami.
ami vouloir manger moi,Mon ami veut manger.
moi aimer tu avec ami,Je t'aime avec mon ami.
tu aimer moi avec ami,Tu m'aimes avec mon ami.
nous aimer ami avec tu,Nous aimons mon ami avec toi.
ami aimer moi avec tu,Mon ami m'aime avec toi.
moi attendre tu avec ami,Je t'attends avec mon ami.
ami attendre moi avec tu,Mon ami m'attend avec toi.
moi changer ami avec tu,Je change mon ami avec toi.
moi manger bebe avec ami,Je mange le bébé avec mon ami.
tu manger moi avec ami,Tu manges avec mon ami.
moi donner amour bebe avec ami,Je donne de l'amour au bébé avec mon ami.
aujourd hui moi aimer tu avec ami,Aujourd'hui je t'aime avec mon ami.
aujourd hui moi aimer ami avec bebe,Aujourd'hui j'aime mon ami avec le bébé.
aujourd hui moi attendre tu avec ami,Aujourd'hui je t'attends avec mon ami.
aujourd hui moi comprendre ami avec tu,Aujourd'hui je comprends mon ami avec toi.
aujourd hui moi manger ami avec tu,Aujourd'hui je mange mon ami avec toi.
comment moi aimer tu avec ami,Comment je t'aime avec mon ami ?
comment moi aimer ami avec bebe,Comment j'aime mon ami avec le bébé ?
comment moi attendre tu avec ami,Comment je t'attends avec mon ami ?
comment moi comprendre ami avec tu,Comment je comprends mon ami avec toi ?
comment moi manger ami avec tu,Comment je mange mon ami avec toi ?
bonjour moi aimer tu avec ami,Bonjour je t'aime avec mon ami !
bonjour moi aimer ami avec bebe,Bonjour j'aime mon ami avec le bébé !
bonjour moi attendre tu avec ami,Bonjour je t'attends avec mon ami !
merci moi aimer ami avec bebe bientot,Merci j'aime mon ami avec le bébé bientôt !
merci moi attendre tu avec ami bientot,Merci je t'attends avec mon ami bientôt !
moi non aimer tu avec ami,Je ne t'aime pas avec mon ami.
moi non aimer ami avec bebe,Je n'aime pas mon ami avec le bébé.
moi non attendre tu avec ami,Je ne t'attends pas avec mon ami.
moi non comprendre ami avec tu,Je ne comprends pas mon ami avec toi.
moi non manger ami avec tu,Je ne mange pas mon ami avec toi.
tu non aimer moi avec ami,Tu ne m'aimes pas avec mon ami.
nous non aimer ami avec tu,Nous n'aimons pas mon ami avec toi.
ami non aimer moi avec tu,Mon ami ne m'aime pas avec toi.
tu non donner amour moi avec ami,Tu ne me donnes pas d'amour avec mon ami.
moi vouloir aimer tu avec ami,Je veux aimer avec mon ami.
moi vouloir aimer ami avec bebe,Je veux mon ami avec le bébé.
moi vouloir attendre ami avec tu,Je veux mon ami avec toi.
tu vouloir aimer moi avec nous,Tu veux aimer avec nous.
moi non vouloir aimer ami avec tu,Je ne veux pas mon ami avec toi.
moi non vouloir attendre ami avec tu,Je ne veux pas mon ami avec toi.
moi aimer tu avec ami bien,Je t'aime avec mon ami bien.
tu aimer moi avec ami bientot,Tu m'aimes avec mon ami bientôt.
moi attendre tu avec ami bientot,Je t'attends avec mon ami bientôt.
tu attendre moi avec ami bien,Tu m'attends avec mon ami bien.
moi comprendre ami avec tu bien,Je comprends mon ami avec toi bien.
moi manger bebe avec ami bientot,Je mange le bébé avec mon ami bientôt.
moi donner amour bebe avec ami bientot,Je donne de l'amour au bébé avec mon ami bientôt.
moi non aimer ami avec bebe bien,Je n'aime pas mon ami avec le bébé bien.
moi non attendre tu avec ami bientot,Je ne t'attends pas avec mon ami bientôt.
moi non manger ami avec tu bien,Je ne mange pas mon ami avec toi bien.
tu aller bientot ici,Tu pars bientôt ici.
ami aller bientot ici,Mon ami part bientôt ici.
moi manger avec ami bien ici,Je mange avec mon ami bien ici.
moi aller avec tu bientot ici,Je pars avec toi bientôt ici.
moi apprendre avec ami bien ici,J'apprends avec mon ami bien ici.
moi vouloir aller bientot ici,Je veux aller bientôt ici.
tu vouloir apprendre bien ici,Tu veux apprendre bien ici.
moi non manger bien ici,Je ne mange pas bien ici.
moi non aller bientot ici,Je ne pars pas bientôt ici.
moi aimer ami bien ici,J'aime mon ami bien ici.
moi donner aide ami bientot ici,Je donne de l'aide à mon ami bientôt ici.
moi boire bientot bien,Je bois bientôt bien.
tu manger bientot bien,Tu manges bientôt bien.
ami manger bientot bien,Mon ami mange bientôt bien.
moi manger avec ami bientot bien,Je mange avec mon ami bientôt bien.
moi aller avec tu bientot bien,Je pars avec toi bientôt bien.
moi aimer ami bientot bien,J'aime mon ami bientôt bien.
moi attendre ami bientot bien,J'attends mon ami bientôt bien.
moi vouloir manger bientot bien,Je veux manger bientôt bien.
moi vouloir aller bientot bien,Je veux aller bientôt bien.
tu vouloir apprendre bientot bien,Tu veux apprendre bientôt bien.
moi non manger bientot bien,Je ne mange pas bientôt bien.
moi non aller bientot bien,Je ne pars pas bientôt bien.
moi donner aide ami bientot bien,Je donne de l'aide à mon ami bientôt bien.
moi comprendre ami bientot bien,Je comprends mon ami bientôt bien.
aujourd hui moi manger avec ami bien ici,Aujourd'hui je mange avec mon ami bien ici.
aujourd hui moi aller avec tu bientot bien,Aujourd'hui je pars avec toi bientôt bien.
aujourd hui moi aimer ami bientot bien,Aujourd'hui j'aime mon ami bientôt bien.
aujourd hui moi attendre ami bientot bien,Aujourd'hui j'attends mon ami bientôt bien.
aujourd hui moi donner aide ami bientot bien,Aujourd'hui je donne de l'aide à mon ami bientôt bien.
bonjour moi manger avec ami bien ici,Bonjour je mange avec mon ami bien ici !
bonjour moi aimer ami bientot bien,Bonjour j'aime mon ami bientôt bien !
bonjour moi aller avec tu bientot bien,Bonjour je pars avec toi bientôt bien !
merci moi apprendre avec ami bien ici,Merci j'apprends avec mon ami bien ici !
merci moi aimer ami bientot bien,Merci j'aime mon ami bientôt bien !
au revoir moi aller avec ami bientot bien,Au revoir je pars avec mon ami bientôt bien !
comment moi manger avec ami bien ici,Comment je mange avec mon ami bien ici ?
comment moi aimer ami bientot bien,Comment j'aime mon ami bientôt bien ?
comment moi aller avec tu bientot bien,Comment je pars avec toi bientôt bien ?
moi non manger avec ami bien ici,Je ne mange pas avec mon ami bien ici.
moi non aimer ami bientot bien,Je n'aime pas mon ami bientôt bien.
moi non aller avec tu bientot bien,Je ne pars pas avec toi bientôt bien.
moi vouloir aimer tu avec ami bientot,Je veux aimer avec mon ami bientôt.
moi vouloir aimer ami avec bebe bien,Je veux mon ami avec le bébé bien.
moi vouloir attendre ami avec tu bientot,Je veux mon ami avec toi bientôt.
moi vouloir comprendre ami avec tu bien,Je veux mon ami avec toi bien.
moi vouloir manger ami avec tu bientot,Je veux mon ami avec toi bientôt.
tu vouloir aimer moi avec ami bien,Tu veux aimer avec mon ami bien.
nous vouloir aimer ami avec tu bientot,Nous voulons mon ami avec toi bientôt.
ami vouloir attendre moi avec tu bien,Mon ami veut attendre avec toi bien.
moi non vouloir aimer ami avec tu bientot,Je ne veux pas mon ami avec toi bientôt.
moi non vouloir attendre ami avec tu bien,Je ne veux pas mon ami avec toi bien.
aujourd hui moi vouloir aimer ami avec tu bientot,Aujourd'hui je veux mon ami avec toi bientôt.
aujourd hui moi vouloir attendre ami avec bebe bien,Aujourd'hui je veux mon ami avec le bébé bien.
bonjour moi vouloir aimer ami avec tu bientot,Bonjour je veux mon ami avec toi bientôt !
bonjour moi vouloir attendre ami avec tu bien,Bonjour je veux mon ami avec toi bien !
comment moi vouloir aimer ami avec tu bientot,Comment je veux mon ami avec toi bientôt ?
chat aimer aide,Le chat aime de l'aide.
nous non aimer aide,Nous n'aimons pas d'aide.
ami non aimer amour,Mon ami n'aime pas d'amour.
chat non aimer amour,Le chat n'aime pas d'amour.
nous vouloir amour bientot,Nous voulons de l'amour bientôt.
bebe vouloir amour bientot,Le bébé veut de l'amour bientôt.
bebe apprendre ici,Le bébé apprend ici.
chat apprendre ici,Le chat apprend ici.
bebe comprendre bientot,Le bébé comprend bientôt.
chat comprendre bientot,Le chat comprend bientôt.
tu donner bientot,Tu donnes bientôt.
ami donner bientot,Mon ami donne bientôt.
tu attendre bon,Tu attends bien.
nous attendre bon,Nous attendons bien.
ami attendre bon,Mon ami attend bien.
moi donner bon,Je donne bien.
tu donner bon,Tu donnes bien.
nous donner bon,Nous donnons bien.
moi aller moi bientot,Je pars bientôt.
moi aller tu bientot,Je pars bientôt.
moi aller ami bientot,Je pars mon ami bientôt.
moi boire moi bientot,Je bois bientôt.
moi comprendre tu ici,Je te comprends ici.
moi changer moi ici,Je change ici.
moi changer tu ici,Je change ici.
moi changer ami ici,Je change mon ami ici.
moi donner moi bientot,Je donne bientôt.
moi donner tu bientot,Je te donne bientôt.
moi donner ami ici,Je donne mon ami ici.
moi apprendre tu bientot,J'apprends bientôt.
moi apprendre ami ici,J'apprends mon ami ici.
tu aller moi bientot,Tu pars bientôt.
tu changer ami ici,Tu changes mon ami ici.
tu donner moi bientot,Tu me donnes bientôt.
tu apprendre moi ici,Tu apprends ici.
nous changer ami ici,Nous changeons mon ami ici.
ami changer moi ici,Mon ami change ici.
ami donner moi bientot,Mon ami me donne bientôt.
tu manger amour,Tu manges de l'amour.
tu manger aide,Tu manges de l'aide.
nous manger amour,Nous mangeons de l'amour.
nous manger aide,Nous mangeons de l'aide.
ami manger amour,Mon ami mange de l'amour.
bebe manger amour,Le bébé mange de l'amour.
chat manger amour,Le chat mange de l'amour.
moi boire amour,Je bois de l'amour.
moi boire aide,Je bois de l'aide.
tu boire amour,Tu bois de l'amour.
moi non manger amour,Je ne mange pas d'amour.
moi non manger aide,Je ne mange pas d'aide.
tu non manger amour,Tu ne manges pas d'amour.
nous non manger aide,Nous ne mangeons pas d'aide.
moi comprendre amour,Je comprends de l'amour.
tu comprendre amour,Tu comprends de l'amour.
moi changer amour,Je change de l'amour.
tu attendre amour,Tu attends de l'amour.
moi non comprendre amour,Je ne comprends pas d'amour.
moi non attendre amour,Je n'attends pas d'amour.
moi manger amour bientot,Je mange de l'amour bientôt.
moi manger aide bien,Je mange de l'aide bien.
tu manger amour bien,Tu manges de l'amour bien.
nous manger aide bientot,Nous mangeons de l'aide bientôt.
moi boire amour bientot,Je bois de l'amour bientôt.
moi boire aide bien,Je bois de l'aide bien.
moi comprendre amour bien,Je comprends de l'amour bien.
moi changer amour bientot,Je change de l'amour bientôt.
moi attendre amour bientot,J'attends de l'amour bientôt.
moi attendre aide bien,J'attends de l'aide bien.
tu attendre amour bientot,Tu attends de l'amour bientôt.
moi manger amour avec ami,Je mange de l'amour avec mon ami.
moi manger aide avec tu,Je mange de l'aide avec toi.
moi boire amour avec ami,Je bois de l'amour avec mon ami.
moi comprendre amour avec tu,Je comprends de l'amour avec toi.
moi attendre amour avec ami,J'attends de l'amour avec mon ami.
moi non manger amour bientot,Je ne mange pas d'amour bientôt.
moi non boire aide bien,Je ne bois pas d'aide bien.
moi non comprendre amour avec ami,Je ne comprends pas d'amour avec mon ami.
moi vouloir manger amour,Je veux de l'amour.
moi vouloir manger aide,Je veux de l'aide.
moi vouloir boire amour,Je veux de l'amour.
moi vouloir comprendre amour,Je veux de l'amour.
moi vouloir attendre amour,Je veux de l'amour.
aujourd hui moi manger amour,Aujourd'hui je mange de l'amour.
aujourd hui moi manger aide,Aujourd'hui je mange de l'aide.
aujourd hui moi boire amour,Aujourd'hui je bois de l'amour.
aujourd hui moi comprendre amour,Aujourd'hui je comprends de l'amour.
aujourd hui moi attendre amour,Aujourd'hui j'attends de l'amour.
aujourd hui tu manger amour,Aujourd'hui tu manges de l'amour.
aujourd hui nous manger aide,Aujourd'hui nous mangeons de l'aide.
aujourd hui ami manger amour,Aujourd'hui mon ami mange de l'amour.
comment moi manger amour,Comment je mange de l'amour ?
comment moi manger aide,Comment je mange de l'aide ?
comment tu boire amour,Comment tu bois de l'amour ?
comment moi comprendre amour,Comment je comprends de l'amour ?
comment moi attendre amour,Comment j'attends de l'amour ?
bonjour moi manger amour,Bonjour je mange de l'amour !
bonjour moi manger aide,Bonjour je mange de l'aide !
bonjour moi boire amour,Bonjour je bois de l'amour !
merci moi manger amour,Merci je mange de l'amour !
au revoir moi manger aide,Au revoir je mange de l'aide !
moi non manger amour avec ami,Je ne mange pas d'amour avec mon ami.
moi non attendre amour bientot,Je n'attends pas d'amour bientôt.
moi non comprendre aide avec tu,Je ne comprends pas d'aide avec toi.
moi vouloir manger amour bientot,Je veux de l'amour bientôt.
moi vouloir manger aide bien,Je veux de l'aide bien.
moi vouloir boire amour bientot,Je veux de l'amour bientôt.
moi vouloir comprendre amour bien,Je veux de l'amour bien.
moi vouloir attendre amour bientot,Je veux de l'amour bientôt.
moi vouloir manger amour avec ami,Je veux de l'amour avec mon ami.
moi vouloir manger aide avec tu,Je veux de l'aide avec toi.
moi vouloir boire amour avec ami,Je veux de l'amour avec mon ami.
tu vouloir manger amour bientot,Tu veux de l'amour bientôt.
nous vouloir manger aide bien,Nous voulons de l'aide bien.
ami vouloir manger amour bientot,Mon ami veut de l'amour bientôt.
moi non vouloir manger amour,Je ne veux pas d'amour.
moi non vouloir manger aide,Je ne veux pas d'aide.
tu non vouloir boire amour,Tu ne veux pas d'amour.
aujourd hui moi vouloir manger amour,Aujourd'hui je veux de l'amour.
aujourd hui moi vouloir boire aide,Aujourd'hui je veux de l'aide.
comment moi vouloir manger amour,Comment je veux de l'amour ?
bonjour moi vouloir manger amour bientot,Bonjour je veux de l'amour bientôt !
moi manger avec amour,Je mange de l'amour.
moi manger avec aide,Je mange de l'aide.
moi boire avec amour,Je bois de l'amour.
moi apprendre avec aide,J'apprends de l'aide.
moi comprendre avec amour,Je comprends de l'amour.
moi aimer avec amour,J'aime de l'amour.
moi aimer avec aide,J'aime de l'aide.
moi attendre avec amour,J'attends de l'amour.
tu manger avec amour,Tu manges de l'amour.
tu apprendre avec amour,Tu apprends de l'amour.
nous manger avec amour,Nous mangeons de l'amour.
nous apprendre avec amour,Nous apprenons de l'amour.
ami manger avec amour,Mon ami mange de l'amour.
moi non manger avec amour,Je ne mange pas d'amour.
moi non apprendre avec amour,Je n'apprends pas d'amour.
moi vouloir manger avec amour,Je veux de l'amour.
moi vouloir apprendre avec amour,Je veux de l'amour.
moi manger avec amour bientot,Je mange de l'amour bientôt.
moi apprendre avec amour bien,J'apprends de l'amour bien.
tu manger avec amour bien,Tu manges de l'amour bien.
nous apprendre avec amour bientot,Nous apprenons de l'amour bientôt.
ami manger avec amour bien,Mon ami mange de l'amour bien.
aujourd hui moi manger avec amour,Aujourd'hui je mange de l'amour.
aujourd hui moi apprendre avec amour,Aujourd'hui j'apprends de l'amour.
comment moi manger avec amour,Comment je mange de l'amour ?
bonjour moi manger avec amour bientot,Bonjour je mange de l'amour bientôt !
merci moi apprendre avec amour bien,Merci j'apprends de l'amour bien !
moi non manger avec amour bientot,Je ne mange pas d'amour bientôt.
tu non apprendre avec amour bien,Tu n'apprends pas d'amour bien.
moi vouloir manger avec amour bientot,Je veux de l'amour bientôt.
moi vouloir apprendre avec amour bien,Je veux de l'amour bien.
tu vouloir manger avec amour bien,Tu veux de l'amour bien.
aujourd hui moi vouloir manger avec amour,Aujourd'hui je veux de l'amour.
bonjour moi vouloir manger avec amour bientot,Bonjour je veux de l'amour bientôt !
moi non manger amour avec ami bientot,Je ne mange pas d'amour avec mon ami bientôt.
moi non manger aide avec tu bien,Je ne mange pas d'aide avec toi bien.
moi non boire amour avec ami,Je ne bois pas d'amour avec mon ami.
moi non comprendre amour avec tu bientot,Je ne comprends pas d'amour avec toi bientôt.
moi non attendre amour avec ami bien,Je n'attends pas d'amour avec mon ami bien.
moi non vouloir manger amour avec ami,Je ne veux pas d'amour avec mon ami.
tu non vouloir boire aide avec moi,Tu ne veux pas d'aide avec moi.
nous non vouloir manger amour avec ami,Nous ne voulons pas d'amour avec mon ami.
aujourd hui moi non manger amour avec ami,Aujourd'hui je ne mange pas d'amour avec mon ami.
aujourd hui moi non vouloir manger amour,Aujourd'hui je ne veux pas d'amour.
comment moi non manger amour avec ami,Comment je ne mange pas d'amour avec mon ami ?
bonjour moi non manger amour avec ami,Bonjour je ne mange pas d'amour avec mon ami !
moi vouloir manger amour avec ami bientot,Je veux de l'amour avec mon ami bientôt.
moi vouloir manger aide avec tu bien,Je veux de l'aide avec toi bien.
moi vouloir boire amour avec ami bientot,Je veux de l'amour avec mon ami bientôt.
moi vouloir comprendre amour avec tu bien,Je veux de l'amour avec toi bien.
moi vouloir attendre amour avec ami bientot,Je veux de l'amour avec mon ami bientôt.
tu vouloir manger amour avec moi bien,Tu veux de l'amour avec moi bien.
nous vouloir manger aide avec ami bientot,Nous voulons de l'aide avec mon ami bientôt.
ami vouloir manger amour avec moi bien,Mon ami veut de l'amour avec moi bien.
aujourd hui moi vouloir manger amour avec ami bientot,Aujourd'hui je veux de l'amour avec mon ami bientôt.
aujourd hui tu vouloir boire aide avec nous bientot,Aujourd'hui tu veux de l'aide avec nous bientôt.
bonjour moi vouloir manger amour avec ami bientot,Bonjour je veux de l'amour avec mon ami bientôt !
merci moi vouloir apprendre avec amour bientot,Merci je veux de l'amour bientôt !
comment moi vouloir manger amour avec ami bientot,Comment je veux de l'amour avec mon ami bientôt ?
tu non vouloir manger aide avec moi,Tu ne veux pas d'aide avec moi.
moi donner aide amour ami,Je donne de l'aide de l'amour à mon ami.
moi donner aide amour bebe,Je donne de l'aide de l'amour au bébé.
moi donner aide amour tu,Je te donne de l'aide de l'amour.
moi donner amour aide ami,Je donne de l'amour de l'aide à mon ami.
tu donner aide amour moi,Tu me donnes de l'aide de l'amour.
moi donner aide ami amour,Je donne de l'aide à mon ami de l'amour.
moi donner amour bebe aide,Je donne de l'amour au bébé de l'aide.
moi donner amour bebe bientot bien,Je donne de l'amour au bébé bientôt bien.
tu donner aide moi bientot bien,Tu me donnes de l'aide bientôt bien.
aujourd hui moi donner aide ami avec tu bientot,Aujourd'hui je donne de l'aide à mon ami avec toi bientôt.
aujourd hui tu donner amour bebe avec moi bien,Aujourd'hui tu donnes de l'amour au bébé avec moi bien.
bonjour moi donner aide ami avec tu bientot bien,Bonjour je donne de l'aide à mon ami avec toi bientôt bien !
merci tu donner amour moi avec ami bientot,Merci tu me donnes de l'amour avec mon ami bientôt !
comment moi donner aide ami avec tu bientot,Comment je donne de l'aide à mon ami avec toi bientôt ?
moi non donner aide ami avec tu bientot,Je ne donne pas d'aide à mon ami avec toi bientôt.
tu non donner amour moi avec ami bien,Tu ne me donnes pas d'amour avec mon ami bien.
moi aimer ami bebe chat,J'aime mon ami le bébé le chat.
moi aimer bebe ami,J'aime le bébé mon ami.
moi aimer chat ami,J'aime le chat mon ami.
moi attendre ami bebe,J'attends mon ami le bébé.
moi manger ami bebe chat,Je mange mon ami le bébé le chat.
tu aimer ami bebe,Tu aimes mon ami le bébé.
tu attendre ami bebe,Tu attends mon ami le bébé.
moi non attendre ami bebe,Je n'attends pas mon ami le bébé.
moi aimer ami bebe bientot,J'aime mon ami le bébé bientôt.
moi aimer ami chat bientot,J'aime mon ami le chat bientôt.
moi aimer bebe chat bientot,J'aime le bébé le chat bientôt.
moi attendre ami bebe bientot,J'attends mon ami le bébé bientôt.
moi attendre ami chat bien,J'attends mon ami le chat bien.
moi manger ami bebe bientot,Je mange mon ami le bébé bientôt.
tu aimer ami bebe bien,Tu aimes mon ami le bébé bien.
tu attendre ami chat bientot,Tu attends mon ami le chat bientôt.
nous aimer ami bebe bientot,Nous aimons mon ami le bébé bientôt.
moi aimer ami bebe avec tu,J'aime mon ami le bébé avec toi.
moi aimer ami chat avec ami,J'aime mon ami le chat avec mon ami.
moi attendre ami bebe avec tu,J'attends mon ami le bébé avec toi.
moi manger ami bebe avec ami,Je mange mon ami le bébé avec mon ami.
moi non aimer ami bebe bientot,Je n'aime pas mon ami le bébé bientôt.
moi non attendre ami chat bientot,Je n'attends pas mon ami le chat bientôt.
aujourd hui moi aimer ami bebe,Aujourd'hui j'aime mon ami le bébé.
aujourd hui moi attendre ami chat,Aujourd'hui j'attends mon ami le chat.
comment moi aimer ami bebe,Comment j'aime mon ami le bébé ?
bonjour moi aimer ami bebe bientot,Bonjour j'aime mon ami le bébé bientôt !
moi manger bon bientot,Je mange bien bientôt.
moi boire bon bientot,Je bois bien bientôt.
moi aller bon bientot,Je pars bien bientôt.
moi apprendre bon bientot,J'apprends bien bientôt.
tu manger bon bientot,Tu manges bien bientôt.
nous aller bon bientot,Nous partons bien bientôt.
moi manger bien bon,Je mange bien bien.
moi aller bien bon,Je pars bien bien.
moi manger bon ici,Je mange bien ici.
moi aller bon ici,Je pars bien ici.
moi apprendre bon bientot ici,J'apprends bien bientôt ici.
moi manger avec ami bon bientot,Je mange avec mon ami bien bientôt.
moi aller avec tu bon bientot,Je pars avec toi bien bientôt.
moi apprendre avec ami bon ici,J'apprends avec mon ami bien ici.
moi aimer ami bon bientot,J'aime mon ami bien bientôt.
moi attendre ami bon ici,J'attends mon ami bien ici.
moi vouloir manger bon bientot,Je veux manger bien bientôt.
moi vouloir aller bon ici,Je veux aller bien ici.
tu vouloir apprendre bon bientot,Tu veux apprendre bien bientôt.
moi vouloir manger bon bientot ici,Je veux manger bien bientôt ici.
moi vouloir apprendre bon bientot ici,Je veux apprendre bien bientôt ici.
moi vouloir aller bon bientot ici,Je veux aller bien bientôt ici.
tu vouloir manger bon bientot ici,Tu veux manger bien bientôt ici.
nous vouloir aller bon bientot ici,Nous voulons aller bien bientôt ici.
moi manger avec ami bon bientot ici,Je mange avec mon ami bien bientôt ici.
moi aller avec tu bon bientot ici,Je pars avec toi bien bientôt ici.
moi aimer ami bon bientot ici,J'aime mon ami bien bientôt ici.
moi attendre ami bon bientot ici,J'attends mon ami bien bientôt ici.
moi donner aide ami bon bientot ici,Je donne de l'aide à mon ami bien bientôt ici.
aujourd hui moi manger avec ami bon bientot ici,Aujourd'hui je mange avec mon ami bien bientôt ici.
aujourd hui moi vouloir aller bon bientot ici,Aujourd'hui je veux aller bien bientôt ici.
bonjour moi manger avec ami bon bientot ici,Bonjour je mange avec mon ami bien bientôt ici !
bonjour moi vouloir aller bon bientot ici,Bonjour je veux aller bien bientôt ici !
merci moi apprendre avec ami bon bientot,Merci j'apprends avec mon ami bien bientôt !
comment moi vouloir manger avec ami bon bientot,Comment je veux manger avec mon ami bien bientôt ?
moi non manger bon bientot,Je ne mange pas bien bientôt.
moi non aller bon ici,Je ne pars pas bien ici.
moi non apprendre bon bientot ici,Je n'apprends pas bien bientôt ici.
tu non manger bon bientot,Tu ne manges pas bien bientôt.
nous non aller bon ici,Nous ne partons pas bien ici.
moi non manger avec ami bon bientot,Je ne mange pas avec mon ami bien bientôt.
moi non aller avec tu bon bientot,Je ne pars pas avec toi bien bientôt.
moi non aimer ami bon bientot,Je n'aime pas mon ami bien bientôt.
moi non attendre ami bon ici,Je n'attends pas mon ami bien ici.
moi non vouloir manger bon bientot,Je ne veux pas manger bien bientôt.
moi non vouloir aller bon ici,Je ne veux pas aller bien ici.
aujourd hui moi non manger bon bientot,Aujourd'hui je ne mange pas bien bientôt.
aujourd hui moi non aller bon ici,Aujourd'hui je ne pars pas bien ici.
bonjour moi non manger bon bientot,Bonjour je ne mange pas bien bientôt !
merci moi non aller bon ici,Merci je ne pars pas bien ici !
aujourd hui bonjour moi manger,Aujourd'hui je mange.
aujourd hui bonjour moi aller,Aujourd'hui je pars.
aujourd hui bonjour moi apprendre,Aujourd'hui j'apprends.
aujourd hui bonjour moi vouloir,Aujourd'hui je veux.
aujourd hui bonjour tu manger,Aujourd'hui tu manges.
aujourd hui bonjour nous aller,Aujourd'hui nous partons.
aujourd hui merci moi manger,Aujourd'hui je mange.
aujourd hui merci moi apprendre,Aujourd'hui j'apprends.
aujourd hui au revoir moi aller,Aujourd'hui je pars.
aujourd hui au revoir ami aller,Aujourd'hui mon ami part.
aujourd hui comment moi manger,Aujourd'hui Comment je mange ?
aujourd hui comment moi aller,Aujourd'hui Comment je pars ?
aujourd hui comment tu apprendre,Aujourd'hui Comment tu apprends ?
aujourd hui bonjour moi manger avec ami,Aujourd'hui je mange avec mon ami.
aujourd hui bonjour moi apprendre avec tu,Aujourd'hui j'apprends avec toi.
aujourd hui merci moi aller avec ami bientot,Aujourd'hui je pars avec mon ami bientôt.
bebe apprendre bon,Le bébé apprend bien.
chat apprendre bon,Le chat apprend bien.
tu comprendre bon,Tu comprends bien.
nous comprendre bon,Nous comprenons bien.
ami comprendre bon,Mon ami comprend bien.
moi changer bon,Je change bien.
tu changer bon,Tu changes bien.
nous changer bon,Nous changeons bien.
ami changer bon,Mon ami change bien.
bebe aller bon,Le bébé part bien.
chat aller bon,Le chat part bien.
nous boire bon,Nous buvons bien.
ami boire bon,Mon ami boit bien.
tu apprendre bon ici,Tu apprends bien ici.
moi manger amour ici,Je mange de l'amour ici.
moi manger aide ici,Je mange de l'aide ici.
tu manger amour ici,Tu manges de l'amour ici.
nous manger aide ici,Nous mangeons de l'aide ici.
moi boire amour ici,Je bois de l'amour ici.
moi comprendre amour ici,Je comprends de l'amour ici.
moi attendre amour ici,J'attends de l'amour ici.
moi manger amour avec ami ici,Je mange de l'amour avec mon ami ici.
moi aimer amour avec tu ici,J'aime de l'amour avec toi ici.
moi comprendre amour avec ami ici,Je comprends de l'amour avec mon ami ici.
moi non manger amour ici,Je ne mange pas d'amour ici.
moi non aimer aide ici,Je n'aime pas d'aide ici.
moi vouloir manger amour ici,Je veux de l'amour ici.
moi vouloir aimer amour ici,Je veux de l'amour ici.
aujourd hui moi manger amour ici,Aujourd'hui je mange de l'amour ici.
bonjour moi aimer amour ici,Bonjour j'aime de l'amour ici !
comment moi manger amour ici,Comment je mange de l'amour ici ?
moi manger aide bientot avec ami,Je mange de l'aide avec mon ami bientôt.
moi manger amour bien avec tu,Je mange de l'amour avec toi bien.
moi aimer amour bientot avec ami,J'aime de l'amour avec mon ami bientôt.
moi aimer aide bien avec tu,J'aime de l'aide avec toi bien.
moi comprendre amour bientot avec ami,Je comprends de l'amour avec mon ami bientôt.
moi attendre amour bien avec tu,J'attends de l'amour avec toi bien.
tu manger amour bientot avec moi,Tu manges de l'amour avec moi bientôt.
nous manger aide bientot avec ami,Nous mangeons de l'aide avec mon ami bientôt.
ami manger amour bien avec moi,Mon ami mange de l'amour avec moi bien.
moi non manger aide bientot avec ami,Je ne mange pas d'aide avec mon ami bientôt.
moi non aimer amour bien avec tu,Je n'aime pas d'amour avec toi bien.
aujourd hui moi manger amour bientot avec ami,Aujourd'hui je mange de l'amour avec mon ami bientôt.
aujourd hui moi aimer aide bien avec tu,Aujourd'hui j'aime de l'aide avec toi bien.
bonjour moi manger amour bientot avec ami,Bonjour je mange de l'amour avec mon ami bientôt !
merci moi aimer aide bientot avec tu,Merci j'aime de l'aide avec toi bientôt !
bebe manger aide,Le bébé mange de l'aide.
bebe comprendre aide,Le bébé comprend de l'aide.
bebe apprendre amour,Le bébé apprend de l'amour.
bebe donner aide,Le bébé donne de l'aide.
bebe attendre amour,Le bébé attend de l'amour.
bebe changer aide,Le bébé change de l'aide.
chat manger aide,Le chat mange de l'aide.
chat comprendre aide,Le chat comprend de l'aide.
chat apprendre amour,Le chat apprend de l'amour.
chat donner amour,Le chat donne de l'amour.
chat attendre aide,Le chat attend de l'aide.
chat changer aide,Le chat change de l'aide.
bebe non manger aide,Le bébé ne mange pas d'aide.
chat non comprendre aide,Le chat ne comprend pas d'aide.
bebe manger aide bientot,Le bébé mange de l'aide bientôt.
bebe aimer amour bien,Le bébé aime de l'amour bien.
bebe aimer chat ici,Le bébé aime le chat ici.
bebe manger avec moi bien,Le bébé mange avec moi bien.
chat aimer amour bien,Le chat aime de l'amour bien.
bonjour bebe aimer chat,Bonjour le bébé aime le chat !
bonjour chat aimer bebe,Bonjour le chat aime le bébé !
au revoir bebe,Au revoir le bébé !
au revoir chat,Au revoir le chat !
ami manger aide,Mon ami mange de l'aide.
ami apprendre amour,Mon ami apprend de l'amour.
ami attendre amour,Mon ami attend de l'amour.
ami manger aide bientot,Mon ami mange de l'aide bientôt.
ami apprendre aide bon,Mon ami apprend de l'aide bien.
ami non manger aide,Mon ami ne mange pas d'aide.
aujourd hui ami manger aide,Aujourd'hui mon ami mange de l'aide.
bonjour ami manger aide,Bonjour mon ami mange de l'aide !
merci ami aimer amour,Merci mon ami aime de l'amour !
ami non donner aide bebe,Mon ami ne donne pas d'aide au bébé.
tu aimer chat ici,Tu aimes le chat ici.
aujourd hui tu manger aide,Aujourd'hui tu manges de l'aide.
aujourd hui tu non manger aide,Aujourd'hui tu ne manges pas d'aide.
aujourd hui nous aimer amour,Aujourd'hui nous aimons de l'amour.
aujourd hui nous non manger aide,Aujourd'hui nous ne mangeons pas d'aide.
bonjour tu manger aide,Bonjour tu manges de l'aide !
bonjour nous manger aide,Bonjour nous mangeons de l'aide !
comment tu manger aide,Comment tu manges de l'aide ?
comment nous manger aide,Comment nous mangeons de l'aide ?
merci tu aimer amour,Merci tu aimes de l'amour !
merci nous aimer amour,Merci nous aimons de l'amour !
tu manger aide bientot,Tu manges de l'aide bientôt.
moi attendre aide ici,J'attends de l'aide ici.
moi manger aide avec bebe,Je mange de l'aide avec le bébé.
moi aimer amour avec chat,J'aime de l'amour avec le chat.
moi boire aide avec bebe,Je bois de l'aide avec le bébé.
tu comprendre aide bien,Tu comprends de l'aide bien.
tu attendre amour ici,Tu attends de l'amour ici.
tu changer aide bientot,Tu changes de l'aide bientôt.
nous comprendre aide bien,Nous comprenons de l'aide bien.
nous attendre amour ici,Nous attendons de l'amour ici.
nous changer aide bientot,Nous changeons de l'aide bientôt.
tu non changer aide,Tu ne changes pas d'aide.
nous non attendre amour,Nous n'attendons pas d'amour.
ami comprendre amour bien,Mon ami comprend de l'amour bien.
nous vouloir boire ici,Nous voulons boire ici.
chat vouloir boire ici,Le chat veut boire ici.
moi manger bientot avec bebe,Je mange avec le bébé bientôt.
tu boire bien avec chat,Tu bois avec le chat bien.
nous apprendre ici avec bebe,Nous apprenons avec le bébé ici.
ami aimer bientot avec moi,Mon ami aime avec moi bientôt.
moi apprendre aujourd hui avec ami,Aujourd'hui j'apprends avec mon ami.
tu boire aujourd hui avec ami,Aujourd'hui tu bois avec mon ami.
nous manger aujourd hui avec ami,Aujourd'hui nous mangeons avec mon ami.
ami apprendre aujourd hui avec moi,Aujourd'hui mon ami apprend avec moi.
moi manger aide aujourd hui,Aujourd'hui je mange de l'aide.
tu aimer amour aujourd hui,Aujourd'hui tu aimes de l'amour.
nous comprendre aide aujourd hui,Aujourd'hui nous comprenons de l'aide.
ami manger aide aujourd hui,Aujourd'hui mon ami mange de l'aide.
bebe manger aide aujourd hui,Aujourd'hui le bébé mange de l'aide.
chat aimer amour aujourd hui,Aujourd'hui le chat aime de l'amour.
moi non manger aide aujourd hui,Aujourd'hui je ne mange pas d'aide.
tu non aimer amour aujourd hui,Aujourd'hui tu n'aimes pas d'amour.
nous non comprendre aide aujourd hui,Aujourd'hui nous ne comprenons pas d'aide.
bonjour nous apprendre aide,Bonjour nous apprenons de l'aide !
au revoir tu,Au revoir toi !
au revoir nous,Au revoir nous !
moi manger aide bientot avec bebe,Je mange de l'aide avec le bébé bientôt.
tu aimer amour bien avec chat,Tu aimes de l'amour avec le chat bien.
nous boire aide ici avec bebe,Nous buvons de l'aide avec le bébé ici.
ami manger amour bientot avec moi,Mon ami mange de l'amour avec moi bientôt.
bebe manger aide bien avec ami,Le bébé mange de l'aide avec mon ami bien.
chat aimer amour ici avec ami,Le chat aime de l'amour avec mon ami ici.
tu non aimer amour bien avec ami,Tu n'aimes pas d'amour avec mon ami bien.
nous non boire aide ici avec ami,Nous ne buvons pas d'aide avec mon ami ici.
ami non manger amour bientot avec moi,Mon ami ne mange pas d'amour avec moi bientôt.
aujourd hui moi manger aide bientot avec ami,Aujourd'hui je mange de l'aide avec mon ami bientôt.
aujourd hui tu aimer amour bien avec ami,Aujourd'hui tu aimes de l'amour avec mon ami bien.
bonjour moi manger aide bientot avec ami,Bonjour je mange de l'aide avec mon ami bientôt !
bonjour tu aimer amour bien avec ami,Bonjour tu aimes de l'amour avec mon ami bien !
comment moi manger aide avec ami,Comment je mange de l'aide avec mon ami ?
comment tu aimer amour avec ami,Comment tu aimes de l'amour avec mon ami ?
moi vouloir manger aide avec ami,Je veux de l'aide avec mon ami.
tu vouloir boire amour avec ami,Tu veux de l'amour avec mon ami.
nous vouloir manger aide avec ami,Nous voulons de l'aide avec mon ami.
ami vouloir aimer amour avec moi,Mon ami veut de l'amour avec moi.
moi manger aide avec bebe bientot,Je mange de l'aide avec le bébé bientôt.
tu aimer amour avec chat bien,Tu aimes de l'amour avec le chat bien.
nous boire aide avec bebe ici,Nous buvons de l'aide avec le bébé ici.
ami manger amour avec tu bientot,Mon ami mange de l'amour avec toi bientôt.
bebe manger aide avec moi bien,Le bébé mange de l'aide avec moi bien.
chat aimer amour avec tu ici,Le chat aime de l'amour avec toi ici.
moi manger aide avec bebe bientot ici,Je mange de l'aide avec le bébé bientôt ici.
moi non manger aide avec bebe,Je ne mange pas d'aide avec le bébé.
tu non aimer amour avec chat,Tu n'aimes pas d'amour avec le chat.
nous non boire aide avec bebe,Nous ne buvons pas d'aide avec le bébé.
ami non manger amour avec moi,Mon ami ne mange pas d'amour avec moi.
bebe non manger aide avec ami,Le bébé ne mange pas d'aide avec mon ami.
chat non aimer amour avec ami,Le chat n'aime pas d'amour avec mon ami.
aujourd hui bebe manger aide avec ami,Aujourd'hui le bébé mange de l'aide avec mon ami.
aujourd hui chat aimer amour avec ami,Aujourd'hui le chat aime de l'amour avec mon ami.
bonjour bebe manger aide,Bonjour le bébé mange de l'aide !
bonjour chat aimer amour,Bonjour le chat aime de l'amour !
comment bebe manger aide,Comment le bébé mange de l'aide ?
comment chat aimer amour,Comment le chat aime de l'amour ?
merci bebe manger aide,Merci le bébé mange de l'aide !
moi changer aide bientot,Je change de l'aide bientôt.
tu changer amour bien,Tu changes de l'amour bien.
nous changer aide ici,Nous changeons de l'aide ici.
ami changer amour bon,Mon ami change de l'amour bien.
bebe changer aide bientot,Le bébé change de l'aide bientôt.
chat changer amour bien,Le chat change de l'amour bien.
moi non changer aide,Je ne change pas d'aide.
tu non changer amour,Tu ne changes pas d'amour.
nous non changer aide,Nous ne changeons pas d'aide.
moi attendre aide bientot,J'attends de l'aide bientôt.
tu attendre amour bien,Tu attends de l'amour bien.
nous attendre aide ici,Nous attendons de l'aide ici.
ami attendre amour bon,Mon ami attend de l'amour bien.
bebe attendre aide bientot,Le bébé attend de l'aide bientôt.
chat attendre amour bien,Le chat attend de l'amour bien.
moi non attendre aide,Je n'attends pas d'aide.
tu non attendre amour,Tu n'attends pas d'amour.
nous non attendre aide,Nous n'attendons pas d'aide.
bonjour moi changer aide,Bonjour je change de l'aide !
bonjour tu attendre amour,Bonjour tu attends de l'amour !
merci moi changer aide,Merci je change de l'aide !
merci ami attendre amour,Merci mon ami attend de l'amour !
moi changer aide avec ami,Je change de l'aide avec mon ami.
tu attendre amour avec ami,Tu attends de l'amour avec mon ami.
nous changer aide avec ami,Nous changeons de l'aide avec mon ami.
tu aller avec ami bien,Tu pars avec mon ami bien.
bonjour nous aller ici,Bonjour nous partons ici !
moi comprendre avec ami bientot,Je comprends avec mon ami bientôt.
nous comprendre avec ami ici,Nous comprenons avec mon ami ici.
ami apprendre avec moi bientot,Mon ami apprend avec moi bientôt.
aujourd hui moi apprendre aide,Aujourd'hui j'apprends de l'aide.
aujourd hui tu comprendre amour,Aujourd'hui tu comprends de l'amour.
aujourd hui nous apprendre aide,Aujourd'hui nous apprenons de l'aide.
aujourd hui ami comprendre amour,Aujourd'hui mon ami comprend de l'amour.
bonjour moi comprendre aide,Bonjour je comprends de l'aide !
bonjour tu apprendre amour,Bonjour tu apprends de l'amour !
merci moi comprendre aide,Merci je comprends de l'aide !
merci ami apprendre amour,Merci mon ami apprend de l'amour !
tu aller bien avec ami,Tu pars avec mon ami bien.
nous non aller avec ami,Nous ne partons pas avec mon ami.
aujourd hui tu aller avec ami,Aujourd'hui tu pars avec mon ami.
aujourd hui ami aller avec moi,Aujourd'hui mon ami part avec moi.
bonjour tu aller avec ami,Bonjour tu pars avec mon ami !
comment ami aller avec moi,Comment mon ami part avec moi ?
moi amour tu,Je t'aime.
tu amour moi,Tu m'aimes.
moi amour ami,J'aime mon ami.
ami amour moi,Mon ami m'aime.
moi amour bebe,J'aime le bébé.
bebe amour moi,Le bébé m'aime.
moi amour chat,J'aime le chat.
chat amour moi,Le chat m'aime.
nous amour,Nous aimons.
tu amour ami,Tu aimes mon ami.
tu amour bebe,Tu aimes le bébé.
tu amour chat,Tu aimes le chat.
nous amour tu,Nous t'aimons.
nous amour ami,Nous aimons mon ami.
nous amour moi,Nous m'aimons.
ami amour tu,Mon ami t'aime.
bebe amour tu,Le bébé t'aime.
chat amour tu,Le chat t'aime.
moi non amour tu,Je ne t'aime pas.
tu non amour moi,Tu ne m'aimes pas.
nous non amour,Nous n'aimons pas.
moi amour tu bien,Je t'aime bien.
moi amour tu bientot,Je t'aime bientôt.
aujourd hui moi amour tu,Aujourd'hui je t'aime.
bonjour moi amour tu,Bonjour je t'aime !
comment tu amour moi,Comment tu m'aimes ?
moi boire nous,Je bois nous.
moi aller aide,Je pars de l'aide.
moi aller amour,Je pars de l'amour.
moi aller bebe,Je pars le bébé.
moi aller chat,Je pars le chat.
moi changer nous,Je change nous.
moi donner nous,Je donne nous.
tu boire nous,Tu bois nous.
tu aller aide,Tu pars de l'aide.
tu aller amour,Tu pars de l'amour.
tu aller bebe,Tu pars le bébé.
tu aller chat,Tu pars le chat.
tu changer nous,Tu changes nous.
tu donner nous,Tu donnes nous.
nous aller aide,Nous partons de l'aide.
nous aller amour,Nous partons de l'amour.
nous aller bebe,Nous partons le bébé.
nous aller chat,Nous partons le chat.
ami boire nous,Mon ami boit nous.
ami aller aide,Mon ami part de l'aide.
ami aller amour,Mon ami part de l'amour.
ami aller bebe,Mon ami part le bébé.
ami aller chat,Mon ami part le chat.
ami changer nous,Mon ami change nous.
ami donner nous,Mon ami donne nous.
bebe boire nous,Le bébé boit nous.
bebe aller aide,Le bébé part de l'aide.
bebe aller amour,Le bébé part de l'amour.
bebe aller chat,Le bébé part le chat.
bebe changer nous,Le bébé change nous.
bebe donner nous,Le bébé donne nous.
chat boire nous,Le chat boit nous.
chat aller aide,Le chat part de l'aide.
chat aller amour,Le chat part de l'amour.
chat aller bebe,Le chat part le bébé.
chat changer nous,Le chat change nous.
chat donner nous,Le chat donne nous.
moi non boire nous,Je ne bois pas nous.
moi non aller aide,Je ne pars pas d'aide.
moi non aller amour,Je ne pars pas d'amour.
moi non aller bebe,Je ne pars pas le bébé.
moi non aller chat,Je ne pars pas le chat.
moi non changer nous,Je ne change pas nous.
moi non donner nous,Je ne donne pas nous.
tu non boire nous,Tu ne bois pas nous.
tu non aller aide,Tu ne pars pas d'aide.
tu non aller amour,Tu ne pars pas d'amour.
tu non aller bebe,Tu ne pars pas le bébé.
tu non aller chat,Tu ne pars pas le chat.
tu non changer nous,Tu ne changes pas nous.
tu non donner nous,Tu ne donnes pas nous.
nous non aller aide,Nous ne partons pas d'aide.
nous non aller amour,Nous ne partons pas d'amour.
nous non aller bebe,Nous ne partons pas le bébé.
nous non aller chat,Nous ne partons pas le chat.
ami non boire nous,Mon ami ne boit pas nous.
ami non aller aide,Mon ami ne part pas d'aide.
ami non aller amour,Mon ami ne part pas d'amour.
ami non aller bebe,Mon ami ne part pas le bébé.
ami non aller chat,Mon ami ne part pas le chat.
ami non changer nous,Mon ami ne change pas nous.
ami non donner nous,Mon ami ne donne pas nous.
bebe non boire nous,Le bébé ne boit pas nous.
bebe non aller aide,Le bébé ne part pas d'aide.
bebe non aller amour,Le bébé ne part pas d'amour.
bebe non aller chat,Le bébé ne part pas le chat.
bebe non changer nous,Le bébé ne change pas nous.
bebe non donner nous,Le bébé ne donne pas nous.
chat non boire nous,Le chat ne boit pas nous.
chat non aller aide,Le chat ne part pas d'aide.
chat non aller amour,Le chat ne part pas d'amour.
chat non aller bebe,Le chat ne part pas le bébé.
chat non changer nous,Le chat ne change pas nous.
chat non donner nous,Le chat ne donne pas nous.
bonjour ici,Bonjour ici !
au revoir bien,Au revoir bien !
au revoir ici,Au revoir ici !
merci ici,Merci ici !
oui bebe,Oui le bébé !
non bebe,Non le bébé !
oui chat,Oui le chat !
non chat,Non le chat !
oui manger,Oui je mange !
oui boire,Oui je bois !
oui aller,Oui je pars !
oui apprendre,Oui j'apprends !
oui comprendre,Oui je comprends !
oui changer,Oui je change !
oui aimer,Oui j'aime !
oui vouloir,Oui je veux !
oui donner,Oui je donne !
oui attendre,Oui j'attends !
bon moi manger,Je mange bien.
bon tu manger,Tu manges bien.
bien nous vouloir,Nous voulons bien.
bon nous manger,Nous mangeons bien.
bien nous comprendre,Nous comprenons bien.
bon ami manger,Mon ami mange bien.
bien bebe vouloir,Le bébé veut bien.
bon bebe manger,Le bébé mange bien.
bien bebe comprendre,Le bébé comprend bien.
bien chat vouloir,Le chat veut bien.
bon chat manger,Le chat mange bien.
bien chat comprendre,Le chat comprend bien.
moi aller manger,Je pars.
moi aller boire,Je pars.
moi aller apprendre,Je pars.
moi aller comprendre,Je pars.
moi aller changer,Je pars.
moi aller aimer,Je pars.
moi aller vouloir,Je pars.
moi aller donner,Je pars.
moi aller attendre,Je pars.
tu aller manger,Tu pars.
tu aller boire,Tu pars.
tu aller apprendre,Tu pars.
tu aller comprendre,Tu pars.
tu aller changer,Tu pars.
tu aller aimer,Tu pars.
tu aller vouloir,Tu pars.
tu aller donner,Tu pars.
tu aller attendre,Tu pars.
nous aller manger,Nous partons.
nous aller boire,Nous partons.
nous aller apprendre,Nous partons.
nous aller comprendre,Nous partons.
nous aller changer,Nous partons.
nous aller aimer,Nous partons.
nous aller vouloir,Nous partons.
nous aller donner,Nous partons.
nous aller attendre,Nous partons.
ami aller manger,Mon ami part.
ami aller boire,Mon ami part.
ami aller apprendre,Mon ami part.
ami aller comprendre,Mon ami part.
ami aller changer,Mon ami part.
ami aller aimer,Mon ami part.
ami aller vouloir,Mon ami part.
ami aller donner,Mon ami part.
ami aller attendre,Mon ami part.
bebe aller manger,Le bébé part.
bebe aller boire,Le bébé part.
bebe aller apprendre,Le bébé part.
bebe aller comprendre,Le bébé part.
bebe aller changer,Le bébé part.
bebe aller aimer,Le bébé part.
bebe aller vouloir,Le bébé part.
bebe aller donner,Le bébé part.
bebe aller attendre,Le bébé part.
chat aller manger,Le chat part.
chat aller boire,Le chat part.
chat aller apprendre,Le chat part.
chat aller comprendre,Le chat part.
chat aller changer,Le chat part.
chat aller aimer,Le chat part.
chat aller vouloir,Le chat part.
chat aller donner,Le chat part.
chat aller attendre,Le chat part.
moi aller manger aide,Je pars de l'aide.
moi aller manger ami,Je pars mon ami.
moi aller manger amour,Je pars de l'amour.
moi aller manger bebe,Je pars le bébé.
moi aller boire aide,Je pars de l'aide.
moi aller boire ami,Je pars mon ami.
moi aller boire amour,Je pars de l'amour.
moi aller boire bebe,Je pars le bébé.
moi aller apprendre aide,Je pars de l'aide.
moi aller apprendre ami,Je pars mon ami.
moi aller apprendre amour,Je pars de l'amour.
moi aller apprendre bebe,Je pars le bébé.
moi aller donner aide,Je pars de l'aide.
moi aller donner ami,Je pars mon ami.
moi aller donner amour,Je pars de l'amour.
moi aller donner bebe,Je pars le bébé.
moi aller comprendre aide,Je pars de l'aide.
moi aller comprendre ami,Je pars mon ami.
moi aller comprendre amour,Je pars de l'amour.
moi aller comprendre bebe,Je pars le bébé.
tu aller manger aide,Tu pars de l'aide.
tu aller manger ami,Tu pars mon ami.
tu aller manger amour,Tu pars de l'amour.
tu aller manger bebe,Tu pars le bébé.
tu aller boire aide,Tu pars de l'aide.
tu aller boire ami,Tu pars mon ami.
tu aller boire amour,Tu pars de l'amour.
tu aller boire bebe,Tu pars le bébé.
tu aller apprendre aide,Tu pars de l'aide.
tu aller apprendre ami,Tu pars mon ami.
tu aller apprendre amour,Tu pars de l'amour.
tu aller apprendre bebe,Tu pars le bébé.
tu aller donner aide,Tu pars de l'aide.
tu aller donner ami,Tu pars mon ami.
tu aller donner amour,Tu pars de l'amour.
tu aller donner bebe,Tu pars le bébé.
tu aller comprendre aide,Tu pars de l'aide.
tu aller comprendre ami,Tu pars mon ami.
tu aller comprendre amour,Tu pars de l'amour.
tu aller comprendre bebe,Tu pars le bébé.
nous aller manger aide,Nous partons de l'aide.
nous aller manger ami,Nous partons mon ami.
nous aller manger amour,Nous partons de l'amour.
nous aller manger bebe,Nous partons le bébé.
nous aller boire aide,Nous partons de l'aide.
nous aller boire ami,Nous partons mon ami.
nous aller boire amour,Nous partons de l'amour.
nous aller boire bebe,Nous partons le bébé.
nous aller apprendre aide,Nous partons de l'aide.
nous aller apprendre ami,Nous partons mon ami.
nous aller apprendre amour,Nous partons de l'amour.
nous aller apprendre bebe,Nous partons le bébé.
nous aller donner aide,Nous partons de l'aide.
nous aller donner ami,Nous partons mon ami.
nous aller donner amour,Nous partons de l'amour.
nous aller donner bebe,Nous partons le bébé.
nous aller comprendre aide,Nous partons de l'aide.
nous aller comprendre ami,Nous partons mon ami.
nous aller comprendre amour,Nous partons de l'amour.
nous aller comprendre bebe,Nous partons le bébé.
bientot tu manger,Tu manges bientôt.
bientot tu boire,Tu bois bientôt.
bientot tu aller,Tu pars bientôt.
bientot tu apprendre,Tu apprends bientôt.
bientot tu comprendre,Tu comprends bientôt.
bientot tu changer,Tu changes bientôt.
bientot tu aimer,Tu aimes bientôt.
bientot tu vouloir,Tu veux bientôt.
bientot tu donner,Tu donnes bientôt.
bientot tu attendre,Tu attends bientôt.
bientot nous manger,Nous mangeons bientôt.
bientot nous boire,Nous buvons bientôt.
bientot nous aller,Nous partons bientôt.
bientot nous apprendre,Nous apprenons bientôt.
bientot nous comprendre,Nous comprenons bientôt.
bientot nous changer,Nous changeons bientôt.
bientot nous aimer,Nous aimons bientôt.
bientot nous vouloir,Nous voulons bientôt.
bientot nous donner,Nous donnons bientôt.
bientot nous attendre,Nous attendons bientôt.
bientot ami manger,Mon ami mange bientôt.
bientot ami boire,Mon ami boit bientôt.
bientot ami aller,Mon ami part bientôt.
bientot ami apprendre,Mon ami apprend bientôt.
bientot ami comprendre,Mon ami comprend bientôt.
bientot ami changer,Mon ami change bientôt.
bientot ami aimer,Mon ami aime bientôt.
bientot ami vouloir,Mon ami veut bientôt.
bientot ami donner,Mon ami donne bientôt.
bientot ami attendre,Mon ami attend bientôt.
bientot bebe manger,Le bébé mange bientôt.
bientot bebe boire,Le bébé boit bientôt.
bientot bebe aller,Le bébé part bientôt.
bientot bebe apprendre,Le bébé apprend bientôt.
bientot bebe comprendre,Le bébé comprend bientôt.
bientot bebe changer,Le bébé change bientôt.
bientot bebe aimer,Le bébé aime bientôt.
bientot bebe vouloir,Le bébé veut bientôt.
bientot bebe donner,Le bébé donne bientôt.
bientot bebe attendre,Le bébé attend bientôt.
bientot chat manger,Le chat mange bientôt.
bientot chat boire,Le chat boit bientôt.
bientot chat aller,Le chat part bientôt.
bientot chat apprendre,Le chat apprend bientôt.
bientot chat comprendre,Le chat comprend bientôt.
bientot chat changer,Le chat change bientôt.
bientot chat aimer,Le chat aime bientôt.
bientot chat vouloir,Le chat veut bientôt.
bientot chat donner,Le chat donne bientôt.
bientot chat attendre,Le chat attend bientôt.
ici tu manger,Tu manges ici.
ici tu boire,Tu bois ici.
ici tu aller,Tu pars ici.
ici tu apprendre,Tu apprends ici.
ici tu comprendre,Tu comprends ici.
ici tu changer,Tu changes ici.
ici tu aimer,Tu aimes ici.
ici tu vouloir,Tu veux ici.
ici tu donner,Tu donnes ici.
ici tu attendre,Tu attends ici.
ici nous manger,Nous mangeons ici.
ici nous boire,Nous buvons ici.
ici nous aller,Nous partons ici.
ici nous apprendre,Nous apprenons ici.
ici nous comprendre,Nous comprenons ici.
ici nous changer,Nous changeons ici.
ici nous aimer,Nous aimons ici.
ici nous vouloir,Nous voulons ici.
ici nous donner,Nous donnons ici.
ici nous attendre,Nous attendons ici.
ici ami manger,Mon ami mange ici.
ici ami boire,Mon ami boit ici.
ici ami aller,Mon ami part ici.
ici ami apprendre,Mon ami apprend ici.
ici ami comprendre,Mon ami comprend ici.
ici ami changer,Mon ami change ici.
ici ami aimer,Mon ami aime ici.
ici ami vouloir,Mon ami veut ici.
ici ami donner,Mon ami donne ici.
ici ami attendre,Mon ami attend ici.
ici bebe manger,Le bébé mange ici.
ici bebe boire,Le bébé boit ici.
ici bebe aller,Le bébé part ici.
ici bebe apprendre,Le bébé apprend ici.
ici bebe comprendre,Le bébé comprend ici.
ici bebe changer,Le bébé change ici.
ici bebe aimer,Le bébé aime ici.
ici bebe vouloir,Le bébé veut ici.
ici bebe donner,Le bébé donne ici.
ici bebe attendre,Le bébé attend ici.
ici chat manger,Le chat mange ici.
ici chat boire,Le chat boit ici.
ici chat aller,Le chat part ici.
ici chat apprendre,Le chat apprend ici.
ici chat comprendre,Le chat comprend ici.
ici chat changer,Le chat change ici.
ici chat aimer,Le chat aime ici.
ici chat vouloir,Le chat veut ici.
ici chat donner,Le chat donne ici.
ici chat attendre,Le chat attend ici.
moi manger aide merci,Je mange de l'aide.
moi manger ami merci,Je mange mon ami.
moi boire aide merci,Je bois de l'aide.
moi boire ami merci,Je bois mon ami.
moi aller aide merci,Je pars de l'aide.
moi aller ami merci,Je pars mon ami.
moi apprendre aide merci,J'apprends de l'aide.
moi apprendre ami merci,J'apprends mon ami.
moi comprendre aide merci,Je comprends de l'aide.
moi comprendre ami merci,Je comprends mon ami.
moi changer aide merci,Je change de l'aide.
moi changer ami merci,Je change mon ami.
moi aimer aide merci,J'aime de l'aide.
moi aimer ami merci,J'aime mon ami.
moi vouloir aide merci,Je veux de l'aide.
moi vouloir ami merci,Je veux mon ami.
moi donner aide merci,Je donne de l'aide.
moi donner ami merci,Je donne mon ami.
moi attendre aide merci,J'attends de l'aide.
moi attendre ami merci,J'attends mon ami.
tu manger aide merci,Tu manges de l'aide.
tu manger ami merci,Tu manges mon ami.
tu boire aide merci,Tu bois de l'aide.
tu boire ami merci,Tu bois mon ami.
tu aller aide merci,Tu pars de l'aide.
tu aller ami merci,Tu pars mon ami.
tu apprendre aide merci,Tu apprends de l'aide.
tu apprendre ami merci,Tu apprends mon ami.
tu comprendre aide merci,Tu comprends de l'aide.
tu comprendre ami merci,Tu comprends mon ami.
tu changer aide merci,Tu changes de l'aide.
tu changer ami merci,Tu changes mon ami.
tu aimer aide merci,Tu aimes de l'aide.
tu aimer ami merci,Tu aimes mon ami.
tu vouloir aide merci,Tu veux de l'aide.
tu vouloir ami merci,Tu veux mon ami.
tu donner aide merci,Tu donnes de l'aide.
tu donner ami merci,Tu donnes mon ami.
tu attendre aide merci,Tu attends de l'aide.
tu attendre ami merci,Tu attends mon ami.
nous manger aide merci,Nous mangeons de l'aide.
nous manger ami merci,Nous mangeons mon ami.
nous boire aide merci,Nous buvons de l'aide.
nous boire ami merci,Nous buvons mon ami.
nous aller aide merci,Nous partons de l'aide.
nous aller ami merci,Nous partons mon ami.
nous apprendre aide merci,Nous apprenons de l'aide.
nous apprendre ami merci,Nous apprenons mon ami.
nous comprendre aide merci,Nous comprenons de l'aide.
nous comprendre ami merci,Nous comprenons mon ami.
nous changer aide merci,Nous changeons de l'aide.
nous changer ami merci,Nous changeons mon ami.
nous aimer aide merci,Nous aimons de l'aide.
nous aimer ami merci,Nous aimons mon ami.
nous vouloir aide merci,Nous voulons de l'aide.
nous vouloir ami merci,Nous voulons mon ami.
nous donner aide merci,Nous donnons de l'aide.
nous donner ami merci,Nous donnons mon ami.
nous attendre aide merci,Nous attendons de l'aide.
nous attendre ami merci,Nous attendons mon ami.
oui ici,Oui ici !
non bientot,Non bientôt !
bien bonjour,Bien bonjour.
bien au revoir,Bien au revoir.
bien oui,Bien.
bien non,Bien.
bientot bonjour,Bientôt bonjour.
bientot au revoir,Bientôt au revoir.
bientot merci,Bientôt merci.
bientot oui,Bientôt.
bientot non,Bientôt.
ici bonjour,Ici bonjour.
ici au revoir,Ici au revoir.
ici merci,Ici merci.
ici oui,Ici.
ici non,Ici.
